{
  "Cilindrada": "1600",
  "Estilo": "Sedán",
  "Combustible": "Gasolina",
  "Transmisión": "Automática/Dual",
  "Estado": "Muy Bueno",
  "Kilometraje": "178000",
  "Placa": "Termina en 7",
  "Color exterior": "NEGRO",
  "Color interior": "GRIS",
  "# de puertas": "4",
  "Ya pagó impuestos": "SI",
  "Precio negociable": "SI",
  "Se recibe vehículo": "NO",
  "Provincia": "San José",
  "Fecha de ingreso": "09 de Setiembre del 2020",
  "visto": "656",
  "img": "https://crautos.com/clasificados/usados/49392897-1.jpg",
  "url": "https://crautos.com/autosusados/cardetail.cfm?c=49392897&Honda.CIVIC.1997",
  "año": "1997",
  "precioCRC": "1700000",
  "marca": "HONDA",
  "modelo": "CIVIC"
}