{
  "Cilindrada": "1295",
  "Estilo": "Station Wagon",
  "Combustible": "Gasolina",
  "Transmisión": "Manual",
  "Estado": "Muy Bueno",
  "Kilometraje": "300000",
  "Placa": "Termina en 3",
  "Color exterior": "CAFE",
  "Color interior": "BEIS",
  "# de puertas": "4",
  "Ya pagó impuestos": "SI",
  "Precio negociable": "SI",
  "Se recibe vehículo": "NO",
  "Provincia": "Cartago",
  "Fecha de ingreso": "21 de Setiembre del 2020",
  "visto": "136",
  "detalles": "Todo esta excelente lo unico que tiene algunos detalles de pintura.",
  "img": "https://crautos.com/rimages/nopiclg.jpg",
  "url": "https://crautos.com/autosusados/cardetail.cfm?c=69467056&Toyota.COROLLA.1988",
  "año": "1988",
  "precioCRC": "950000",
  "marca": "TOYOTA",
  "modelo": "COROLLA"
}