{
  "Cilindrada": "1300",
  "Estilo": "Sedán",
  "Combustible": "Gasolina",
  "Transmisión": "Manual",
  "Estado": "Muy Bueno",
  "Kilometraje": "184711",
  "Placa": "Termina en 8",
  "Color exterior": "VERDE",
  "Color interior": "GRIS",
  "# de puertas": "2",
  "Ya pagó impuestos": "SI",
  "Precio negociable": "SI",
  "Se recibe vehículo": "NO",
  "Provincia": "San José",
  "Fecha de ingreso": "15 de Setiembre del 2020",
  "visto": "199",
  "detalles": "No incluye traslado. Porfavor contactar via whatsapp.",
  "img": "https://crautos.com/rimages/nopiclg.jpg",
  "url": "https://crautos.com/autosusados/cardetail.cfm?c=38357029&Ford.FESTIVA.1992",
  "año": "1992",
  "precioCRC": "1100000",
  "marca": "FORD",
  "modelo": "FESTIVA"
}