{
  "Cilindrada": "1400",
  "Estilo": "Hatchback",
  "Combustible": "Gasolina",
  "Transmisión": "Automática/Dual",
  "Estado": "Bueno",
  "Kilometraje": "300000",
  "Placa": "ND",
  "Color exterior": "NARANJA",
  "Color interior": "NEGRO",
  "# de puertas": "4",
  "Ya pagó impuestos": "SI",
  "Precio negociable": "NO",
  "Se recibe vehículo": "NO",
  "Provincia": "San José",
  "Fecha de ingreso": "10 de Agosto del 2020",
  "visto": "1481",
  "img": "https://crautos.com/rimages/nopiclg.jpg",
  "url": "https://crautos.com/autosusados/cardetail.cfm?c=64308981&Renault.CLIO.2003",
  "año": "2003",
  "precioCRC": "1000000",
  "marca": "RENAULT",
  "modelo": "CLIO"
}