{
  "Cilindrada": "2800",
  "Estilo": "Camión 1.0-3.5 ton.",
  "Combustible": "Diesel",
  "Transmisión": "Manual",
  "Estado": "Bueno",
  "Kilometraje": "1",
  "Placa": "Termina en 5",
  "Color exterior": "VERDE",
  "Color interior": "CAFÉ",
  "# de puertas": "2",
  "Ya pagó impuestos": "SI",
  "Precio negociable": "SI",
  "Se recibe vehículo": "NO",
  "Provincia": "San José",
  "Fecha de ingreso": "01 de Octubre del 2020",
  "visto": "13",
  "detalles": "Empaque de cabezote MALO - Se vende motor por aparte en cuatroscientos mil",
  "img": "https://crautos.com/rimages/nopiclg.jpg",
  "url": "https://crautos.com/autosusados/cardetail.cfm?c=94531531&Nissan.CLIPPER.1978",
  "año": "1978",
  "precioCRC": "1000000",
  "marca": "NISSAN",
  "modelo": "CLIPPER"
}