{
  "Cilindrada": "1500",
  "Estilo": "Sedán",
  "Combustible": "Gasolina",
  "Transmisión": "Manual",
  "Estado": "Bueno",
  "Kilometraje": "ND",
  "Placa": "Termina en 5",
  "Color exterior": "AZUL",
  "Color interior": "GRIS",
  "# de puertas": "2",
  "Ya pagó impuestos": "SI",
  "Precio negociable": "SI",
  "Se recibe vehículo": "NO",
  "Provincia": "Cartago",
  "Fecha de ingreso": "24 de Setiembre del 2020",
  "visto": "341",
  "detalles": "Detalles en pintura precio negociable",
  "img": "https://crautos.com/clasificados/usados/79724545-1.jpg",
  "url": "https://crautos.com/autosusados/cardetail.cfm?c=79724545&Hyundai.ACCENT%20.1999",
  "año": "1999",
  "precioCRC": "850000",
  "marca": "HYUNDAI",
  "modelo": "ACCENT"
}