{
  "Cilindrada": "1500",
  "Estilo": "Sedán",
  "Combustible": "Gasolina",
  "Transmisión": "Manual",
  "Estado": "Excelente",
  "Kilometraje": "142383",
  "Placa": "ND",
  "Color exterior": "VERDE MENTA",
  "Color interior": "GRIS OSCURO",
  "# de puertas": "4",
  "Ya pagó impuestos": "SI",
  "Precio negociable": "NO",
  "Se recibe vehículo": "NO",
  "Provincia": "Puntarenas",
  "Fecha de ingreso": "29 de Setiembre del 2020",
  "visto": "77",
  "detalles": "Único dueño en el país! Asientos con forros nuevos! NEGOCIABLE",
  "img": "https://crautos.com/clasificados/usados/26518675-1.jpg",
  "url": "https://crautos.com/autosusados/cardetail.cfm?c=26518675&Hyundai.ACCENT.2000",
  "año": "2000",
  "precioCRC": "1600000",
  "marca": "HYUNDAI",
  "modelo": "ACCENT"
}