{
  "Cilindrada": "1500",
  "Estilo": "Sedán",
  "Combustible": "Gasolina",
  "Transmisión": "Automática/Dual",
  "Estado": "Muy Bueno",
  "Kilometraje": "173000",
  "Placa": "Termina en 0",
  "Color exterior": "VINO",
  "Color interior": "GRIS",
  "# de puertas": "2",
  "Ya pagó impuestos": "SI",
  "Precio negociable": "SI",
  "Se recibe vehículo": "NO",
  "Provincia": "Alajuela",
  "Fecha de ingreso": "12 de Agosto del 2020",
  "visto": "590",
  "detalles": "RADIO USB MARCHAMO Y RTV AL DIA LLANTAS NUEVAS VIDRIOS OSCUROS AIRE ACONDICIONADO",
  "img": "https://crautos.com/rimages/nopiclg.jpg",
  "url": "https://crautos.com/autosusados/cardetail.cfm?c=44500154&Toyota.TERCEL.1994",
  "año": "1994",
  "precioCRC": "1400000",
  "marca": "TOYOTA",
  "modelo": "TERCEL"
}