{
  "Cilindrada": "1750",
  "Estilo": "Microbús/Minivan",
  "Combustible": "Gasolina",
  "Transmisión": "Manual",
  "Estado": "Muy Bueno",
  "Kilometraje": "ND",
  "Placa": "Termina en 7",
  "Color exterior": "ROJO",
  "Color interior": "BEIGE",
  "# de puertas": "5",
  "Ya pagó impuestos": "SI",
  "Precio negociable": "NO",
  "Se recibe vehículo": "NO",
  "Provincia": "Cartago",
  "Fecha de ingreso": "02 de Setiembre del 2020",
  "visto": "326",
  "img": "https://crautos.com/rimages/nopiclg.jpg",
  "url": "https://crautos.com/autosusados/cardetail.cfm?c=96239732&Nissan.VANETTE.1991",
  "año": "1991",
  "precioCRC": "1700000",
  "marca": "NISSAN",
  "modelo": "VANETTE"
}