{
  "Cilindrada": "1000",
  "Estilo": "Hatchback",
  "Combustible": "Gasolina",
  "Transmisión": "Manual",
  "Estado": "Muy Bueno",
  "Kilometraje": "ND",
  "Placa": "Termina en 1",
  "Color exterior": "AZUL MARINO",
  "Color interior": "GRIS",
  "# de puertas": "2",
  "Ya pagó impuestos": "SI",
  "Precio negociable": "SI",
  "Se recibe vehículo": "NO",
  "Provincia": "San José",
  "Fecha de ingreso": "20 de Agosto del 2020",
  "visto": "1822",
  "detalles": "Muy buen estado - todo al dia - Vealo y enamorese",
  "img": "https://crautos.com/clasificados/usados/99420618-1.jpg",
  "url": "https://crautos.com/autosusados/cardetail.cfm?c=99420618&Daihatsu.CHARADE.1992",
  "año": "1992",
  "precioCRC": "700000",
  "marca": "DAIHATSU",
  "modelo": "CHARADE"
}