{
  "Cilindrada": "1300",
  "Estilo": "Sedán",
  "Combustible": "Gasolina",
  "Transmisión": "Manual",
  "Estado": "Muy Bueno",
  "Kilometraje": "174500",
  "Placa": "Termina en 6",
  "Color exterior": "AZUL",
  "Color interior": "GRIS CLARO",
  "# de puertas": "4",
  "Ya pagó impuestos": "SI",
  "Precio negociable": "SI",
  "Se recibe vehículo": "NO",
  "Provincia": "Cartago",
  "Fecha de ingreso": "24 de Setiembre del 2020",
  "visto": "125",
  "detalles": "Super economico",
  "img": "https://crautos.com/clasificados/usados/31499643-1.jpg",
  "url": "https://crautos.com/autosusados/cardetail.cfm?c=31499643&Geo.METRO.1996",
  "año": "1996",
  "precioCRC": "1350000",
  "marca": "GEO",
  "modelo": "METRO"
}