{
  "Cilindrada": "3000",
  "Estilo": "Microbús/Minivan",
  "Combustible": "Gasolina",
  "Transmisión": "Manual",
  "Estado": "Excelente",
  "Kilometraje": "654332",
  "Placa": "Termina en 7",
  "Color exterior": "GRIS",
  "Color interior": "GRIS",
  "# de puertas": "4",
  "Ya pagó impuestos": "SI",
  "Precio negociable": "NO",
  "Se recibe vehículo": "NO",
  "Provincia": "San José",
  "Fecha de ingreso": "02 de Setiembre del 2020",
  "visto": "1015",
  "detalles": "esta al dia marchamo y rtv  siete pasajeros  caja manual aros de lujo",
  "img": "https://crautos.com/clasificados/usados/26085317-1.jpg",
  "url": "https://crautos.com/autosusados/cardetail.cfm?c=26085317&Ford.AEROESTAR%20XLT.1988",
  "año": "1988",
  "precioCRC": "900000",
  "marca": "FORD",
  "modelo": "AEROESTAR XLT"
}