{
  "Cilindrada": "800",
  "Estilo": "Sedán",
  "Combustible": "Gasolina",
  "Transmisión": "Manual",
  "Estado": "Muy Bueno",
  "Kilometraje": "212000",
  "Placa": "Termina en 4",
  "Color exterior": "CELESTE",
  "Color interior": "GRIS",
  "# de puertas": "5",
  "Ya pagó impuestos": "SI",
  "Precio negociable": "SI",
  "Se recibe vehículo": "NO",
  "Provincia": "Cartago",
  "Fecha de ingreso": "25 de Setiembre del 2020",
  "visto": "82",
  "img": "https://crautos.com/clasificados/usados/91656195-1.jpg",
  "url": "https://crautos.com/autosusados/cardetail.cfm?c=91656195&Daewoo.MATIZ.2001",
  "año": "2001",
  "precioCRC": "1700000",
  "marca": "DAEWOO",
  "modelo": "MATIZ"
}