{
  "Cilindrada": "1500",
  "Estilo": "Sedán",
  "Combustible": "Gasolina",
  "Transmisión": "Manual",
  "Estado": "Excelente",
  "Kilometraje": "153571",
  "Placa": "Termina en 3",
  "Color exterior": "BLANCO",
  "Color interior": "GRIS",
  "# de puertas": "5",
  "Ya pagó impuestos": "SI",
  "Precio negociable": "SI",
  "Se recibe vehículo": "NO",
  "Provincia": "San José",
  "Fecha de ingreso": "28 de Setiembre del 2020",
  "visto": "48",
  "detalles": "Excelente estado",
  "img": "https://crautos.com/rimages/nopiclg.jpg",
  "url": "https://crautos.com/autosusados/cardetail.cfm?c=64901962&Hyundai.ELANTRA%20.2001",
  "año": "2001",
  "precioCRC": "1650000",
  "marca": "HYUNDAI",
  "modelo": "ELANTRA"
}