{
  "Cilindrada": "2400",
  "Estilo": "Station Wagon",
  "Combustible": "Gasolina",
  "Transmisión": "Manual",
  "Estado": "Muy Bueno",
  "Kilometraje": "142000",
  "Placa": "Termina en 1",
  "Color exterior": "VINO",
  "Color interior": "GRIS",
  "# de puertas": "4",
  "Ya pagó impuestos": "SI",
  "Precio negociable": "SI",
  "Se recibe vehículo": "NO",
  "Provincia": "Heredia",
  "Fecha de ingreso": "10 de Julio del 2020",
  "visto": "1534",
  "detalles": "Esta al día. asientos de tela. negociable rtv al dia. llantas noventa por ciento.aros",
  "img": "https://crautos.com/clasificados/usados/35540089-1.jpg",
  "url": "https://crautos.com/autosusados/cardetail.cfm?c=35540089&Toyota.PREVIA.1992",
  "año": "1992",
  "precioCRC": "1550000",
  "marca": "TOYOTA",
  "modelo": "PREVIA"
}