{
  "Cilindrada": "1800",
  "Estilo": "Station Wagon",
  "Combustible": "Gasolina",
  "Transmisión": "Manual",
  "Estado": "Bueno",
  "Kilometraje": "ND",
  "Placa": "Termina en 6",
  "Color exterior": "GRIS",
  "Color interior": "GRIS Y NEGRO",
  "# de puertas": "5",
  "Ya pagó impuestos": "SI",
  "Precio negociable": "SI",
  "Se recibe vehículo": "NO",
  "Provincia": "Cartago",
  "Fecha de ingreso": "05 de Agosto del 2020",
  "visto": "3189",
  "detalles": "PARA Reparación todo al día",
  "img": "https://crautos.com/clasificados/usados/13183508-1.jpg",
  "url": "https://crautos.com/autosusados/cardetail.cfm?c=13183508&Hyundai.ELANTRA.1994",
  "año": "1994",
  "precioCRC": "615000",
  "marca": "HYUNDAI",
  "modelo": "ELANTRA"
}