{
  "Cilindrada": "2500",
  "Estilo": "Sedán",
  "Combustible": "Diesel",
  "Transmisión": "Automática/Dual",
  "Estado": "Muy Bueno",
  "Kilometraje": "280000",
  "Placa": "Termina en 9",
  "Color exterior": "CELESTE",
  "Color interior": "AZUL",
  "# de puertas": "4",
  "Ya pagó impuestos": "SI",
  "Precio negociable": "NO",
  "Se recibe vehículo": "NO",
  "Provincia": "Heredia",
  "Fecha de ingreso": "01 de Agosto del 2020",
  "visto": "3373",
  "detalles": "De los mejores modelos construidos  se puede restaurar para dejarlo como un clásico muy valorado",
  "img": "https://crautos.com/clasificados/usados/96384269-1.jpg",
  "url": "https://crautos.com/autosusados/cardetail.cfm?c=96384269&Mercedes%20Benz.190TD.1987",
  "año": "1987",
  "precioCRC": "1750000",
  "marca": "MERCEDES",
  "modelo": "BENZ 190TD"
}