{
  "Cilindrada": "800",
  "Estilo": "Pánel",
  "Combustible": "Gasolina",
  "Transmisión": "Manual",
  "Estado": "Bueno",
  "Kilometraje": "ND",
  "Placa": "Termina en 9",
  "Color exterior": "BLANCO",
  "Color interior": "GRIS",
  "# de puertas": "5",
  "Ya pagó impuestos": "SI",
  "Precio negociable": "SI",
  "Se recibe vehículo": "NO",
  "Provincia": "Cartago",
  "Fecha de ingreso": "18 de Setiembre del 2020",
  "visto": "1006",
  "detalles": "Pagar marchamos..y detalles de pintura..",
  "img": "https://crautos.com/clasificados/usados/17277922-1.jpg",
  "url": "https://crautos.com/autosusados/cardetail.cfm?c=17277922&Daihatsu.DAMAS.2001",
  "año": "2001",
  "precioCRC": "975000",
  "marca": "DAIHATSU",
  "modelo": "DAMAS"
}