{
  "Cilindrada": "1600",
  "Estilo": "Sedán",
  "Combustible": "Gasolina",
  "Transmisión": "Manual",
  "Estado": "Muy Bueno",
  "Kilometraje": "199000",
  "Placa": "Termina en 8",
  "Color exterior": "ROJO",
  "Color interior": "GRIS",
  "# de puertas": "2",
  "Ya pagó impuestos": "SI",
  "Precio negociable": "SI",
  "Se recibe vehículo": "NO",
  "Provincia": "Puntarenas",
  "Fecha de ingreso": "18 de Setiembre del 2020",
  "visto": "212",
  "detalles": "Marchamo al día. Pintura un poco desteñida. Techo interior deteriorado.",
  "img": "https://crautos.com/rimages/nopiclg.jpg",
  "url": "https://crautos.com/autosusados/cardetail.cfm?c=99455995&Nissan.200SX.1995",
  "año": "1995",
  "precioCRC": "1200000",
  "marca": "NISSAN",
  "modelo": "200SX"
}