{
  "Cilindrada": "1500",
  "Estilo": "Sedán",
  "Combustible": "Gasolina",
  "Transmisión": "Manual",
  "Estado": "Muy Bueno",
  "Kilometraje": "254026",
  "Placa": "Termina en 5",
  "Color exterior": "BLANCO",
  "Color interior": "NEGRO",
  "# de puertas": "5",
  "Ya pagó impuestos": "SI",
  "Precio negociable": "SI",
  "Se recibe vehículo": "NO",
  "Provincia": "San José",
  "Fecha de ingreso": "01 de Setiembre del 2020",
  "visto": "718",
  "detalles": "Precio Negociable - Muy buen estado - Confiable - URGE VENDER",
  "img": "https://crautos.com/clasificados/usados/54426251-1.jpg",
  "url": "https://crautos.com/autosusados/cardetail.cfm?c=54426251&Toyota.TERCEL.1993",
  "año": "1993",
  "precioCRC": "1600000",
  "marca": "TOYOTA",
  "modelo": "TERCEL"
}