{
  "Cilindrada": "2000",
  "Estilo": "Sedán",
  "Combustible": "Gasolina",
  "Transmisión": "Automática/Dual",
  "Estado": "Muy Bueno",
  "Kilometraje": "296166",
  "Placa": "ND",
  "Color exterior": "BLANCO",
  "Color interior": "GRIS",
  "# de puertas": "4",
  "Ya pagó impuestos": "SI",
  "Precio negociable": "SI",
  "Se recibe vehículo": "NO",
  "Provincia": "Heredia",
  "Fecha de ingreso": "07 de Agosto del 2020",
  "visto": "640",
  "img": "https://crautos.com/rimages/nopiclg.jpg",
  "url": "https://crautos.com/autosusados/cardetail.cfm?c=30174496&Honda.ACCORD.1991",
  "año": "1991",
  "precioCRC": "1100000",
  "marca": "HONDA",
  "modelo": "ACCORD"
}