{
  "Cilindrada": "1500",
  "Estilo": "Sedán",
  "Combustible": "Gasolina",
  "Transmisión": "Manual",
  "Estado": "Excelente",
  "Kilometraje": "ND",
  "Placa": "Termina en 6",
  "Color exterior": "ROJO",
  "Color interior": "GRIS",
  "# de puertas": "4",
  "Ya pagó impuestos": "SI",
  "Precio negociable": "SI",
  "Se recibe vehículo": "NO",
  "Provincia": "San José",
  "Fecha de ingreso": "25 de Setiembre del 2020",
  "visto": "147",
  "detalles": "Excelente estado caja y motor nuevos garantizados  cualquier prueba radio Pioneer USB bluetooth",
  "img": "https://crautos.com/clasificados/usados/98911153-1.jpg",
  "url": "https://crautos.com/autosusados/cardetail.cfm?c=98911153&Honda.CIVIC%20DX.1993",
  "año": "1993",
  "precioCRC": "1550000",
  "marca": "HONDA",
  "modelo": "CIVIC DX"
}