{
  "Cilindrada": "800",
  "Estilo": "Hatchback",
  "Combustible": "Gasolina",
  "Transmisión": "Manual",
  "Estado": "Muy Bueno",
  "Kilometraje": "135000",
  "Placa": "Termina en 8",
  "Color exterior": "GRIS",
  "Color interior": "GRIS",
  "# de puertas": "4",
  "Ya pagó impuestos": "SI",
  "Precio negociable": "SI",
  "Se recibe vehículo": "NO",
  "Provincia": "Guanacaste",
  "Fecha de ingreso": "12 de Agosto del 2020",
  "visto": "836",
  "detalles": "Super económico tiene batería nueva",
  "img": "https://crautos.com/clasificados/usados/32152159-1.jpg",
  "url": "https://crautos.com/autosusados/cardetail.cfm?c=32152159&Chevrolet.SPARK.2001",
  "año": "2001",
  "precioCRC": "1750000",
  "marca": "CHEVROLET",
  "modelo": "SPARK"
}