{
  "Cilindrada": "1800",
  "Estilo": "Sedán",
  "Combustible": "Gasolina",
  "Transmisión": "Manual",
  "Estado": "Bueno",
  "Kilometraje": "100000",
  "Placa": "Termina en 2",
  "Color exterior": "VINO",
  "Color interior": "GRIS",
  "# de puertas": "4",
  "Ya pagó impuestos": "SI",
  "Precio negociable": "NO",
  "Se recibe vehículo": "NO",
  "Provincia": "Limón",
  "Fecha de ingreso": "29 de Setiembre del 2020",
  "visto": "51",
  "detalles": "Esta al día tiene detalles hay que meterle por eso el Precio",
  "img": "https://crautos.com/clasificados/usados/73258484-1.jpg",
  "url": "https://crautos.com/autosusados/cardetail.cfm?c=73258484&Hyundai.ELANTRA%20.1999",
  "año": "1999",
  "precioCRC": "1500000",
  "marca": "HYUNDAI",
  "modelo": "ELANTRA"
}