{
  "Cilindrada": "1600",
  "Estilo": "Sedán",
  "Combustible": "Gasolina",
  "Transmisión": "Manual",
  "Estado": "Excelente",
  "Kilometraje": "83000",
  "Placa": "Termina en 0",
  "Color exterior": "BLANCO",
  "Color interior": "GRIS",
  "# de puertas": "4",
  "Ya pagó impuestos": "SI",
  "Precio negociable": "NO",
  "Se recibe vehículo": "NO",
  "Provincia": "San José",
  "Fecha de ingreso": "21 de Setiembre del 2020",
  "visto": "1502",
  "detalles": "EL CARRO ESTA FINANCIADO CON GRUPO Q SE TRASPASA LA DEUDA RTV HASTA OCTUBRE DEL DOSMIL VEINTIDOS",
  "img": "https://crautos.com/clasificados/usados/33323203-1.jpg",
  "url": "https://crautos.com/autosusados/cardetail.cfm?c=33323203&Chevrolet.SONIC%20LT.2016",
  "año": "2016",
  "precioCRC": "1500000",
  "marca": "CHEVROLET",
  "modelo": "SONIC LT"
}