{
  "Cilindrada": "2200",
  "Estilo": "Sedán",
  "Combustible": "Gasolina",
  "Transmisión": "Manual",
  "Estado": "Muy Bueno",
  "Kilometraje": "180000",
  "Placa": "Termina en 7",
  "Color exterior": "BLANCO",
  "Color interior": "GRIS/NEGRO",
  "# de puertas": "4",
  "Ya pagó impuestos": "SI",
  "Precio negociable": "SI",
  "Se recibe vehículo": "NO",
  "Provincia": "San José",
  "Fecha de ingreso": "21 de Setiembre del 2020",
  "visto": "177",
  "detalles": "al día firma de una con pegadero placa termina en siete .",
  "img": "https://crautos.com/clasificados/usados/70311579-1.jpg",
  "url": "https://crautos.com/autosusados/cardetail.cfm?c=70311579&Honda.ACCORD.1992",
  "año": "1992",
  "precioCRC": "1700000",
  "marca": "HONDA",
  "modelo": "ACCORD"
}