{
  "Cilindrada": "2300",
  "Estilo": "Sedán",
  "Combustible": "Gasolina",
  "Transmisión": "Automática/Dual",
  "Estado": "Bueno",
  "Kilometraje": "243994",
  "Placa": "ND",
  "Color exterior": "GRIS",
  "Color interior": "GRIS",
  "# de puertas": "4",
  "Ya pagó impuestos": "SI",
  "Precio negociable": "SI",
  "Se recibe vehículo": "NO",
  "Provincia": "Alajuela",
  "Fecha de ingreso": "20 de Agosto del 2020",
  "visto": "711",
  "img": "https://crautos.com/rimages/nopiclg.jpg",
  "url": "https://crautos.com/autosusados/cardetail.cfm?c=51007159&Mercedes%20Benz.230E%20.1986",
  "año": "1986",
  "precioCRC": "1300000",
  "marca": "MERCEDES",
  "modelo": "BENZ 230E"
}