{
  "Cilindrada": "1000",
  "Estilo": "Sedán",
  "Combustible": "Gasolina",
  "Transmisión": "Manual",
  "Estado": "Excelente",
  "Kilometraje": "ND",
  "Placa": "Termina en 2",
  "Color exterior": "BLANCO",
  "Color interior": "BLANCO - GRIS",
  "# de puertas": "2",
  "Ya pagó impuestos": "SI",
  "Precio negociable": "SI",
  "Se recibe vehículo": "NO",
  "Provincia": "Cartago",
  "Fecha de ingreso": "28 de Setiembre del 2020",
  "visto": "79",
  "detalles": "Muy Economico AC solo de cargar",
  "img": "https://crautos.com/clasificados/usados/92772485-1.jpg",
  "url": "https://crautos.com/autosusados/cardetail.cfm?c=92772485&Geo.METRO%20.1996",
  "año": "1996",
  "precioCRC": "1250000",
  "marca": "GEO",
  "modelo": "METRO"
}