{
  "Cilindrada": "1600",
  "Estilo": "Sedán",
  "Combustible": "Gasolina",
  "Transmisión": "Manual",
  "Estado": "Muy Bueno",
  "Kilometraje": "180000",
  "Placa": "Termina en",
  "Color exterior": "BEIGE",
  "Color interior": "GRIS",
  "# de puertas": "4",
  "Ya pagó impuestos": "SI",
  "Precio negociable": "SI",
  "Se recibe vehículo": "NO",
  "Provincia": "Heredia",
  "Fecha de ingreso": "21 de Agosto del 2020",
  "visto": "485",
  "detalles": "Tiene detalles de pintura vesrion mexicana inyectado modelo",
  "img": "https://crautos.com/rimages/nopiclg.jpg",
  "url": "https://crautos.com/autosusados/cardetail.cfm?c=25679683&Nissan.SENTRA.2003",
  "año": "2003",
  "precioCRC": "1750000",
  "marca": "NISSAN",
  "modelo": "SENTRA"
}