{
  "Cilindrada": "1500",
  "Estilo": "Sedán",
  "Combustible": "Gasolina",
  "Transmisión": "Manual",
  "Estado": "Muy Bueno",
  "Kilometraje": "196065",
  "Placa": "Termina en 8",
  "Color exterior": "AZUL",
  "Color interior": "GRIS",
  "# de puertas": "5",
  "Ya pagó impuestos": "SI",
  "Precio negociable": "SI",
  "Se recibe vehículo": "NO",
  "Provincia": "San José",
  "Fecha de ingreso": "25 de Agosto del 2020",
  "visto": "987",
  "detalles": "Urgue venta por viaje !!",
  "img": "https://crautos.com/clasificados/usados/14382640-1.jpg",
  "url": "https://crautos.com/autosusados/cardetail.cfm?c=14382640&Mazda.323.1999",
  "año": "1999",
  "precioCRC": "1700000",
  "marca": "MAZDA",
  "modelo": "323"
}