{
  "Cilindrada": "1600",
  "Estilo": "Sedán",
  "Combustible": "Gasolina",
  "Transmisión": "Manual",
  "Estado": "Excelente",
  "Kilometraje": "9999",
  "Placa": "Termina en",
  "Color exterior": "BLACO",
  "Color interior": "GRIS",
  "# de puertas": "2",
  "Ya pagó impuestos": "SI",
  "Precio negociable": "SI",
  "Se recibe vehículo": "NO",
  "Provincia": "Heredia",
  "Fecha de ingreso": "03 de Setiembre del 2020",
  "visto": "1108",
  "detalles": "Recién pasado riteve",
  "img": "https://crautos.com/clasificados/usados/34985151-1.jpg",
  "url": "https://crautos.com/autosusados/cardetail.cfm?c=34985151&Honda.CIVIC.1997",
  "año": "1997",
  "precioCRC": "1500000",
  "marca": "HONDA",
  "modelo": "CIVIC"
}