{
  "Cilindrada": "1600",
  "Estilo": "Sedán",
  "Combustible": "Gasolina",
  "Transmisión": "Manual",
  "Estado": "Excelente",
  "Kilometraje": "250000",
  "Placa": "Termina en 7",
  "Color exterior": "ROJO",
  "Color interior": "NEGRO/GRIS",
  "# de puertas": "2",
  "Ya pagó impuestos": "SI",
  "Precio negociable": "SI",
  "Se recibe vehículo": "NO",
  "Provincia": "Heredia",
  "Fecha de ingreso": "30 de Setiembre del 2020",
  "visto": "20",
  "detalles": "Muy buen estado pantalla camara reversa",
  "img": "https://crautos.com/clasificados/usados/44499322-1.jpg",
  "url": "https://crautos.com/autosusados/cardetail.cfm?c=44499322&Nissan.SENTRA.1993",
  "año": "1993",
  "precioCRC": "1700000",
  "marca": "NISSAN",
  "modelo": "SENTRA"
}