{
  "Cilindrada": "1600",
  "Estilo": "Sedán",
  "Combustible": "Gasolina",
  "Transmisión": "Manual",
  "Estado": "Excelente",
  "Kilometraje": "347000",
  "Placa": "Termina en 7",
  "Color exterior": "DORADO",
  "Color interior": "CAFE",
  "# de puertas": "4",
  "Ya pagó impuestos": "SI",
  "Precio negociable": "SI",
  "Se recibe vehículo": "NO",
  "Provincia": "San José",
  "Fecha de ingreso": "11 de Agosto del 2020",
  "visto": "1147",
  "img": "https://crautos.com/clasificados/usados/15125732-1.jpg",
  "url": "https://crautos.com/autosusados/cardetail.cfm?c=15125732&Mazda.323.1994",
  "año": "1994",
  "precioCRC": "1200000",
  "marca": "MAZDA",
  "modelo": "323"
}