{
  "Cilindrada": "3000",
  "Estilo": "Microbús/Minivan",
  "Combustible": "Gasolina",
  "Transmisión": "Manual",
  "Estado": "Muy Bueno",
  "Kilometraje": "95000",
  "Placa": "Termina en 0",
  "Color exterior": "GRIS",
  "Color interior": "GRIS",
  "# de puertas": "3",
  "Ya pagó impuestos": "SI",
  "Precio negociable": "SI",
  "Se recibe vehículo": "NO",
  "Provincia": "Heredia",
  "Fecha de ingreso": "04 de Agosto del 2020",
  "visto": "1720",
  "detalles": "Últimos  quince años mismo dueño",
  "img": "https://crautos.com/clasificados/usados/89114498-1.jpg",
  "url": "https://crautos.com/autosusados/cardetail.cfm?c=89114498&Ford.AEROSTAR.1986",
  "año": "1986",
  "precioCRC": "1300000",
  "marca": "FORD",
  "modelo": "AEROSTAR"
}