{
  "Cilindrada": "2200",
  "Estilo": "Sedán",
  "Combustible": "Gasolina",
  "Transmisión": "Manual",
  "Estado": "Muy Bueno",
  "Kilometraje": "359876",
  "Placa": "Termina en 5",
  "Color exterior": "GRIS",
  "Color interior": "GRIS",
  "# de puertas": "4",
  "Ya pagó impuestos": "SI",
  "Precio negociable": "NO",
  "Se recibe vehículo": "NO",
  "Provincia": "San José",
  "Fecha de ingreso": "21 de Julio del 2020",
  "visto": "2328",
  "detalles": "Llantas nuevas",
  "img": "https://crautos.com/clasificados/usados/71549634-1.jpg",
  "url": "https://crautos.com/autosusados/cardetail.cfm?c=71549634&Honda.ACCORD%20DX.1992",
  "año": "1992",
  "precioCRC": "1000000",
  "marca": "HONDA",
  "modelo": "ACCORD DX"
}