{
  "Cilindrada": "1600",
  "Estilo": "Sedán",
  "Combustible": "Gasolina",
  "Transmisión": "Manual",
  "Estado": "Bueno",
  "Kilometraje": "130000",
  "Placa": "Termina en 9",
  "Color exterior": "BLANCO",
  "Color interior": "BEIGE",
  "# de puertas": "5",
  "Ya pagó impuestos": "SI",
  "Precio negociable": "SI",
  "Se recibe vehículo": "NO",
  "Provincia": "Heredia",
  "Fecha de ingreso": "28 de Setiembre del 2020",
  "visto": "191",
  "detalles": "Urge vender. El vehículo se encuentra en Mercedes",
  "img": "https://crautos.com/clasificados/usados/91681427-1.jpg",
  "url": "https://crautos.com/autosusados/cardetail.cfm?c=91681427&Hyundai.ELANTRA.2003",
  "año": "2003",
  "precioCRC": "1750000",
  "marca": "HYUNDAI",
  "modelo": "ELANTRA"
}