{
  "Cilindrada": "1600",
  "Estilo": "Sedán",
  "Combustible": "Gasolina",
  "Transmisión": "Manual",
  "Estado": "Muy Bueno",
  "Kilometraje": "ND",
  "Placa": "Termina en 5",
  "Color exterior": "BLANCO",
  "Color interior": "GRIS",
  "# de puertas": "2",
  "Ya pagó impuestos": "SI",
  "Precio negociable": "SI",
  "Se recibe vehículo": "NO",
  "Provincia": "Limón",
  "Fecha de ingreso": "15 de Setiembre del 2020",
  "visto": "300",
  "detalles": "Al día aros de lujo llantas nuevas  mecánicamente muy bien y firma de una detalles de pintura",
  "img": "https://crautos.com/clasificados/usados/80073522-1.jpg",
  "url": "https://crautos.com/autosusados/cardetail.cfm?c=80073522&Nissan.SENTRA%20B12.1987",
  "año": "1987",
  "precioCRC": "1100000",
  "marca": "NISSAN",
  "modelo": "SENTRA B12"
}