{
  "Cilindrada": "1500",
  "Estilo": "Station Wagon",
  "Combustible": "Gasolina",
  "Transmisión": "Manual",
  "Estado": "Muy Bueno",
  "Kilometraje": "192613",
  "Placa": "Termina en 8",
  "Color exterior": "BLANCO",
  "Color interior": "BLANCO",
  "# de puertas": "4",
  "Ya pagó impuestos": "SI",
  "Precio negociable": "SI",
  "Se recibe vehículo": "NO",
  "Provincia": "Heredia",
  "Fecha de ingreso": "08 de Setiembre del 2020",
  "visto": "622",
  "detalles": "RTV hasta agosto del próximo año",
  "img": "https://crautos.com/clasificados/usados/76650728-1.jpg",
  "url": "https://crautos.com/autosusados/cardetail.cfm?c=76650728&Nissan.SENTRA.1982",
  "año": "1982",
  "precioCRC": "350000",
  "marca": "NISSAN",
  "modelo": "SENTRA"
}