{
  "Cilindrada": "2400",
  "Estilo": "Pickup 4x2",
  "Combustible": "Gasolina",
  "Transmisión": "Manual",
  "Estado": "Bueno",
  "Kilometraje": "999999",
  "Placa": "Termina en 4",
  "Color exterior": "VERDE",
  "Color interior": "BEIGE",
  "# de puertas": "2",
  "Ya pagó impuestos": "NO",
  "Precio negociable": "SI",
  "Se recibe vehículo": "NO",
  "Provincia": "Alajuela",
  "Fecha de ingreso": "11 de Setiembre del 2020",
  "visto": "643",
  "detalles": "Vehiculo en buenas condiciones.",
  "img": "https://crautos.com/clasificados/usados/96352396-1.jpg",
  "url": "https://crautos.com/autosusados/cardetail.cfm?c=96352396&Nissan.D21.1987",
  "año": "1987",
  "precioCRC": "1700000",
  "marca": "NISSAN",
  "modelo": "D21"
}