{
  "Cilindrada": "1500",
  "Estilo": "Sedán",
  "Combustible": "Gasolina",
  "Transmisión": "Manual",
  "Estado": "Muy Bueno",
  "Kilometraje": "312361",
  "Placa": "ND",
  "Color exterior": "VINO",
  "Color interior": "CAFE",
  "# de puertas": "4",
  "Ya pagó impuestos": "SI",
  "Precio negociable": "SI",
  "Se recibe vehículo": "NO",
  "Provincia": "Guanacaste",
  "Fecha de ingreso": "28 de Setiembre del 2020",
  "visto": "137",
  "detalles": "Totalmente al día el precio es negociable porque tiene algunos detalles",
  "img": "https://crautos.com/clasificados/usados/24601517-1.jpg",
  "url": "https://crautos.com/autosusados/cardetail.cfm?c=24601517&Nissan.SENTRA%20B13.1992",
  "año": "1992",
  "precioCRC": "1200000",
  "marca": "NISSAN",
  "modelo": "SENTRA B13"
}