{
  "Cilindrada": "1800",
  "Estilo": "Sedán",
  "Combustible": "Gasolina",
  "Transmisión": "Automática/Dual",
  "Estado": "Muy Bueno",
  "Kilometraje": "170000",
  "Placa": "Termina en 7",
  "Color exterior": "VINO",
  "Color interior": "GRIS",
  "# de puertas": "4",
  "Ya pagó impuestos": "SI",
  "Precio negociable": "SI",
  "Se recibe vehículo": "NO",
  "Provincia": "Alajuela",
  "Fecha de ingreso": "28 de Agosto del 2020",
  "visto": "369",
  "detalles": "Recibo doble traccion",
  "img": "https://crautos.com/rimages/nopiclg.jpg",
  "url": "https://crautos.com/autosusados/cardetail.cfm?c=75332252&Toyota.COROLLA.1993",
  "año": "1993",
  "precioCRC": "1600000",
  "marca": "TOYOTA",
  "modelo": "COROLLA"
}