{
  "Cilindrada": "2000",
  "Estilo": "Sedán",
  "Combustible": "Gasolina",
  "Transmisión": "Manual",
  "Estado": "Muy Bueno",
  "Kilometraje": "150000",
  "Placa": "Termina en 4",
  "Color exterior": "NEGRO",
  "Color interior": "GRIS/BEIGE",
  "# de puertas": "4",
  "Ya pagó impuestos": "SI",
  "Precio negociable": "SI",
  "Se recibe vehículo": "NO",
  "Provincia": "Puntarenas",
  "Fecha de ingreso": "15 de Setiembre del 2020",
  "visto": "428",
  "detalles": "EL VEHICULO NO ESTA AL DIA PERO ESTA FUNCIONANDO BIEN SIMPLEMENTE NO QUEREMOS INVERTIRLE NADA.",
  "img": "https://crautos.com/rimages/nopiclg.jpg",
  "url": "https://crautos.com/autosusados/cardetail.cfm?c=15349437&Nissan.SENTRA.2007",
  "año": "2007",
  "precioCRC": "1399000",
  "marca": "NISSAN",
  "modelo": "SENTRA"
}