{
  "Cilindrada": "2500",
  "Estilo": "Microbús/Minivan",
  "Combustible": "Diesel",
  "Transmisión": "Manual",
  "Estado": "Regular",
  "Kilometraje": "ND",
  "Placa": "Termina en 9",
  "Color exterior": "AZUL",
  "Color interior": "GRIS",
  "# de puertas": "3",
  "Ya pagó impuestos": "NO",
  "Precio negociable": "SI",
  "Se recibe vehículo": "NO",
  "Provincia": "Alajuela",
  "Fecha de ingreso": "24 de Agosto del 2020",
  "visto": "674",
  "detalles": "De vende para poner al día y reparar",
  "img": "https://crautos.com/rimages/nopiclg.jpg",
  "url": "https://crautos.com/autosusados/cardetail.cfm?c=58011755&Hyundai.GRACE.1995",
  "año": "1995",
  "precioCRC": "1150000",
  "marca": "HYUNDAI",
  "modelo": "GRACE"
}