{
  "Cilindrada": "1600",
  "Estilo": "Sedán",
  "Combustible": "Gasolina",
  "Transmisión": "Manual",
  "Estado": "Muy Bueno",
  "Kilometraje": "160000",
  "Placa": "Termina en 9",
  "Color exterior": "BLANCO",
  "Color interior": "GRIS",
  "# de puertas": "2",
  "Ya pagó impuestos": "SI",
  "Precio negociable": "SI",
  "Se recibe vehículo": "NO",
  "Provincia": "Cartago",
  "Fecha de ingreso": "31 de Agosto del 2020",
  "visto": "493",
  "img": "https://crautos.com/clasificados/usados/40010910-1.jpg",
  "url": "https://crautos.com/autosusados/cardetail.cfm?c=40010910&Hyundai.ACCENT.2001",
  "año": "2001",
  "precioCRC": "1650000",
  "marca": "HYUNDAI",
  "modelo": "ACCENT"
}