{
  "Cilindrada": "1600",
  "Estilo": "Sedán",
  "Combustible": "Gasolina",
  "Transmisión": "Manual",
  "Estado": "Muy Bueno",
  "Kilometraje": "ND",
  "Placa": "Termina en 4",
  "Color exterior": "VINO",
  "Color interior": "GRIS",
  "# de puertas": "4",
  "Ya pagó impuestos": "SI",
  "Precio negociable": "SI",
  "Se recibe vehículo": "NO",
  "Provincia": "San José",
  "Fecha de ingreso": "07 de Setiembre del 2020",
  "visto": "234",
  "detalles": "Hoja de RTV en Blanco vehículo con detalles en pintura.",
  "img": "https://crautos.com/rimages/nopiclg.jpg",
  "url": "https://crautos.com/autosusados/cardetail.cfm?c=15194106&Nissan.SENTRA.1997",
  "año": "1997",
  "precioCRC": "1700000",
  "marca": "NISSAN",
  "modelo": "SENTRA"
}