{
  "Cilindrada": "1800",
  "Estilo": "Sedán",
  "Combustible": "Gasolina",
  "Transmisión": "Manual",
  "Estado": "Muy Bueno",
  "Kilometraje": "191000",
  "Placa": "Termina en 0",
  "Color exterior": "MORADO",
  "Color interior": "NEGRO",
  "# de puertas": "4",
  "Ya pagó impuestos": "SI",
  "Precio negociable": "NO",
  "Se recibe vehículo": "NO",
  "Provincia": "Alajuela",
  "Fecha de ingreso": "10 de Agosto del 2020",
  "visto": "1189",
  "detalles": "Mecanimente perfecto overhall el año pasado necesita pintura.",
  "img": "https://crautos.com/clasificados/usados/91859462-1.jpg",
  "url": "https://crautos.com/autosusados/cardetail.cfm?c=91859462&Volkswagen.VENTO%20GL.1994",
  "año": "1994",
  "precioCRC": "1100000",
  "marca": "VOLKSWAGEN",
  "modelo": "VENTO GL"
}