{
  "Cilindrada": "1600",
  "Estilo": "Todo Terreno 4x4",
  "Combustible": "Gasolina",
  "Transmisión": "Manual",
  "Estado": "Bueno",
  "Kilometraje": "1",
  "Placa": "Termina en 4",
  "Color exterior": "BLANCO",
  "Color interior": "GRIS",
  "# de puertas": "3",
  "Ya pagó impuestos": "SI",
  "Precio negociable": "SI",
  "Se recibe vehículo": "NO",
  "Provincia": "Guanacaste",
  "Fecha de ingreso": "17 de Setiembre del 2020",
  "visto": "1091",
  "detalles": "Excelente estado mecánico. Todo al día",
  "img": "https://crautos.com/clasificados/usados/71545094-1.jpg",
  "url": "https://crautos.com/autosusados/cardetail.cfm?c=71545094&Suzuki.SIDEKICK.1991",
  "año": "1991",
  "precioCRC": "1700000",
  "marca": "SUZUKI",
  "modelo": "SIDEKICK"
}