{
  "Cilindrada": "1500",
  "Estilo": "Sedán",
  "Combustible": "Gasolina",
  "Transmisión": "Manual",
  "Estado": "Bueno",
  "Kilometraje": "270000",
  "Placa": "Termina en 2",
  "Color exterior": "GRIS",
  "Color interior": "GRIS",
  "# de puertas": "4",
  "Ya pagó impuestos": "SI",
  "Precio negociable": "SI",
  "Se recibe vehículo": "NO",
  "Provincia": "Alajuela",
  "Fecha de ingreso": "13 de Febrero del 2020",
  "visto": "8481",
  "detalles": "Todo día RTV y marchamo listo para traspaso no recibo motos.",
  "img": "https://crautos.com/clasificados/usados/14423528-1.jpg",
  "url": "https://crautos.com/autosusados/cardetail.cfm?c=14423528&Honda.CIVIC.1988",
  "año": "1988",
  "precioCRC": "900000",
  "marca": "HONDA",
  "modelo": "CIVIC"
}