{
  "Cilindrada": "1500",
  "Estilo": "Sedán",
  "Combustible": "Gasolina",
  "Transmisión": "Manual",
  "Estado": "Muy Bueno",
  "Kilometraje": "100000",
  "Placa": "Termina en 3",
  "Color exterior": "BLANCO",
  "Color interior": "GRIS",
  "# de puertas": "4",
  "Ya pagó impuestos": "SI",
  "Precio negociable": "SI",
  "Se recibe vehículo": "NO",
  "Provincia": "Cartago",
  "Fecha de ingreso": "30 de Setiembre del 2020",
  "visto": "29",
  "detalles": "Al día sin gravamenes- todo al día- buenas condiciones",
  "img": "https://crautos.com/rimages/nopiclg.jpg",
  "url": "https://crautos.com/autosusados/cardetail.cfm?c=63753380&Hyundai.ACCENT.1994",
  "año": "1994",
  "precioCRC": "1200000",
  "marca": "HYUNDAI",
  "modelo": "ACCENT"
}