{
  "Cilindrada": "1300",
  "Estilo": "Sedán",
  "Combustible": "Gasolina",
  "Transmisión": "Automática/Dual",
  "Estado": "Bueno",
  "Kilometraje": "18000",
  "Placa": "ND",
  "Color exterior": "AZUL OSCURO",
  "Color interior": "GRIS",
  "# de puertas": "4",
  "Ya pagó impuestos": "SI",
  "Precio negociable": "SI",
  "Se recibe vehículo": "NO",
  "Provincia": "San José",
  "Fecha de ingreso": "21 de Setiembre del 2020",
  "visto": "124",
  "img": "https://crautos.com/rimages/nopiclg.jpg",
  "url": "https://crautos.com/autosusados/cardetail.cfm?c=85646802&Geo.METRO.1997",
  "año": "1997",
  "precioCRC": "1500000",
  "marca": "GEO",
  "modelo": "METRO"
}