{
  "Cilindrada": "1500",
  "Estilo": "Sedán",
  "Combustible": "Gasolina",
  "Transmisión": "Manual",
  "Estado": "Muy Bueno",
  "Kilometraje": "ND",
  "Placa": "Termina en 2",
  "Color exterior": "VINO",
  "Color interior": "NEGRO",
  "# de puertas": "4",
  "Ya pagó impuestos": "SI",
  "Precio negociable": "NO",
  "Se recibe vehículo": "NO",
  "Provincia": "San José",
  "Fecha de ingreso": "31 de Agosto del 2020",
  "visto": "1515",
  "detalles": "Venta por motivo que se compro uno nuevo. Muy original",
  "img": "https://crautos.com/clasificados/usados/32555125-1.jpg",
  "url": "https://crautos.com/autosusados/cardetail.cfm?c=32555125&Hyundai.ELANTRA%20GLS.1994",
  "año": "1994",
  "precioCRC": "850000",
  "marca": "HYUNDAI",
  "modelo": "ELANTRA GLS"
}