{
  "Cilindrada": "1800",
  "Estilo": "Sedán",
  "Combustible": "Gasolina",
  "Transmisión": "Manual",
  "Estado": "Muy Bueno",
  "Kilometraje": "160500",
  "Placa": "Termina en 9",
  "Color exterior": "VERDE",
  "Color interior": "BEIGE",
  "# de puertas": "4",
  "Ya pagó impuestos": "SI",
  "Precio negociable": "NO",
  "Se recibe vehículo": "NO",
  "Provincia": "San José",
  "Fecha de ingreso": "21 de Agosto del 2020",
  "visto": "1709",
  "detalles": "Nissan Sentra GXE Versión Americána, solo un dueño.",
  "img": "https://crautos.com/clasificados/usados/48294709-1.jpg",
  "url": "https://crautos.com/autosusados/cardetail.cfm?c=48294709&Nissan.SENTRA.2001",
  "año": "2001",
  "precioCRC": "1700000",
  "marca": "NISSAN",
  "modelo": "SENTRA"
}