{
  "Cilindrada": "1500",
  "Estilo": "Sedán",
  "Combustible": "Gasolina",
  "Transmisión": "Manual",
  "Estado": "Bueno",
  "Kilometraje": "100000",
  "Placa": "Termina en 4",
  "Color exterior": "VERDE",
  "Color interior": "GRIS",
  "# de puertas": "4",
  "Ya pagó impuestos": "SI",
  "Precio negociable": "SI",
  "Se recibe vehículo": "NO",
  "Provincia": "Heredia",
  "Fecha de ingreso": "01 de Setiembre del 2020",
  "visto": "861",
  "detalles": "FaltaDetalles de pintura",
  "img": "https://crautos.com/clasificados/usados/89769908-1.jpg",
  "url": "https://crautos.com/autosusados/cardetail.cfm?c=89769908&Hyundai.ELANTRA%20.1992",
  "año": "1992",
  "precioCRC": "900000",
  "marca": "HYUNDAI",
  "modelo": "ELANTRA"
}