{
  "Cilindrada": "1500",
  "Estilo": "Sedán",
  "Combustible": "Gasolina",
  "Transmisión": "Automática/Dual",
  "Estado": "Excelente",
  "Kilometraje": "158000",
  "Placa": "Termina en 1",
  "Color exterior": "VERDE",
  "Color interior": "GRIS/NEGRO",
  "# de puertas": "5",
  "Ya pagó impuestos": "SI",
  "Precio negociable": "SI",
  "Se recibe vehículo": "NO",
  "Provincia": "Heredia",
  "Fecha de ingreso": "10 de Agosto del 2020",
  "visto": "1296",
  "detalles": "Excelente estado! RTV hasta el próximo año",
  "img": "https://crautos.com/clasificados/usados/90174015-1.jpg",
  "url": "https://crautos.com/autosusados/cardetail.cfm?c=90174015&Toyota.TERCEL.1994",
  "año": "1994",
  "precioCRC": "1750000",
  "marca": "TOYOTA",
  "modelo": "TERCEL"
}