{
  "Cilindrada": "1800",
  "Estilo": "Sedán",
  "Combustible": "Gasolina",
  "Transmisión": "Manual",
  "Estado": "Bueno",
  "Kilometraje": "ND",
  "Placa": "Termina en 2",
  "Color exterior": "BLANCO",
  "Color interior": "GRIS",
  "# de puertas": "5",
  "Ya pagó impuestos": "SI",
  "Precio negociable": "SI",
  "Se recibe vehículo": "NO",
  "Provincia": "Alajuela",
  "Fecha de ingreso": "24 de Setiembre del 2020",
  "visto": "101",
  "detalles": "Pequenos detalles urge vender radio con pantalla una vasuca",
  "img": "https://crautos.com/clasificados/usados/29007471-1.jpg",
  "url": "https://crautos.com/autosusados/cardetail.cfm?c=29007471&Hyundai.SONATA.1995",
  "año": "1995",
  "precioCRC": "1500000",
  "marca": "HYUNDAI",
  "modelo": "SONATA"
}