{
  "Cilindrada": "2800",
  "Estilo": "Sedán",
  "Combustible": "Gasolina",
  "Transmisión": "Automática/Dual",
  "Estado": "Excelente",
  "Kilometraje": "182000",
  "Placa": "Termina en 1",
  "Color exterior": "GRIS",
  "Color interior": "BEIGE",
  "# de puertas": "4",
  "Ya pagó impuestos": "SI",
  "Precio negociable": "NO",
  "Se recibe vehículo": "NO",
  "Provincia": "Alajuela",
  "Fecha de ingreso": "29 de Setiembre del 2020",
  "visto": "39",
  "detalles": "Proyecto para terminar.  Restaurado al noventa por ciento.",
  "img": "https://crautos.com/rimages/nopiclg.jpg",
  "url": "https://crautos.com/autosusados/cardetail.cfm?c=74942302&Mercedes%20Benz.280S.1979",
  "año": "1979",
  "precioCRC": "1700000",
  "marca": "MERCEDES",
  "modelo": "BENZ 280S"
}