{
  "Cilindrada": "1600",
  "Estilo": "Sedán",
  "Combustible": "Gasolina",
  "Transmisión": "Manual",
  "Estado": "Excelente",
  "Kilometraje": "ND",
  "Placa": "ND",
  "Color exterior": "VINO",
  "Color interior": "BEICH",
  "# de puertas": "5",
  "Ya pagó impuestos": "SI",
  "Precio negociable": "SI",
  "Se recibe vehículo": "NO",
  "Provincia": "Limón",
  "Fecha de ingreso": "04 de Agosto del 2020",
  "visto": "543",
  "detalles": "Negociable",
  "img": "https://crautos.com/rimages/nopiclg.jpg",
  "url": "https://crautos.com/autosusados/cardetail.cfm?c=42545725&Nissan.SENTRA.1996",
  "año": "1996",
  "precioCRC": "1650000",
  "marca": "NISSAN",
  "modelo": "SENTRA"
}