{
  "Cilindrada": "1300",
  "Estilo": "Hatchback",
  "Combustible": "Gasolina",
  "Transmisión": "Automática/Dual",
  "Estado": "Excelente",
  "Kilometraje": "100",
  "Placa": "Termina en 8",
  "Color exterior": "ROJO",
  "Color interior": "GRIS",
  "# de puertas": "3",
  "Ya pagó impuestos": "SI",
  "Precio negociable": "SI",
  "Se recibe vehículo": "NO",
  "Provincia": "Heredia",
  "Fecha de ingreso": "21 de Setiembre del 2020",
  "visto": "163",
  "detalles": "Exc Estado - Muy bueno - Motor Mil Trescientos - Aire Acondicionado - Automático No hay uno igual",
  "img": "https://crautos.com/clasificados/usados/29625465-1.jpg",
  "url": "https://crautos.com/autosusados/cardetail.cfm?c=29625465&Geo.METRO.1995",
  "año": "1995",
  "precioCRC": "1350000",
  "marca": "GEO",
  "modelo": "METRO"
}