{
  "Cilindrada": "1300",
  "Estilo": "Sedán",
  "Combustible": "Gasolina",
  "Transmisión": "Manual",
  "Estado": "Excelente",
  "Kilometraje": "183000",
  "Placa": "Termina en 0",
  "Color exterior": "AZUL",
  "Color interior": "GRIS",
  "# de puertas": "4",
  "Ya pagó impuestos": "SI",
  "Precio negociable": "SI",
  "Se recibe vehículo": "NO",
  "Provincia": "Alajuela",
  "Fecha de ingreso": "30 de Setiembre del 2020",
  "visto": "58",
  "detalles": "Economico Rápido chusito excelente carro",
  "img": "https://crautos.com/clasificados/usados/42785805-1.jpg",
  "url": "https://crautos.com/autosusados/cardetail.cfm?c=42785805&Fiat.SIENA%20FIRE.2005",
  "año": "2005",
  "precioCRC": "1500000",
  "marca": "FIAT",
  "modelo": "SIENA FIRE"
}