{
  "Cilindrada": "1200",
  "Estilo": "Sedán",
  "Combustible": "Gasolina",
  "Transmisión": "Manual",
  "Estado": "Excelente",
  "Kilometraje": "ND",
  "Placa": "Termina en 5",
  "Color exterior": "PLATEADO",
  "Color interior": "PLATEADO",
  "# de puertas": "4",
  "Ya pagó impuestos": "SI",
  "Precio negociable": "SI",
  "Se recibe vehículo": "NO",
  "Provincia": "San José",
  "Fecha de ingreso": "01 de Octubre del 2020",
  "visto": "49",
  "detalles": "Cero óxido totalmente original muy cuidado firma inmediata.  Puedo cambiar por Corolla y doy vuelto.",
  "img": "https://crautos.com/clasificados/usados/37368286-1.jpg",
  "url": "https://crautos.com/autosusados/cardetail.cfm?c=37368286&Toyota.STARLET.1982",
  "año": "1982",
  "precioCRC": "1250000",
  "marca": "TOYOTA",
  "modelo": "STARLET"
}