{
  "Cilindrada": "1600",
  "Estilo": "Sedán",
  "Combustible": "Gasolina",
  "Transmisión": "Automática/Dual",
  "Estado": "Bueno",
  "Kilometraje": "160000",
  "Placa": "Termina en 9",
  "Color exterior": "CELESTE",
  "Color interior": "GRIS",
  "# de puertas": "4",
  "Ya pagó impuestos": "SI",
  "Precio negociable": "SI",
  "Se recibe vehículo": "NO",
  "Provincia": "San José",
  "Fecha de ingreso": "13 de Agosto del 2020",
  "visto": "1083",
  "detalles": "Se necesita hacer reparación en motor",
  "img": "https://crautos.com/rimages/nopiclg.jpg",
  "url": "https://crautos.com/autosusados/cardetail.cfm?c=41081032&Toyota.COROLLA.1994",
  "año": "1994",
  "precioCRC": "1100000",
  "marca": "TOYOTA",
  "modelo": "COROLLA"
}