{
  "Cilindrada": "1500",
  "Estilo": "Sedán",
  "Combustible": "Gasolina",
  "Transmisión": "Manual",
  "Estado": "Excelente",
  "Kilometraje": "198798",
  "Placa": "Termina en 3",
  "Color exterior": "ROJO VINO",
  "Color interior": "GRIS",
  "# de puertas": "5",
  "Ya pagó impuestos": "SI",
  "Precio negociable": "SI",
  "Se recibe vehículo": "NO",
  "Provincia": "Heredia",
  "Fecha de ingreso": "11 de Setiembre del 2020",
  "visto": "192",
  "detalles": "Toyota corolla 88.  Vehículo impecable de carrocería,caja y motor,carburado muy economico, Cuanta co",
  "img": "https://crautos.com/rimages/nopiclg.jpg",
  "url": "https://crautos.com/autosusados/cardetail.cfm?c=42418669&Toyota.COROLLA.1988",
  "año": "1988",
  "precioCRC": "1500000",
  "marca": "TOYOTA",
  "modelo": "COROLLA"
}