{
  "Cilindrada": "1300",
  "Estilo": "Sedán",
  "Combustible": "Gasolina",
  "Transmisión": "Manual",
  "Estado": "Muy Bueno",
  "Kilometraje": "216000",
  "Placa": "Termina en 2",
  "Color exterior": "PLATEADO",
  "Color interior": "GRIS",
  "# de puertas": "4",
  "Ya pagó impuestos": "SI",
  "Precio negociable": "NO",
  "Se recibe vehículo": "NO",
  "Provincia": "Heredia",
  "Fecha de ingreso": "05 de Agosto del 2020",
  "visto": "2299",
  "detalles": "Muy Buen Estado, Garantía por Escrito.",
  "img": "https://crautos.com/clasificados/usados/7873471-1.jpg",
  "url": "https://crautos.com/autosusados/cardetail.cfm?c=7873471&Nissan.PULSAR.1990",
  "año": "1990",
  "precioCRC": "1100000",
  "marca": "NISSAN",
  "modelo": "PULSAR"
}