{
  "Cilindrada": "2000",
  "Estilo": "Sedán",
  "Combustible": "Gasolina",
  "Transmisión": "Manual",
  "Estado": "Excelente",
  "Kilometraje": "20000",
  "Placa": "Termina en 8",
  "Color exterior": "AZUL",
  "Color interior": "AZUL CON GRIS",
  "# de puertas": "5",
  "Ya pagó impuestos": "SI",
  "Precio negociable": "NO",
  "Se recibe vehículo": "NO",
  "Provincia": "San José",
  "Fecha de ingreso": "02 de Octubre del 2020",
  "visto": "6",
  "img": "https://crautos.com/rimages/nopiclg.jpg",
  "url": "https://crautos.com/autosusados/cardetail.cfm?c=59139562&Honda.ACCORD%20LXI.1988",
  "año": "1988",
  "precioCRC": "1000000",
  "marca": "HONDA",
  "modelo": "ACCORD LXI"
}