{
  "Cilindrada": "1900",
  "Estilo": "Pánel",
  "Combustible": "Diesel",
  "Transmisión": "Manual",
  "Estado": "Bueno",
  "Kilometraje": "307000",
  "Placa": "Termina en 5",
  "Color exterior": "BLANCO",
  "Color interior": "NEGRO",
  "# de puertas": "2",
  "Ya pagó impuestos": "SI",
  "Precio negociable": "NO",
  "Se recibe vehículo": "NO",
  "Provincia": "San José",
  "Fecha de ingreso": "29 de Setiembre del 2020",
  "visto": "82",
  "detalles": "Detalles de pintura",
  "img": "https://crautos.com/clasificados/usados/12581078-1.jpg",
  "url": "https://crautos.com/autosusados/cardetail.cfm?c=12581078&Peugeot.PARTNER.2006",
  "año": "2006",
  "precioCRC": "1300000",
  "marca": "GEO",
  "modelo": "PEUT PARTNER"
}