{
  "Cilindrada": "1600",
  "Estilo": "Sedán",
  "Combustible": "Gasolina",
  "Transmisión": "Manual",
  "Estado": "Muy Bueno",
  "Kilometraje": "180000",
  "Placa": "Termina en 1",
  "Color exterior": "VERDE OSCURO",
  "Color interior": "GRIS",
  "# de puertas": "4",
  "Ya pagó impuestos": "SI",
  "Precio negociable": "SI",
  "Se recibe vehículo": "NO",
  "Provincia": "San José",
  "Fecha de ingreso": "26 de Agosto del 2020",
  "visto": "697",
  "img": "https://crautos.com/clasificados/usados/69341896-1.jpg",
  "url": "https://crautos.com/autosusados/cardetail.cfm?c=69341896&Daihatsu.APPLAUSE.1993",
  "año": "1993",
  "precioCRC": "1500000",
  "marca": "DAIHATSU",
  "modelo": "APPLAUSE"
}