{
  "Cilindrada": "3300",
  "Estilo": "Camión 4.0-4.5 ton.",
  "Combustible": "Diesel",
  "Transmisión": "Manual",
  "Estado": "Regular",
  "Kilometraje": "999999",
  "Placa": "Termina en 7",
  "Color exterior": "AZUL",
  "Color interior": "NEGRO",
  "# de puertas": "2",
  "Ya pagó impuestos": "SI",
  "Precio negociable": "SI",
  "Se recibe vehículo": "NO",
  "Provincia": "San José",
  "Fecha de ingreso": "13 de Agosto del 2020",
  "visto": "959",
  "detalles": "Se debe reparar el motor",
  "img": "https://crautos.com/clasificados/usados/48764325-1.jpg",
  "url": "https://crautos.com/autosusados/cardetail.cfm?c=48764325&Hyundai.MIGHTY.1996",
  "año": "1996",
  "precioCRC": "1800000",
  "marca": "HYUNDAI",
  "modelo": "MIGHTY"
}