{
  "Cilindrada": "1500",
  "Estilo": "Sedán",
  "Combustible": "Gasolina",
  "Transmisión": "Automática/Dual",
  "Estado": "Regular",
  "Kilometraje": "ND",
  "Placa": "Termina en 3",
  "Color exterior": "VERDE",
  "Color interior": "NEGRO",
  "# de puertas": "2",
  "Ya pagó impuestos": "SI",
  "Precio negociable": "SI",
  "Se recibe vehículo": "NO",
  "Provincia": "Alajuela",
  "Fecha de ingreso": "22 de Setiembre del 2020",
  "visto": "313",
  "detalles": "Detalles de pintura por eso el precio",
  "img": "https://crautos.com/clasificados/usados/24393632-1.jpg",
  "url": "https://crautos.com/autosusados/cardetail.cfm?c=24393632&Honda.CIVIC.1994",
  "año": "1994",
  "precioCRC": "1300000",
  "marca": "HONDA",
  "modelo": "CIVIC"
}