{
  "Cilindrada": "1500",
  "Estilo": "Sedán",
  "Combustible": "Gasolina",
  "Transmisión": "Manual",
  "Estado": "Excelente",
  "Kilometraje": "131000",
  "Placa": "Termina en 0",
  "Color exterior": "NEGRO",
  "Color interior": "GRIS",
  "# de puertas": "2",
  "Ya pagó impuestos": "SI",
  "Precio negociable": "SI",
  "Se recibe vehículo": "NO",
  "Provincia": "Cartago",
  "Fecha de ingreso": "16 de Setiembre del 2020",
  "visto": "306",
  "detalles": "Excelente estado mecánico y de carrocería vehículo de cochera",
  "img": "https://crautos.com/clasificados/usados/81066000-1.jpg",
  "url": "https://crautos.com/autosusados/cardetail.cfm?c=81066000&Hyundai.EURO%20ACCENT.1998",
  "año": "1998",
  "precioCRC": "1400000",
  "marca": "HYUNDAI",
  "modelo": "EURO ACCENT"
}