{
  "Cilindrada": "1900",
  "Estilo": "Hatchback",
  "Combustible": "Diesel",
  "Transmisión": "Manual",
  "Estado": "Excelente",
  "Kilometraje": "160000",
  "Placa": "Termina en 3",
  "Color exterior": "AZUL",
  "Color interior": "BEICH",
  "# de puertas": "4",
  "Ya pagó impuestos": "SI",
  "Precio negociable": "SI",
  "Se recibe vehículo": "NO",
  "Provincia": "Alajuela",
  "Fecha de ingreso": "11 de Agosto del 2020",
  "visto": "1606",
  "detalles": "Aire vidrios eléctricos muy muy economico",
  "img": "https://crautos.com/clasificados/usados/50907359-1.jpg",
  "url": "https://crautos.com/autosusados/cardetail.cfm?c=50907359&Peugeot.206.2007",
  "año": "2007",
  "precioCRC": "1700000",
  "marca": "GEO",
  "modelo": "PEUT 206"
}