{
  "Cilindrada": "1300",
  "Estilo": "Hatchback",
  "Combustible": "Gasolina",
  "Transmisión": "Manual",
  "Estado": "Bueno",
  "Kilometraje": "ND",
  "Placa": "Termina en 9",
  "Color exterior": "BLANCO",
  "Color interior": "GRIS",
  "# de puertas": "2",
  "Ya pagó impuestos": "SI",
  "Precio negociable": "SI",
  "Se recibe vehículo": "NO",
  "Provincia": "Heredia",
  "Fecha de ingreso": "12 de Agosto del 2020",
  "visto": "2723",
  "detalles": "RTV al Dia LLantas Nuevas Inyectado",
  "img": "https://crautos.com/clasificados/usados/41088893-1.jpg",
  "url": "https://crautos.com/autosusados/cardetail.cfm?c=41088893&Ford.FESTIVA.1988",
  "año": "1988",
  "precioCRC": "600000",
  "marca": "FORD",
  "modelo": "FESTIVA"
}