{
  "Cilindrada": "2000",
  "Estilo": "Microbús/Minivan",
  "Combustible": "Gasolina",
  "Transmisión": "Manual",
  "Estado": "Bueno",
  "Kilometraje": "411000",
  "Placa": "Termina en 7",
  "Color exterior": "AZUL",
  "Color interior": "AZUL",
  "# de puertas": "4",
  "Ya pagó impuestos": "SI",
  "Precio negociable": "SI",
  "Se recibe vehículo": "NO",
  "Provincia": "San José",
  "Fecha de ingreso": "05 de Junio del 2020",
  "visto": "2900",
  "detalles": "rtv dos mil veinte y uno, extra full, radio de pantalla, entrego pintada ypolarizada , inyectada",
  "img": "https://crautos.com/clasificados/usados/75200130-1.jpg",
  "url": "https://crautos.com/autosusados/cardetail.cfm?c=75200130&Toyota.MODEL%20F.1985",
  "año": "1985",
  "precioCRC": "1800000",
  "marca": "TOYOTA",
  "modelo": "MODEL F"
}