{
  "Cilindrada": "1500",
  "Estilo": "Station Wagon",
  "Combustible": "Gasolina",
  "Transmisión": "Automática/Dual",
  "Estado": "Excelente",
  "Kilometraje": "220565",
  "Placa": "Termina en 6",
  "Color exterior": "GRIS",
  "Color interior": "GRIS",
  "# de puertas": "4",
  "Ya pagó impuestos": "SI",
  "Precio negociable": "SI",
  "Se recibe vehículo": "NO",
  "Provincia": "San José",
  "Fecha de ingreso": "03 de Setiembre del 2020",
  "visto": "391",
  "detalles": "excelentes condiciones",
  "img": "https://crautos.com/rimages/nopiclg.jpg",
  "url": "https://crautos.com/autosusados/cardetail.cfm?c=18623453&Toyota.TERCEL.1985",
  "año": "1985",
  "precioCRC": "1000000",
  "marca": "TOYOTA",
  "modelo": "TERCEL"
}