{
  "Cilindrada": "1200",
  "Estilo": "Sedán",
  "Combustible": "Gasolina",
  "Transmisión": "Manual",
  "Estado": "Bueno",
  "Kilometraje": "ND",
  "Placa": "Termina en 5",
  "Color exterior": "AZUL",
  "Color interior": "GRIS",
  "# de puertas": "4",
  "Ya pagó impuestos": "SI",
  "Precio negociable": "SI",
  "Se recibe vehículo": "SI",
  "Provincia": "San José",
  "Fecha de ingreso": "10 de Setiembre del 2020",
  "visto": "1162",
  "detalles": "El carro esta para poner al día, se entrega al día,  recibo motos  o bicicleta y vuelto a mi favor.",
  "img": "https://crautos.com/clasificados/usados/53278336-1.jpg",
  "url": "https://crautos.com/autosusados/cardetail.cfm?c=53278336&Subaru.J12.1988",
  "año": "1988",
  "precioCRC": "600000",
  "marca": "SUBARU",
  "modelo": "J12"
}