{
  "Cilindrada": "800",
  "Estilo": "Hatchback",
  "Combustible": "Gasolina",
  "Transmisión": "Manual",
  "Estado": "Muy Bueno",
  "Kilometraje": "68325",
  "Placa": "Termina en 7",
  "Color exterior": "NEGRO",
  "Color interior": "GRIS",
  "# de puertas": "5",
  "Ya pagó impuestos": "SI",
  "Precio negociable": "SI",
  "Se recibe vehículo": "NO",
  "Provincia": "San José",
  "Fecha de ingreso": "09 de Setiembre del 2020",
  "visto": "584",
  "detalles": "Súper económico todo al día detalles de pintura",
  "img": "https://crautos.com/clasificados/usados/19602352-1.jpg",
  "url": "https://crautos.com/autosusados/cardetail.cfm?c=19602352&Chevrolet.SPARK.2000",
  "año": "2000",
  "precioCRC": "1550000",
  "marca": "CHEVROLET",
  "modelo": "SPARK"
}