{
  "Cilindrada": "1500",
  "Estilo": "Pickup 4x2",
  "Combustible": "Gasolina",
  "Transmisión": "Manual",
  "Estado": "Excelente",
  "Kilometraje": "200000",
  "Placa": "Termina en 7",
  "Color exterior": "ROJO",
  "Color interior": "NEGRO",
  "# de puertas": "2",
  "Ya pagó impuestos": "SI",
  "Precio negociable": "SI",
  "Se recibe vehículo": "NO",
  "Provincia": "San José",
  "Fecha de ingreso": "18 de Setiembre del 2020",
  "visto": "589",
  "detalles": "excelentes condiciones riteve vence julio dos mil veintiuno aire acondicionado",
  "img": "https://crautos.com/clasificados/usados/11892540-1.jpg",
  "url": "https://crautos.com/autosusados/cardetail.cfm?c=11892540&Fiat.FIORINO.1995",
  "año": "1995",
  "precioCRC": "1700000",
  "marca": "FIAT",
  "modelo": "FIORINO"
}