{
  "Cilindrada": "1800",
  "Estilo": "Sedán",
  "Combustible": "Gasolina",
  "Transmisión": "Automática/Dual",
  "Estado": "Bueno",
  "Kilometraje": "110159",
  "Placa": "Termina en 8",
  "Color exterior": "NEGRO",
  "Color interior": "GRIS",
  "# de puertas": "4",
  "Ya pagó impuestos": "SI",
  "Precio negociable": "SI",
  "Se recibe vehículo": "NO",
  "Provincia": "Cartago",
  "Fecha de ingreso": "29 de Setiembre del 2020",
  "visto": "161",
  "detalles": "Carro mecánicamente en buen estado-es por fuera la carrocería que tiene detalles por eso el precio",
  "img": "https://crautos.com/clasificados/usados/97488255-1.jpg",
  "url": "https://crautos.com/autosusados/cardetail.cfm?c=97488255&Kia.SEPHIA.2001",
  "año": "2001",
  "precioCRC": "1200000",
  "marca": "KIA",
  "modelo": "SEPHIA"
}