{
  "Cilindrada": "1500",
  "Estilo": "Sedán",
  "Combustible": "Gasolina",
  "Transmisión": "Manual",
  "Estado": "Excelente",
  "Kilometraje": "128672",
  "Placa": "Termina en 1",
  "Color exterior": "AZUL",
  "Color interior": "GRIS",
  "# de puertas": "4",
  "Ya pagó impuestos": "SI",
  "Precio negociable": "SI",
  "Se recibe vehículo": "NO",
  "Provincia": "Cartago",
  "Fecha de ingreso": "13 de Agosto del 2020",
  "visto": "499",
  "detalles": "Exelente estado recién anillado tambores y discos  nuevos bomba de gasolina  nueva tune up recién",
  "img": "https://crautos.com/rimages/nopiclg.jpg",
  "url": "https://crautos.com/autosusados/cardetail.cfm?c=17132261&Toyota.TERCEL.1991",
  "año": "1991",
  "precioCRC": "1500000",
  "marca": "TOYOTA",
  "modelo": "TERCEL"
}