{
  "Cilindrada": "1600",
  "Estilo": "Sedán",
  "Combustible": "Gasolina",
  "Transmisión": "Manual",
  "Estado": "Muy Bueno",
  "Kilometraje": "ND",
  "Placa": "Termina en",
  "Color exterior": "NEGRO",
  "Color interior": "GRIS",
  "# de puertas": "4",
  "Ya pagó impuestos": "SI",
  "Precio negociable": "SI",
  "Se recibe vehículo": "NO",
  "Provincia": "Heredia",
  "Fecha de ingreso": "05 de Agosto del 2020",
  "visto": "531",
  "detalles": "Ese carro es un Nissan Sentra 1994 gxe Versión americana  Edición limitada (no hay muchos de este ti",
  "img": "https://crautos.com/rimages/nopiclg.jpg",
  "url": "https://crautos.com/autosusados/cardetail.cfm?c=65671430&Nissan.SENTRA%20GXE%20.1994",
  "año": "1994",
  "precioCRC": "1700000",
  "marca": "NISSAN",
  "modelo": "SENTRA GXE"
}