{
  "Cilindrada": "2000",
  "Estilo": "Sedán",
  "Combustible": "Gasolina",
  "Transmisión": "Manual",
  "Estado": "Muy Bueno",
  "Kilometraje": "241000",
  "Placa": "Termina en 4",
  "Color exterior": "AZUL",
  "Color interior": "GRIS",
  "# de puertas": "4",
  "Ya pagó impuestos": "NO",
  "Precio negociable": "SI",
  "Se recibe vehículo": "NO",
  "Provincia": "San José",
  "Fecha de ingreso": "25 de Noviembre del 2019",
  "visto": "9945",
  "detalles": "Urge vender por eso el precio detalles en mecánica y sistema de luces reparaciones menores",
  "img": "https://crautos.com/clasificados/usados/97413089-1.jpg",
  "url": "https://crautos.com/autosusados/cardetail.cfm?c=97413089&Hyundai.ELANTRA%20.2000",
  "año": "2000",
  "precioCRC": "1500000",
  "marca": "HYUNDAI",
  "modelo": "ELANTRA"
}