{
  "Cilindrada": "1600",
  "Estilo": "Sedán",
  "Combustible": "Gasolina",
  "Transmisión": "Manual",
  "Estado": "Muy Bueno",
  "Kilometraje": "198000",
  "Placa": "ND",
  "Color exterior": "VERDE",
  "Color interior": "BEIGE",
  "# de puertas": "4",
  "Ya pagó impuestos": "SI",
  "Precio negociable": "NO",
  "Se recibe vehículo": "NO",
  "Provincia": "San José",
  "Fecha de ingreso": "11 de Agosto del 2020",
  "visto": "3419",
  "detalles": "AROS ALARMA TAPCIERIA EN EXC CONDICIONES CARRO DE USO FAMILAR",
  "img": "https://crautos.com/clasificados/usados/37111392-1.jpg",
  "url": "https://crautos.com/autosusados/cardetail.cfm?c=37111392&Nissan.SENTRA%20B14.1998",
  "año": "1998",
  "precioCRC": "1450000",
  "marca": "NISSAN",
  "modelo": "SENTRA B14"
}