{
  "Cilindrada": "1600",
  "Estilo": "Sedán",
  "Combustible": "Gasolina",
  "Transmisión": "Manual",
  "Estado": "Muy Bueno",
  "Kilometraje": "16000",
  "Placa": "Termina en 0",
  "Color exterior": "ROJO",
  "Color interior": "NEGRO",
  "# de puertas": "2",
  "Ya pagó impuestos": "SI",
  "Precio negociable": "SI",
  "Se recibe vehículo": "NO",
  "Provincia": "San José",
  "Fecha de ingreso": "28 de Setiembre del 2020",
  "visto": "178",
  "detalles": "Muy buen estado",
  "img": "https://crautos.com/clasificados/usados/49506505-1.jpg",
  "url": "https://crautos.com/autosusados/cardetail.cfm?c=49506505&Honda.CIVIC.1997",
  "año": "1997",
  "precioCRC": "1500000",
  "marca": "HONDA",
  "modelo": "CIVIC"
}