{
  "Cilindrada": "1900",
  "Estilo": "Station Wagon",
  "Combustible": "Gasolina",
  "Transmisión": "Manual",
  "Estado": "Excelente",
  "Kilometraje": "156000",
  "Placa": "Termina en 1",
  "Color exterior": "BLANCO",
  "Color interior": "GRIS",
  "# de puertas": "5",
  "Ya pagó impuestos": "SI",
  "Precio negociable": "SI",
  "Se recibe vehículo": "NO",
  "Provincia": "Alajuela",
  "Fecha de ingreso": "01 de Setiembre del 2020",
  "visto": "437",
  "img": "https://crautos.com/clasificados/usados/64079438-1.jpg",
  "url": "https://crautos.com/autosusados/cardetail.cfm?c=64079438&Ford.ESCORT%20LX%20.1995",
  "año": "1995",
  "precioCRC": "1200000",
  "marca": "FORD",
  "modelo": "ESCORT LX"
}