{
  "Cilindrada": "1600",
  "Estilo": "Sedán",
  "Combustible": "Gasolina",
  "Transmisión": "Manual",
  "Estado": "Excelente",
  "Kilometraje": "160153",
  "Placa": "Termina en 6",
  "Color exterior": "GRIS",
  "Color interior": "GRIS-NEGRO",
  "# de puertas": "5",
  "Ya pagó impuestos": "SI",
  "Precio negociable": "NO",
  "Se recibe vehículo": "NO",
  "Provincia": "San José",
  "Fecha de ingreso": "22 de Setiembre del 2020",
  "visto": "234",
  "detalles": "Excelente condición-Todo al día",
  "img": "https://crautos.com/clasificados/usados/59664696-1.jpg",
  "url": "https://crautos.com/autosusados/cardetail.cfm?c=59664696&Geo.PRIZM.1992",
  "año": "1992",
  "precioCRC": "1000000",
  "marca": "GEO",
  "modelo": "PRIZM"
}