{
  "Cilindrada": "1000",
  "Estilo": "Hatchback",
  "Combustible": "Gasolina",
  "Transmisión": "Manual",
  "Estado": "Excelente",
  "Kilometraje": "110000",
  "Placa": "Termina en 5",
  "Color exterior": "CHANPAGNE",
  "Color interior": "GRIS",
  "# de puertas": "5",
  "Ya pagó impuestos": "SI",
  "Precio negociable": "SI",
  "Se recibe vehículo": "NO",
  "Provincia": "San José",
  "Fecha de ingreso": "02 de Setiembre del 2020",
  "visto": "990",
  "img": "https://crautos.com/clasificados/usados/86980268-1.jpg",
  "url": "https://crautos.com/autosusados/cardetail.cfm?c=86980268&Daihatsu.CHARADE.2003",
  "año": "2003",
  "precioCRC": "1700000",
  "marca": "DAIHATSU",
  "modelo": "CHARADE"
}