{
  "Cilindrada": "1800",
  "Estilo": "Hatchback",
  "Combustible": "Gasolina",
  "Transmisión": "Manual",
  "Estado": "Muy Bueno",
  "Kilometraje": "200000",
  "Placa": "Termina en 2",
  "Color exterior": "CREMA",
  "Color interior": "CAFE",
  "# de puertas": "4",
  "Ya pagó impuestos": "SI",
  "Precio negociable": "SI",
  "Se recibe vehículo": "SI",
  "Provincia": "Limón",
  "Fecha de ingreso": "07 de Agosto del 2020",
  "visto": "1831",
  "detalles": "vendo o cambio por civic tercel o paseo puedo dar vuelto",
  "img": "https://crautos.com/clasificados/usados/41684485-1.jpg",
  "url": "https://crautos.com/autosusados/cardetail.cfm?c=41684485&Volkswagen.GOLF%20MK2.1985",
  "año": "1985",
  "precioCRC": "1400000",
  "marca": "VOLKSWAGEN",
  "modelo": "GOLF MK2"
}