{
  "Cilindrada": "1500",
  "Estilo": "Sedán",
  "Combustible": "Gasolina",
  "Transmisión": "Manual",
  "Estado": "Bueno",
  "Kilometraje": "237000",
  "Placa": "Termina en 8",
  "Color exterior": "CELESTE",
  "Color interior": "GRIS",
  "# de puertas": "4",
  "Ya pagó impuestos": "SI",
  "Precio negociable": "SI",
  "Se recibe vehículo": "NO",
  "Provincia": "San José",
  "Fecha de ingreso": "18 de Setiembre del 2020",
  "visto": "464",
  "detalles": "Radiador batería y mangueras nuevas. Muy bien de motor.Todo al día.",
  "img": "https://crautos.com/clasificados/usados/29212679-1.jpg",
  "url": "https://crautos.com/autosusados/cardetail.cfm?c=29212679&Hyundai.EXCEL.1991",
  "año": "1991",
  "precioCRC": "750000",
  "marca": "HYUNDAI",
  "modelo": "EXCEL"
}