{
  "Cilindrada": "1500",
  "Estilo": "Sedán",
  "Combustible": "Gasolina",
  "Transmisión": "Manual",
  "Estado": "Excelente",
  "Kilometraje": "280435",
  "Placa": "Termina en 6",
  "Color exterior": "AZUL",
  "Color interior": "GRIS",
  "# de puertas": "4",
  "Ya pagó impuestos": "SI",
  "Precio negociable": "SI",
  "Se recibe vehículo": "NO",
  "Provincia": "Heredia",
  "Fecha de ingreso": "31 de Agosto del 2020",
  "visto": "898",
  "detalles": "Carro en excelente estado con buen mantenimiento y precio negociable.",
  "img": "https://crautos.com/clasificados/usados/41400519-1.jpg",
  "url": "https://crautos.com/autosusados/cardetail.cfm?c=41400519&Hyundai.ELANTRA.2002",
  "año": "2002",
  "precioCRC": "1700000",
  "marca": "HYUNDAI",
  "modelo": "ELANTRA"
}