{
  "Cilindrada": "1500",
  "Estilo": "Sedán",
  "Combustible": "Gasolina",
  "Transmisión": "Manual",
  "Estado": "Excelente",
  "Kilometraje": "158900",
  "Placa": "Termina en 8",
  "Color exterior": "VERDE",
  "Color interior": "NEGRO, GRIS",
  "# de puertas": "2",
  "Ya pagó impuestos": "SI",
  "Precio negociable": "SI",
  "Se recibe vehículo": "NO",
  "Provincia": "Heredia",
  "Fecha de ingreso": "04 de Setiembre del 2020",
  "visto": "874",
  "detalles": "Esta en muy buenas condiciones iimpecable de pintura hoja de rtv en blanco",
  "img": "https://crautos.com/clasificados/usados/82761535-1.jpg",
  "url": "https://crautos.com/autosusados/cardetail.cfm?c=82761535&Toyota.TERCEL.1992",
  "año": "1992",
  "precioCRC": "1250000",
  "marca": "TOYOTA",
  "modelo": "TERCEL"
}