{
  "Cilindrada": "1400",
  "Estilo": "Sedán",
  "Combustible": "Gasolina",
  "Transmisión": "Manual",
  "Estado": "Excelente",
  "Kilometraje": "312334",
  "Placa": "ND",
  "Color exterior": "BLANCO",
  "Color interior": "VINO",
  "# de puertas": "4",
  "Ya pagó impuestos": "SI",
  "Precio negociable": "SI",
  "Se recibe vehículo": "NO",
  "Provincia": "Alajuela",
  "Fecha de ingreso": "28 de Setiembre del 2020",
  "visto": "38",
  "detalles": "Excelente estado uso familiar precio negociable",
  "img": "https://crautos.com/rimages/nopiclg.jpg",
  "url": "https://crautos.com/autosusados/cardetail.cfm?c=58137178&Nissan.SENTRA.1992",
  "año": "1992",
  "precioCRC": "1300000",
  "marca": "NISSAN",
  "modelo": "SENTRA"
}