{
  "Cilindrada": "1600",
  "Estilo": "Sedán",
  "Combustible": "Gasolina",
  "Transmisión": "Manual",
  "Estado": "Muy Bueno",
  "Kilometraje": "152000",
  "Placa": "Termina en 1",
  "Color exterior": "AZUL",
  "Color interior": "GRIS",
  "# de puertas": "4",
  "Ya pagó impuestos": "SI",
  "Precio negociable": "SI",
  "Se recibe vehículo": "NO",
  "Provincia": "Cartago",
  "Fecha de ingreso": "16 de Setiembre del 2020",
  "visto": "543",
  "img": "https://crautos.com/clasificados/usados/15991920-1.jpg",
  "url": "https://crautos.com/autosusados/cardetail.cfm?c=15991920&Nissan.SENTRA%20GXE.1992",
  "año": "1992",
  "precioCRC": "1325000",
  "marca": "NISSAN",
  "modelo": "SENTRA GXE"
}