{
  "Cilindrada": "1500",
  "Estilo": "Sedán",
  "Combustible": "Gasolina",
  "Transmisión": "Manual",
  "Estado": "Excelente",
  "Kilometraje": "227800",
  "Placa": "Termina en 9",
  "Color exterior": "CELESTE",
  "Color interior": "NEGRO Y GRIS",
  "# de puertas": "2",
  "Ya pagó impuestos": "SI",
  "Precio negociable": "SI",
  "Se recibe vehículo": "NO",
  "Provincia": "San José",
  "Fecha de ingreso": "04 de Setiembre del 2020",
  "visto": "540",
  "detalles": "En muy buen estado",
  "img": "https://crautos.com/clasificados/usados/72215045-1.jpg",
  "url": "https://crautos.com/autosusados/cardetail.cfm?c=72215045&Toyota.TERCEL.1992",
  "año": "1992",
  "precioCRC": "1300000",
  "marca": "TOYOTA",
  "modelo": "TERCEL"
}