{
  "Cilindrada": "1900",
  "Estilo": "Pánel",
  "Combustible": "Diesel",
  "Transmisión": "Manual",
  "Estado": "Muy Bueno",
  "Kilometraje": "350000",
  "Placa": "Termina en 3",
  "Color exterior": "BLANCO",
  "Color interior": "NEGRO",
  "# de puertas": "2",
  "Ya pagó impuestos": "SI",
  "Precio negociable": "SI",
  "Se recibe vehículo": "NO",
  "Provincia": "Alajuela",
  "Fecha de ingreso": "09 de Setiembre del 2020",
  "visto": "418",
  "detalles": "Carro de trabajo muy espacioso y económico. Muy cuidado mecánicamente. Todo al día y sin broncas",
  "img": "https://crautos.com/rimages/nopiclg.jpg",
  "url": "https://crautos.com/autosusados/cardetail.cfm?c=33817030&Peugeot.PARTNER.2006",
  "año": "2006",
  "precioCRC": "1600000",
  "marca": "GEO",
  "modelo": "PEUT PARTNER"
}