{
  "Cilindrada": "2000",
  "Estilo": "Sedán",
  "Combustible": "Gasolina",
  "Transmisión": "Manual",
  "Estado": "Muy Bueno",
  "Kilometraje": "197000",
  "Placa": "Termina en 2",
  "Color exterior": "VERDE",
  "Color interior": "GRIS",
  "# de puertas": "5",
  "Ya pagó impuestos": "SI",
  "Precio negociable": "SI",
  "Se recibe vehículo": "NO",
  "Provincia": "San José",
  "Fecha de ingreso": "18 de Setiembre del 2020",
  "visto": "268",
  "detalles": "RTV HASTA FEBRERO DEL DOSMIL VEINTIUNO MUY ESPACIONSO Y CONFORTABLE",
  "img": "https://crautos.com/clasificados/usados/79291494-1.jpg",
  "url": "https://crautos.com/autosusados/cardetail.cfm?c=79291494&Hyundai.SONATA.2000",
  "año": "2000",
  "precioCRC": "1450000",
  "marca": "HYUNDAI",
  "modelo": "SONATA"
}