{
  "Cilindrada": "1500",
  "Estilo": "Sedán",
  "Combustible": "Gasolina",
  "Transmisión": "Manual",
  "Estado": "Muy Bueno",
  "Kilometraje": "ND",
  "Placa": "Termina en 9",
  "Color exterior": "GRIS PLATA",
  "Color interior": "GRIS",
  "# de puertas": "3",
  "Ya pagó impuestos": "SI",
  "Precio negociable": "NO",
  "Se recibe vehículo": "NO",
  "Provincia": "San José",
  "Fecha de ingreso": "23 de Setiembre del 2020",
  "visto": "171",
  "detalles": "Motor Mitsubishi. Quema cocos",
  "img": "https://crautos.com/clasificados/usados/66419781-1.jpg",
  "url": "https://crautos.com/autosusados/cardetail.cfm?c=66419781&Hyundai.EXCEL.1994",
  "año": "1994",
  "precioCRC": "1450000",
  "marca": "HYUNDAI",
  "modelo": "EXCEL"
}