{
  "Cilindrada": "1600",
  "Estilo": "Sedán",
  "Combustible": "Gasolina",
  "Transmisión": "Manual",
  "Estado": "Bueno",
  "Kilometraje": "92000",
  "Placa": "Termina en 3",
  "Color exterior": "GRIS",
  "Color interior": "GRIS",
  "# de puertas": "2",
  "Ya pagó impuestos": "SI",
  "Precio negociable": "SI",
  "Se recibe vehículo": "NO",
  "Provincia": "Cartago",
  "Fecha de ingreso": "22 de Setiembre del 2020",
  "visto": "322",
  "detalles": "Tiene el motor nuevo le hice overhaul. Mecánicamente muy bien.",
  "img": "https://crautos.com/clasificados/usados/96403733-1.jpg",
  "url": "https://crautos.com/autosusados/cardetail.cfm?c=96403733&Honda.CIVIC%20EX.1994",
  "año": "1994",
  "precioCRC": "1500000",
  "marca": "HONDA",
  "modelo": "CIVIC EX"
}