{
  "Cilindrada": "1500",
  "Estilo": "Sedán",
  "Combustible": "Gasolina",
  "Transmisión": "Manual",
  "Estado": "Bueno",
  "Kilometraje": "300000",
  "Placa": "Termina en 0",
  "Color exterior": "ROJO",
  "Color interior": "GRIS",
  "# de puertas": "4",
  "Ya pagó impuestos": "SI",
  "Precio negociable": "SI",
  "Se recibe vehículo": "NO",
  "Provincia": "Heredia",
  "Fecha de ingreso": "18 de Agosto del 2020",
  "visto": "493",
  "detalles": "Necesita un par de ajustes por ese motivo el precio",
  "img": "https://crautos.com/rimages/nopiclg.jpg",
  "url": "https://crautos.com/autosusados/cardetail.cfm?c=26388334&Hyundai.ACCENT.2000",
  "año": "2000",
  "precioCRC": "1500000",
  "marca": "HYUNDAI",
  "modelo": "ACCENT"
}