{
  "Cilindrada": "1600",
  "Estilo": "Sedán",
  "Combustible": "Gasolina",
  "Transmisión": "Manual",
  "Estado": "Excelente",
  "Kilometraje": "170900",
  "Placa": "Termina en 6",
  "Color exterior": "NEGRO",
  "Color interior": "GRIS",
  "# de puertas": "4",
  "Ya pagó impuestos": "SI",
  "Precio negociable": "NO",
  "Se recibe vehículo": "NO",
  "Provincia": "Heredia",
  "Fecha de ingreso": "18 de Agosto del 2020",
  "visto": "1131",
  "detalles": "Muy buen estado rtv hasta el otro año",
  "img": "https://crautos.com/clasificados/usados/10732591-1.jpg",
  "url": "https://crautos.com/autosusados/cardetail.cfm?c=10732591&Nissan.SENTRA%20B13.1994",
  "año": "1994",
  "precioCRC": "1700000",
  "marca": "NISSAN",
  "modelo": "SENTRA B13"
}