{
  "Cilindrada": "1800",
  "Estilo": "Sedán",
  "Combustible": "Gasolina",
  "Transmisión": "Manual",
  "Estado": "Muy Bueno",
  "Kilometraje": "134000",
  "Placa": "Termina en 1",
  "Color exterior": "NEGRO",
  "Color interior": "GRIS",
  "# de puertas": "5",
  "Ya pagó impuestos": "SI",
  "Precio negociable": "SI",
  "Se recibe vehículo": "NO",
  "Provincia": "Puntarenas",
  "Fecha de ingreso": "20 de Agosto del 2020",
  "visto": "461",
  "img": "https://crautos.com/rimages/nopiclg.jpg",
  "url": "https://crautos.com/autosusados/cardetail.cfm?c=74099342&Volkswagen.GOL.2001",
  "año": "2001",
  "precioCRC": "1750000",
  "marca": "VOLKSWAGEN",
  "modelo": "GOL"
}