{
  "Cilindrada": "1500",
  "Estilo": "Sedán",
  "Combustible": "Gasolina",
  "Transmisión": "Manual",
  "Estado": "Muy Bueno",
  "Kilometraje": "165000",
  "Placa": "Termina en 7",
  "Color exterior": "BLANCO",
  "Color interior": "GRIS",
  "# de puertas": "4",
  "Ya pagó impuestos": "SI",
  "Precio negociable": "SI",
  "Se recibe vehículo": "NO",
  "Provincia": "Alajuela",
  "Fecha de ingreso": "19 de Agosto del 2020",
  "visto": "2302",
  "detalles": "DETALLES DE PINTURA MECANICAMENTE EXCELENTE",
  "img": "https://crautos.com/clasificados/usados/22302448-1.jpg",
  "url": "https://crautos.com/autosusados/cardetail.cfm?c=22302448&Hyundai.ACCENT%20GLS.2000",
  "año": "2000",
  "precioCRC": "1350000",
  "marca": "HYUNDAI",
  "modelo": "ACCENT GLS"
}