{
  "Cilindrada": "1500",
  "Estilo": "Sedán",
  "Combustible": "Gasolina",
  "Transmisión": "Manual",
  "Estado": "Excelente",
  "Kilometraje": "450000",
  "Placa": "Termina en 6",
  "Color exterior": "VINOTINTO",
  "Color interior": "GRIS OSCURO",
  "# de puertas": "4",
  "Ya pagó impuestos": "SI",
  "Precio negociable": "SI",
  "Se recibe vehículo": "NO",
  "Provincia": "San José",
  "Fecha de ingreso": "31 de Agosto del 2020",
  "visto": "338",
  "detalles": "Accent en muy estado.",
  "img": "https://crautos.com/rimages/nopiclg.jpg",
  "url": "https://crautos.com/autosusados/cardetail.cfm?c=71549865&Hyundai.ACCENT.1996",
  "año": "1996",
  "precioCRC": "1200000",
  "marca": "HYUNDAI",
  "modelo": "ACCENT"
}