{
  "Cilindrada": "1500",
  "Estilo": "Sedán",
  "Combustible": "Gasolina",
  "Transmisión": "Manual",
  "Estado": "Muy Bueno",
  "Kilometraje": "200000",
  "Placa": "Termina en 5",
  "Color exterior": "VERDE",
  "Color interior": "GRIS",
  "# de puertas": "2",
  "Ya pagó impuestos": "SI",
  "Precio negociable": "SI",
  "Se recibe vehículo": "NO",
  "Provincia": "Puntarenas",
  "Fecha de ingreso": "01 de Octubre del 2020",
  "visto": "14",
  "img": "https://crautos.com/rimages/nopiclg.jpg",
  "url": "https://crautos.com/autosusados/cardetail.cfm?c=76043189&Honda.CIVIC.1995",
  "año": "1995",
  "precioCRC": "1550000",
  "marca": "HONDA",
  "modelo": "CIVIC"
}