{
  "Cilindrada": "1300",
  "Estilo": "Sedán",
  "Combustible": "Gasolina",
  "Transmisión": "Manual",
  "Estado": "Excelente",
  "Kilometraje": "175000",
  "Placa": "Termina en 5",
  "Color exterior": "BEIGE",
  "Color interior": "GRIS",
  "# de puertas": "5",
  "Ya pagó impuestos": "SI",
  "Precio negociable": "SI",
  "Se recibe vehículo": "NO",
  "Provincia": "Alajuela",
  "Fecha de ingreso": "10 de Agosto del 2020",
  "visto": "1948",
  "detalles": "Vendo porque ya tengo otro vehículo.",
  "img": "https://crautos.com/clasificados/usados/21076522-1.jpg",
  "url": "https://crautos.com/autosusados/cardetail.cfm?c=21076522&Fiat.PUNTO.2002",
  "año": "2002",
  "precioCRC": "1350000",
  "marca": "FIAT",
  "modelo": "PUNTO"
}