{
  "Cilindrada": "1600",
  "Estilo": "Sedán",
  "Combustible": "Gasolina",
  "Transmisión": "Manual",
  "Estado": "Regular",
  "Kilometraje": "ND",
  "Placa": "Termina en 2",
  "Color exterior": "AZUL",
  "Color interior": "BEIGE",
  "# de puertas": "4",
  "Ya pagó impuestos": "SI",
  "Precio negociable": "SI",
  "Se recibe vehículo": "NO",
  "Provincia": "San José",
  "Fecha de ingreso": "02 de Octubre del 2020",
  "visto": "4",
  "detalles": "Detalles de pintura",
  "img": "https://crautos.com/rimages/nopiclg.jpg",
  "url": "https://crautos.com/autosusados/cardetail.cfm?c=67177934&Mazda.PROTEGE.1996",
  "año": "1996",
  "precioCRC": "900000",
  "marca": "MAZDA",
  "modelo": "PROTEGE"
}