{
  "Cilindrada": "2200",
  "Estilo": "Sedán",
  "Combustible": "Gasolina",
  "Transmisión": "Automática/Dual",
  "Estado": "Muy Bueno",
  "Kilometraje": "180000",
  "Placa": "Termina en 9",
  "Color exterior": "AZUL",
  "Color interior": "GRIS",
  "# de puertas": "4",
  "Ya pagó impuestos": "SI",
  "Precio negociable": "SI",
  "Se recibe vehículo": "NO",
  "Provincia": "Cartago",
  "Fecha de ingreso": "25 de Agosto del 2020",
  "visto": "735",
  "detalles": "excelente estado - full electrico ventanas  y retrovisores- sunroof - recibo y vuelto radio bluethoo",
  "img": "https://crautos.com/clasificados/usados/92064360-1.jpg",
  "url": "https://crautos.com/autosusados/cardetail.cfm?c=92064360&Honda.ACCORD%20EX.1993",
  "año": "1993",
  "precioCRC": "1400000",
  "marca": "HONDA",
  "modelo": "ACCORD EX"
}