{
  "Cilindrada": "1600",
  "Estilo": "Sedán",
  "Combustible": "Gasolina",
  "Transmisión": "Manual",
  "Estado": "Muy Bueno",
  "Kilometraje": "234000",
  "Placa": "Termina en 1",
  "Color exterior": "AZUL",
  "Color interior": "NEGRO",
  "# de puertas": "3",
  "Ya pagó impuestos": "SI",
  "Precio negociable": "SI",
  "Se recibe vehículo": "NO",
  "Provincia": "Cartago",
  "Fecha de ingreso": "03 de Setiembre del 2020",
  "visto": "518",
  "detalles": "Precio negociable. Puede llamar si ocupa mas información",
  "img": "https://crautos.com/clasificados/usados/67736907-1.jpg",
  "url": "https://crautos.com/autosusados/cardetail.cfm?c=67736907&Peugeot.206%20BERLINA.2003",
  "año": "2003",
  "precioCRC": "1700000",
  "marca": "GEO",
  "modelo": "PEUT 206 BERLINA"
}