{
  "Cilindrada": "1200",
  "Estilo": "Microbús/Minivan",
  "Combustible": "Gasolina",
  "Transmisión": "Manual",
  "Estado": "Muy Bueno",
  "Kilometraje": "46620",
  "Placa": "Termina en 7",
  "Color exterior": "ROJO",
  "Color interior": "NEGRO",
  "# de puertas": "5",
  "Ya pagó impuestos": "SI",
  "Precio negociable": "SI",
  "Se recibe vehículo": "NO",
  "Provincia": "Cartago",
  "Fecha de ingreso": "04 de Agosto del 2020",
  "visto": "1686",
  "detalles": "Esta en Tres Rios. muy buen estado. encendido electronico",
  "img": "https://crautos.com/clasificados/usados/84674909-1.jpg",
  "url": "https://crautos.com/autosusados/cardetail.cfm?c=84674909&Datsun.DATSUN.1980",
  "año": "1980",
  "precioCRC": "1200000",
  "marca": "DATSUN",
  "modelo": "DATSUN"
}