{
  "Cilindrada": "1600",
  "Estilo": "Station Wagon",
  "Combustible": "Gasolina",
  "Transmisión": "Manual",
  "Estado": "Bueno",
  "Kilometraje": "250000",
  "Placa": "Termina en 6",
  "Color exterior": "AZUL",
  "Color interior": "AZUL",
  "# de puertas": "4",
  "Ya pagó impuestos": "SI",
  "Precio negociable": "SI",
  "Se recibe vehículo": "NO",
  "Provincia": "San José",
  "Fecha de ingreso": "11 de Setiembre del 2020",
  "visto": "1028",
  "img": "https://crautos.com/clasificados/usados/83599801-1.jpg",
  "url": "https://crautos.com/autosusados/cardetail.cfm?c=83599801&Toyota.COROLLA.1989",
  "año": "1989",
  "precioCRC": "1000000",
  "marca": "TOYOTA",
  "modelo": "COROLLA"
}