{
  "Cilindrada": "1500",
  "Estilo": "Sedán",
  "Combustible": "Gasolina",
  "Transmisión": "Manual",
  "Estado": "Muy Bueno",
  "Kilometraje": "ND",
  "Placa": "Termina en 9",
  "Color exterior": "BLANCO",
  "Color interior": "GRIS",
  "# de puertas": "4",
  "Ya pagó impuestos": "SI",
  "Precio negociable": "SI",
  "Se recibe vehículo": "NO",
  "Provincia": "Cartago",
  "Fecha de ingreso": "23 de Setiembre del 2020",
  "visto": "754",
  "detalles": "Al dia es mecánico hay q arrelglar o cambiar el motor se vende o se cambia por sentra",
  "img": "https://crautos.com/clasificados/usados/89681831-1.jpg",
  "url": "https://crautos.com/autosusados/cardetail.cfm?c=89681831&Toyota.TERCEL.1999",
  "año": "1999",
  "precioCRC": "1400000",
  "marca": "TOYOTA",
  "modelo": "TERCEL"
}