{
  "Cilindrada": "1500",
  "Estilo": "Sedán",
  "Combustible": "Gasolina",
  "Transmisión": "Manual",
  "Estado": "Muy Bueno",
  "Kilometraje": "220000",
  "Placa": "Termina en 9",
  "Color exterior": "BEIGE",
  "Color interior": "BEIGE",
  "# de puertas": "4",
  "Ya pagó impuestos": "SI",
  "Precio negociable": "SI",
  "Se recibe vehículo": "NO",
  "Provincia": "Guanacaste",
  "Fecha de ingreso": "07 de Setiembre del 2020",
  "visto": "532",
  "detalles": "Excelente estado solo vendo",
  "img": "https://crautos.com/clasificados/usados/41896717-1.jpg",
  "url": "https://crautos.com/autosusados/cardetail.cfm?c=41896717&Hyundai.ACCENT.2000",
  "año": "2000",
  "precioCRC": "1500000",
  "marca": "HYUNDAI",
  "modelo": "ACCENT"
}