{
  "Cilindrada": "1600",
  "Estilo": "Sedán",
  "Combustible": "Gasolina",
  "Transmisión": "Automática/Dual",
  "Estado": "Regular",
  "Kilometraje": "173032",
  "Placa": "Termina en 0",
  "Color exterior": "GRIS",
  "Color interior": "GRIS",
  "# de puertas": "4",
  "Ya pagó impuestos": "SI",
  "Precio negociable": "NO",
  "Se recibe vehículo": "NO",
  "Provincia": "Alajuela",
  "Fecha de ingreso": "29 de Setiembre del 2020",
  "visto": "729",
  "detalles": "El vehículo requiere overholl o cambio de motor. Más info por mensaje directo.",
  "img": "https://crautos.com/clasificados/usados/62242223-1.jpg",
  "url": "https://crautos.com/autosusados/cardetail.cfm?c=62242223&Chevrolet.OPTRA.2006",
  "año": "2006",
  "precioCRC": "1000000",
  "marca": "CHEVROLET",
  "modelo": "OPTRA"
}