{
  "Cilindrada": "800",
  "Estilo": "Pánel",
  "Combustible": "Gasolina",
  "Transmisión": "Manual",
  "Estado": "Excelente",
  "Kilometraje": "110000",
  "Placa": "ND",
  "Color exterior": "BLANCO",
  "Color interior": "NEGRO",
  "# de puertas": "5",
  "Ya pagó impuestos": "SI",
  "Precio negociable": "SI",
  "Se recibe vehículo": "NO",
  "Provincia": "San José",
  "Fecha de ingreso": "30 de Setiembre del 2020",
  "visto": "133",
  "detalles": "Muy buen estado arranca y camina",
  "img": "https://crautos.com/clasificados/usados/29073869-1.jpg",
  "url": "https://crautos.com/autosusados/cardetail.cfm?c=29073869&Asia.TOWNER.2000",
  "año": "2000",
  "precioCRC": "700000",
  "marca": "ASIA",
  "modelo": "TOWNER"
}