{
  "Cilindrada": "1600",
  "Estilo": "Sedán",
  "Combustible": "Gasolina",
  "Transmisión": "Manual",
  "Estado": "Excelente",
  "Kilometraje": "212354",
  "Placa": "Termina en 6",
  "Color exterior": "NEGRO PERLADO",
  "Color interior": "CAFE",
  "# de puertas": "2",
  "Ya pagó impuestos": "SI",
  "Precio negociable": "SI",
  "Se recibe vehículo": "NO",
  "Provincia": "Cartago",
  "Fecha de ingreso": "01 de Setiembre del 2020",
  "visto": "718",
  "detalles": "Excelente estado de mecanica y carroceria muy cuidado!",
  "img": "https://crautos.com/clasificados/usados/83731230-1.jpg",
  "url": "https://crautos.com/autosusados/cardetail.cfm?c=83731230&Toyota.TERCEL.1996",
  "año": "1996",
  "precioCRC": "1750000",
  "marca": "TOYOTA",
  "modelo": "TERCEL"
}