{
  "Cilindrada": "1300",
  "Estilo": "Hatchback",
  "Combustible": "Gasolina",
  "Transmisión": "Manual",
  "Estado": "Bueno",
  "Kilometraje": "276987",
  "Placa": "Termina en 4",
  "Color exterior": "GRIS CLARO",
  "Color interior": "GRIS OSCURO",
  "# de puertas": "5",
  "Ya pagó impuestos": "SI",
  "Precio negociable": "SI",
  "Se recibe vehículo": "NO",
  "Provincia": "San José",
  "Fecha de ingreso": "11 de Agosto del 2020",
  "visto": "1040",
  "detalles": "Esta en muy buen estado y con todo al dia",
  "img": "https://crautos.com/clasificados/usados/25016315-1.jpg",
  "url": "https://crautos.com/autosusados/cardetail.cfm?c=25016315&Fiat.UNO%20FIRE.2007",
  "año": "2007",
  "precioCRC": "1600000",
  "marca": "FIAT",
  "modelo": "UNO FIRE"
}