{
  "Cilindrada": "1600",
  "Estilo": "Sedán",
  "Combustible": "Gasolina",
  "Transmisión": "Automática/Dual",
  "Estado": "Bueno",
  "Kilometraje": "263000",
  "Placa": "Termina en 2",
  "Color exterior": "GRIS",
  "Color interior": "CAFE",
  "# de puertas": "4",
  "Ya pagó impuestos": "SI",
  "Precio negociable": "SI",
  "Se recibe vehículo": "NO",
  "Provincia": "San José",
  "Fecha de ingreso": "25 de Setiembre del 2020",
  "visto": "328",
  "detalles": "Carro en buen estado Urge Vender todo al dia se escuchan Ofertas",
  "img": "https://crautos.com/clasificados/usados/94658193-1.jpg",
  "url": "https://crautos.com/autosusados/cardetail.cfm?c=94658193&Nissan.SENTRA%20B14.1995",
  "año": "1995",
  "precioCRC": "1550000",
  "marca": "NISSAN",
  "modelo": "SENTRA B14"
}