{
  "Cilindrada": "2000",
  "Estilo": "Hatchback",
  "Combustible": "Gasolina",
  "Transmisión": "Manual",
  "Estado": "Excelente",
  "Kilometraje": "700000",
  "Placa": "ND",
  "Color exterior": "NEGRO",
  "Color interior": "GRIS",
  "# de puertas": "5",
  "Ya pagó impuestos": "SI",
  "Precio negociable": "NO",
  "Se recibe vehículo": "NO",
  "Provincia": "Alajuela",
  "Fecha de ingreso": "15 de Setiembre del 2020",
  "visto": "1618",
  "detalles": "Se vende en ese precio porque tiene el motor malo el cual vale  doscientos mil en repuestos patitas",
  "img": "https://crautos.com/clasificados/usados/66924409-1.jpg",
  "url": "https://crautos.com/autosusados/cardetail.cfm?c=66924409&Volkswagen.GOLF.2000",
  "año": "2000",
  "precioCRC": "850000",
  "marca": "VOLKSWAGEN",
  "modelo": "GOLF"
}