{
  "Cilindrada": "2000",
  "Estilo": "Sedán",
  "Combustible": "Gasolina",
  "Transmisión": "Manual",
  "Estado": "Bueno",
  "Kilometraje": "102000",
  "Placa": "Termina en 2",
  "Color exterior": "NEGRO",
  "Color interior": "NEFRO",
  "# de puertas": "2",
  "Ya pagó impuestos": "SI",
  "Precio negociable": "NO",
  "Se recibe vehículo": "NO",
  "Provincia": "San José",
  "Fecha de ingreso": "07 de Setiembre del 2020",
  "visto": "2579",
  "img": "https://crautos.com/clasificados/usados/65867481-1.jpg",
  "url": "https://crautos.com/autosusados/cardetail.cfm?c=65867481&Hyundai.ECLIPSE.1997",
  "año": "1997",
  "precioCRC": "650000",
  "marca": "HYUNDAI",
  "modelo": "ECLIPSE"
}