{
  "Cilindrada": "1600",
  "Estilo": "Sedán",
  "Combustible": "Gasolina",
  "Transmisión": "Manual",
  "Estado": "Muy Bueno",
  "Kilometraje": "200000",
  "Placa": "Termina en 1",
  "Color exterior": "GRIS",
  "Color interior": "GRIS",
  "# de puertas": "4",
  "Ya pagó impuestos": "SI",
  "Precio negociable": "SI",
  "Se recibe vehículo": "NO",
  "Provincia": "Alajuela",
  "Fecha de ingreso": "28 de Agosto del 2020",
  "visto": "1791",
  "detalles": "Ubicado en Bijagua muy buenas condiciones",
  "img": "https://crautos.com/clasificados/usados/70678271-1.jpg",
  "url": "https://crautos.com/autosusados/cardetail.cfm?c=70678271&Nissan.SENTRA%20B13.2000",
  "año": "2000",
  "precioCRC": "1500000",
  "marca": "NISSAN",
  "modelo": "SENTRA B13"
}