{
  "Cilindrada": "1500",
  "Estilo": "Sedán",
  "Combustible": "Híbrido",
  "Transmisión": "Manual",
  "Estado": "Muy Bueno",
  "Kilometraje": "75000",
  "Placa": "ND",
  "Color exterior": "GRIS",
  "Color interior": "GRIS",
  "# de puertas": "4",
  "Ya pagó impuestos": "SI",
  "Precio negociable": "SI",
  "Se recibe vehículo": "NO",
  "Provincia": "San José",
  "Fecha de ingreso": "08 de Setiembre del 2020",
  "visto": "728",
  "img": "https://crautos.com/rimages/nopiclg.jpg",
  "url": "https://crautos.com/autosusados/cardetail.cfm?c=24851044&Chevrolet.AVEO.2008",
  "año": "2008",
  "precioCRC": "1500000",
  "marca": "CHEVROLET",
  "modelo": "AVEO"
}