{
  "Cilindrada": "1500",
  "Estilo": "Sedán",
  "Combustible": "Gasolina",
  "Transmisión": "Manual",
  "Estado": "Muy Bueno",
  "Kilometraje": "218000",
  "Placa": "Termina en 6",
  "Color exterior": "BLANCO",
  "Color interior": "BEIGE",
  "# de puertas": "4",
  "Ya pagó impuestos": "SI",
  "Precio negociable": "SI",
  "Se recibe vehículo": "NO",
  "Provincia": "Guanacaste",
  "Fecha de ingreso": "31 de Agosto del 2020",
  "visto": "1404",
  "detalles": "Precio incluye traspaso",
  "img": "https://crautos.com/clasificados/usados/44564647-1.jpg",
  "url": "https://crautos.com/autosusados/cardetail.cfm?c=44564647&Hyundai.ACCENT.1999",
  "año": "1999",
  "precioCRC": "1450000",
  "marca": "HYUNDAI",
  "modelo": "ACCENT"
}