{
  "Cilindrada": "1600",
  "Estilo": "Sedán",
  "Combustible": "Gasolina",
  "Transmisión": "Automática/Dual",
  "Estado": "Muy Bueno",
  "Kilometraje": "245000",
  "Placa": "Termina en 0",
  "Color exterior": "CHAMPAGNE",
  "Color interior": "NEGRO",
  "# de puertas": "4",
  "Ya pagó impuestos": "SI",
  "Precio negociable": "SI",
  "Se recibe vehículo": "NO",
  "Provincia": "Guanacaste",
  "Fecha de ingreso": "11 de Agosto del 2020",
  "visto": "1792",
  "img": "https://crautos.com/clasificados/usados/75978910-1.jpg",
  "url": "https://crautos.com/autosusados/cardetail.cfm?c=75978910&Nissan.SENTRA%20B14.1999",
  "año": "1999",
  "precioCRC": "1800000",
  "marca": "NISSAN",
  "modelo": "SENTRA B14"
}