{
  "Cilindrada": "1800",
  "Estilo": "Sedán",
  "Combustible": "Gasolina",
  "Transmisión": "Manual",
  "Estado": "Muy Bueno",
  "Kilometraje": "220000",
  "Placa": "Termina en 7",
  "Color exterior": "VERDE",
  "Color interior": "GRIS",
  "# de puertas": "4",
  "Ya pagó impuestos": "SI",
  "Precio negociable": "SI",
  "Se recibe vehículo": "NO",
  "Provincia": "Heredia",
  "Fecha de ingreso": "15 de Setiembre del 2020",
  "visto": "444",
  "detalles": "Version Full con quemacocos elect-cierre central-vidrios electricos-aros de lujo-recien pintado-LED",
  "img": "https://crautos.com/clasificados/usados/27507781-1.jpg",
  "url": "https://crautos.com/autosusados/cardetail.cfm?c=27507781&Toyota.COROLLA.1994",
  "año": "1994",
  "precioCRC": "1650000",
  "marca": "TOYOTA",
  "modelo": "COROLLA"
}