{
  "Cilindrada": "2200",
  "Estilo": "Pickup 4x2",
  "Combustible": "Gasolina",
  "Transmisión": "Manual",
  "Estado": "Muy Bueno",
  "Kilometraje": "260",
  "Placa": "Termina en 7",
  "Color exterior": "BLANCO",
  "Color interior": "BEIGE",
  "# de puertas": "2",
  "Ya pagó impuestos": "SI",
  "Precio negociable": "NO",
  "Se recibe vehículo": "NO",
  "Provincia": "Cartago",
  "Fecha de ingreso": "28 de Setiembre del 2020",
  "visto": "195",
  "detalles": "Batería nueva, documentos al día, con firma para traspaso",
  "img": "https://crautos.com/clasificados/usados/26892353-1.jpg",
  "url": "https://crautos.com/autosusados/cardetail.cfm?c=26892353&Chevrolet.S10.1997",
  "año": "1997",
  "precioCRC": "1650000",
  "marca": "CHEVROLET",
  "modelo": "S10"
}