{
  "Cilindrada": "1600",
  "Estilo": "Sedán",
  "Combustible": "Gasolina",
  "Transmisión": "Manual",
  "Estado": "Muy Bueno",
  "Kilometraje": "214000",
  "Placa": "Termina en 1",
  "Color exterior": "BLANCO",
  "Color interior": "BEIGE",
  "# de puertas": "3",
  "Ya pagó impuestos": "SI",
  "Precio negociable": "SI",
  "Se recibe vehículo": "NO",
  "Provincia": "Limón",
  "Fecha de ingreso": "01 de Setiembre del 2020",
  "visto": "865",
  "detalles": "El Kilometraje está en millas.",
  "img": "https://crautos.com/clasificados/usados/22491829-1.jpg",
  "url": "https://crautos.com/autosusados/cardetail.cfm?c=22491829&Hyundai.ACCENT%20GS.2001",
  "año": "2001",
  "precioCRC": "1500000",
  "marca": "HYUNDAI",
  "modelo": "ACCENT GS"
}