{
  "Cilindrada": "1750",
  "Estilo": "Pickup 4x2",
  "Combustible": "Gasolina",
  "Transmisión": "Manual",
  "Estado": "Excelente",
  "Kilometraje": "150000",
  "Placa": "Termina en 5",
  "Color exterior": "AZUL",
  "Color interior": "BLANCO",
  "# de puertas": "2",
  "Ya pagó impuestos": "SI",
  "Precio negociable": "SI",
  "Se recibe vehículo": "NO",
  "Provincia": "Alajuela",
  "Fecha de ingreso": "23 de Setiembre del 2020",
  "visto": "127",
  "img": "https://crautos.com/rimages/nopiclg.jpg",
  "url": "https://crautos.com/autosusados/cardetail.cfm?c=75403550&Nissan.720.1992",
  "año": "1992",
  "precioCRC": "1590000",
  "marca": "NISSAN",
  "modelo": "720"
}