{
  "Cilindrada": "1500",
  "Estilo": "Sedán",
  "Combustible": "Gasolina",
  "Transmisión": "Automática/Dual",
  "Estado": "Excelente",
  "Kilometraje": "240",
  "Placa": "Termina en 6",
  "Color exterior": "AZUL",
  "Color interior": "GRIS",
  "# de puertas": "4",
  "Ya pagó impuestos": "SI",
  "Precio negociable": "NO",
  "Se recibe vehículo": "NO",
  "Provincia": "San José",
  "Fecha de ingreso": "26 de Agosto del 2020",
  "visto": "1479",
  "detalles": "Autom. hidraulico aros y llantas nuevas Rtv veintiuno muy original super economico",
  "img": "https://crautos.com/clasificados/usados/58949692-1.jpg",
  "url": "https://crautos.com/autosusados/cardetail.cfm?c=58949692&Toyota.TERCEL.1991",
  "año": "1991",
  "precioCRC": "1395000",
  "marca": "TOYOTA",
  "modelo": "TERCEL"
}