{
  "Cilindrada": "1300",
  "Estilo": "Sedán",
  "Combustible": "Gasolina",
  "Transmisión": "Manual",
  "Estado": "Muy Bueno",
  "Kilometraje": "ND",
  "Placa": "Termina en 0",
  "Color exterior": "ROJO",
  "Color interior": "GRIS",
  "# de puertas": "2",
  "Ya pagó impuestos": "SI",
  "Precio negociable": "SI",
  "Se recibe vehículo": "NO",
  "Provincia": "Heredia",
  "Fecha de ingreso": "25 de Setiembre del 2020",
  "visto": "144",
  "detalles": "VERSION LX CAJA QUINTA ESPEJOS ELECTRICOS TODO ORIGINAL SE VENDE PQ SE OCUPA ESPACIO VEH. SIN USO",
  "img": "https://crautos.com/clasificados/usados/48334702-1.jpg",
  "url": "https://crautos.com/autosusados/cardetail.cfm?c=48334702&Ford.FESTIVAL%20LX%20.1987",
  "año": "1987",
  "precioCRC": "850000",
  "marca": "FORD",
  "modelo": "FESTIVAL LX"
}