{
  "Cilindrada": "1800",
  "Estilo": "Station Wagon",
  "Combustible": "Gasolina",
  "Transmisión": "Automática/Dual",
  "Estado": "Excelente",
  "Kilometraje": "ND",
  "Placa": "Termina en 6",
  "Color exterior": "NEGRO",
  "Color interior": "GRIS",
  "# de puertas": "5",
  "Ya pagó impuestos": "SI",
  "Precio negociable": "SI",
  "Se recibe vehículo": "NO",
  "Provincia": "Alajuela",
  "Fecha de ingreso": "10 de Agosto del 2020",
  "visto": "920",
  "detalles": "Firma inmediata  recién paso RTV",
  "img": "https://crautos.com/clasificados/usados/22426063-1.jpg",
  "url": "https://crautos.com/autosusados/cardetail.cfm?c=22426063&Toyota.COROLLA.1994",
  "año": "1994",
  "precioCRC": "1650000",
  "marca": "TOYOTA",
  "modelo": "COROLLA"
}