{
  "Cilindrada": "3000",
  "Estilo": "Microbús/Minivan",
  "Combustible": "Gasolina",
  "Transmisión": "Automática/Dual",
  "Estado": "Regular",
  "Kilometraje": "ND",
  "Placa": "Termina en 4",
  "Color exterior": "BLACO",
  "Color interior": "GRIS",
  "# de puertas": "4",
  "Ya pagó impuestos": "SI",
  "Precio negociable": "SI",
  "Se recibe vehículo": "NO",
  "Provincia": "Cartago",
  "Fecha de ingreso": "21 de Setiembre del 2020",
  "visto": "150",
  "detalles": "Toca revisar la caja igual asi anda pero calienta",
  "img": "https://crautos.com/rimages/nopiclg.jpg",
  "url": "https://crautos.com/autosusados/cardetail.cfm?c=51768854&Mazda.MPV%20.1989",
  "año": "1989",
  "precioCRC": "1000000",
  "marca": "MAZDA",
  "modelo": "MPV"
}