{
  "Cilindrada": "1000",
  "Estilo": "Sedán",
  "Combustible": "Gasolina",
  "Transmisión": "Manual",
  "Estado": "Bueno",
  "Kilometraje": "190000",
  "Placa": "Termina en 0",
  "Color exterior": "AZUL",
  "Color interior": "GRIS",
  "# de puertas": "5",
  "Ya pagó impuestos": "SI",
  "Precio negociable": "SI",
  "Se recibe vehículo": "NO",
  "Provincia": "San José",
  "Fecha de ingreso": "02 de Setiembre del 2020",
  "visto": "1068",
  "detalles": "Comando de luces no funciona- No tengo tiempo para buscarlo repararlo o mandarlo a traer",
  "img": "https://crautos.com/clasificados/usados/20170669-1.jpg",
  "url": "https://crautos.com/autosusados/cardetail.cfm?c=20170669&Chevrolet.CELTA.2004",
  "año": "2004",
  "precioCRC": "1300000",
  "marca": "CHEVROLET",
  "modelo": "CELTA"
}