{
  "Cilindrada": "1600",
  "Estilo": "Sedán",
  "Combustible": "Gasolina",
  "Transmisión": "Manual",
  "Estado": "Excelente",
  "Kilometraje": "140000",
  "Placa": "Termina en 8",
  "Color exterior": "VERDE",
  "Color interior": "GRIS",
  "# de puertas": "2",
  "Ya pagó impuestos": "SI",
  "Precio negociable": "SI",
  "Se recibe vehículo": "NO",
  "Provincia": "Cartago",
  "Fecha de ingreso": "29 de Setiembre del 2020",
  "visto": "74",
  "detalles": "Civic EX excelente estado se vende porque se compró otro vehículo.",
  "img": "https://crautos.com/clasificados/usados/21871850-1.jpg",
  "url": "https://crautos.com/autosusados/cardetail.cfm?c=21871850&Honda.CIVIC%20EX%20.1997",
  "año": "1997",
  "precioCRC": "1750000",
  "marca": "HONDA",
  "modelo": "CIVIC EX"
}