{
  "Cilindrada": "1000",
  "Estilo": "Hatchback",
  "Combustible": "Gasolina",
  "Transmisión": "Manual",
  "Estado": "Muy Bueno",
  "Kilometraje": "192000",
  "Placa": "Termina en 6",
  "Color exterior": "NEGRO",
  "Color interior": "GRIS",
  "# de puertas": "2",
  "Ya pagó impuestos": "SI",
  "Precio negociable": "SI",
  "Se recibe vehículo": "NO",
  "Provincia": "Cartago",
  "Fecha de ingreso": "11 de Agosto del 2020",
  "visto": "1405",
  "detalles": "Hoja de rtv en blanco",
  "img": "https://crautos.com/clasificados/usados/14888567-1.jpg",
  "url": "https://crautos.com/autosusados/cardetail.cfm?c=14888567&Chevrolet.METRO.1999",
  "año": "1999",
  "precioCRC": "1050000",
  "marca": "CHEVROLET",
  "modelo": "METRO"
}