{
  "Cilindrada": "1500",
  "Estilo": "Sedán",
  "Combustible": "Gasolina",
  "Transmisión": "Manual",
  "Estado": "Excelente",
  "Kilometraje": "180000",
  "Placa": "Termina en 8",
  "Color exterior": "MORADO",
  "Color interior": "NEGRO",
  "# de puertas": "4",
  "Ya pagó impuestos": "SI",
  "Precio negociable": "SI",
  "Se recibe vehículo": "NO",
  "Provincia": "Heredia",
  "Fecha de ingreso": "01 de Setiembre del 2020",
  "visto": "415",
  "detalles": "Hyundai euro, modelo ,excelente estado, al día, precio ,. escucho ofertas",
  "img": "https://crautos.com/clasificados/usados/14586588-1.jpg",
  "url": "https://crautos.com/autosusados/cardetail.cfm?c=14586588&Hyundai.ACCENT%20.1998",
  "año": "1998",
  "precioCRC": "1450000",
  "marca": "HYUNDAI",
  "modelo": "ACCENT"
}