{
  "Cilindrada": "1600",
  "Estilo": "Sedán",
  "Combustible": "Gasolina",
  "Transmisión": "Manual",
  "Estado": "Muy Bueno",
  "Kilometraje": "245000",
  "Placa": "Termina en 5",
  "Color exterior": "VERDE",
  "Color interior": "GRIS",
  "# de puertas": "4",
  "Ya pagó impuestos": "SI",
  "Precio negociable": "NO",
  "Se recibe vehículo": "NO",
  "Provincia": "Heredia",
  "Fecha de ingreso": "19 de Agosto del 2020",
  "visto": "764",
  "img": "https://crautos.com/clasificados/usados/63300387-1.jpg",
  "url": "https://crautos.com/autosusados/cardetail.cfm?c=63300387&Honda.CIVIC%20LX.1993",
  "año": "1993",
  "precioCRC": "1650000",
  "marca": "HONDA",
  "modelo": "CIVIC LX"
}