{
  "Cilindrada": "1600",
  "Estilo": "Sedán",
  "Combustible": "Gasolina",
  "Transmisión": "Manual",
  "Estado": "Bueno",
  "Kilometraje": "190000",
  "Placa": "Termina en 5",
  "Color exterior": "BLANCO",
  "Color interior": "CAFE",
  "# de puertas": "2",
  "Ya pagó impuestos": "NO",
  "Precio negociable": "SI",
  "Se recibe vehículo": "NO",
  "Provincia": "San José",
  "Fecha de ingreso": "08 de Setiembre del 2020",
  "visto": "530",
  "detalles": "El auto se vende sin papeles",
  "img": "https://crautos.com/rimages/nopiclg.jpg",
  "url": "https://crautos.com/autosusados/cardetail.cfm?c=45343241&Nissan.SENTRA%20B13.1994",
  "año": "1994",
  "precioCRC": "900000",
  "marca": "NISSAN",
  "modelo": "SENTRA B13"
}