{
  "Cilindrada": "2500",
  "Estilo": "Sedán",
  "Combustible": "Gasolina",
  "Transmisión": "Manual",
  "Estado": "Muy Bueno",
  "Kilometraje": "200000",
  "Placa": "Termina en 5",
  "Color exterior": "GRIS",
  "Color interior": "GRIS",
  "# de puertas": "4",
  "Ya pagó impuestos": "SI",
  "Precio negociable": "SI",
  "Se recibe vehículo": "NO",
  "Provincia": "San José",
  "Fecha de ingreso": "10 de Agosto del 2020",
  "visto": "3112",
  "detalles": "riteve y marchamo al día precio negociable en efectivo",
  "img": "https://crautos.com/clasificados/usados/67177784-1.jpg",
  "url": "https://crautos.com/autosusados/cardetail.cfm?c=67177784&BMW.525I.1988",
  "año": "1988",
  "precioCRC": "1500000",
  "marca": "BMW",
  "modelo": "525I"
}