{
  "Cilindrada": "1000",
  "Estilo": "Hatchback",
  "Combustible": "Gasolina",
  "Transmisión": "Manual",
  "Estado": "Excelente",
  "Kilometraje": "185000",
  "Placa": "Termina en 9",
  "Color exterior": "ROJO",
  "Color interior": "NEGRO",
  "# de puertas": "2",
  "Ya pagó impuestos": "SI",
  "Precio negociable": "SI",
  "Se recibe vehículo": "NO",
  "Provincia": "Heredia",
  "Fecha de ingreso": "07 de Setiembre del 2020",
  "visto": "895",
  "detalles": "Excelente estado: RTV hasta setiembre del próximo año",
  "img": "https://crautos.com/clasificados/usados/51444636-1.jpg",
  "url": "https://crautos.com/autosusados/cardetail.cfm?c=51444636&Geo.METRO.1996",
  "año": "1996",
  "precioCRC": "1250000",
  "marca": "GEO",
  "modelo": "METRO"
}