{
  "Cilindrada": "1700",
  "Estilo": "Sedán",
  "Combustible": "Gasolina",
  "Transmisión": "Manual",
  "Estado": "Bueno",
  "Kilometraje": "150000",
  "Placa": "Termina en 7",
  "Color exterior": "NEGRO",
  "Color interior": "GRIS",
  "# de puertas": "3",
  "Ya pagó impuestos": "SI",
  "Precio negociable": "SI",
  "Se recibe vehículo": "NO",
  "Provincia": "San José",
  "Fecha de ingreso": "30 de Agosto del 2020",
  "visto": "1301",
  "detalles": "Full extras bien estado debe marchamos",
  "img": "https://crautos.com/clasificados/usados/90988862-1.jpg",
  "url": "https://crautos.com/autosusados/cardetail.cfm?c=90988862&Mitsubishi.ECLIPSE%20.1991",
  "año": "1991",
  "precioCRC": "1000000",
  "marca": "MITSUBISHI",
  "modelo": "ECLIPSE"
}