{
  "Cilindrada": "2700",
  "Estilo": "Sedán",
  "Combustible": "Gasolina",
  "Transmisión": "Automática/Dual",
  "Estado": "Excelente",
  "Kilometraje": "150000",
  "Placa": "Termina en 6",
  "Color exterior": "BLANCO TRICAPA",
  "Color interior": "CREMA",
  "# de puertas": "4",
  "Ya pagó impuestos": "SI",
  "Precio negociable": "SI",
  "Se recibe vehículo": "NO",
  "Provincia": "Puntarenas",
  "Fecha de ingreso": "16 de Setiembre del 2020",
  "visto": "172",
  "img": "https://crautos.com/rimages/nopiclg.jpg",
  "url": "https://crautos.com/autosusados/cardetail.cfm?c=70690458&Kia.OPTIMA.2002",
  "año": "2002",
  "precioCRC": "1600000",
  "marca": "KIA",
  "modelo": "OPTIMA"
}