{
  "Cilindrada": "1500",
  "Estilo": "Sedán",
  "Combustible": "Gasolina",
  "Transmisión": "Manual",
  "Estado": "Excelente",
  "Kilometraje": "ND",
  "Placa": "Termina en 8",
  "Color exterior": "CELESTE",
  "Color interior": "GRIS",
  "# de puertas": "2",
  "Ya pagó impuestos": "SI",
  "Precio negociable": "SI",
  "Se recibe vehículo": "NO",
  "Provincia": "Alajuela",
  "Fecha de ingreso": "18 de Setiembre del 2020",
  "visto": "282",
  "detalles": "Al dia  Caja cuarta Manual Dirección mecánica Aire acondicionado Detalles de pintura",
  "img": "https://crautos.com/clasificados/usados/95211894-1.jpg",
  "url": "https://crautos.com/autosusados/cardetail.cfm?c=95211894&Toyota.TERCEL.1993",
  "año": "1993",
  "precioCRC": "1300000",
  "marca": "TOYOTA",
  "modelo": "TERCEL"
}