{
  "Cilindrada": "1600",
  "Estilo": "Sedán",
  "Combustible": "Gasolina",
  "Transmisión": "Manual",
  "Estado": "Muy Bueno",
  "Kilometraje": "111111",
  "Placa": "Termina en X",
  "Color exterior": "ORO",
  "Color interior": "CAFE",
  "# de puertas": "4",
  "Ya pagó impuestos": "SI",
  "Precio negociable": "SI",
  "Se recibe vehículo": "NO",
  "Provincia": "Alajuela",
  "Fecha de ingreso": "01 de Octubre del 2020",
  "visto": "182",
  "detalles": "El CARRO ESTA AL DIA SE VENDE VARATO YA QUE TIENE UN GRAVAMEN SE VENDE PARA REPUESTOS",
  "img": "https://crautos.com/clasificados/usados/30779169-1.jpg",
  "url": "https://crautos.com/autosusados/cardetail.cfm?c=30779169&Nissan.SENTRA.1994",
  "año": "1994",
  "precioCRC": "700000",
  "marca": "NISSAN",
  "modelo": "SENTRA"
}