{
  "Cilindrada": "1600",
  "Estilo": "Sedán",
  "Combustible": "Gasolina",
  "Transmisión": "Manual",
  "Estado": "Excelente",
  "Kilometraje": "25000",
  "Placa": "Termina en 5",
  "Color exterior": "AZUL",
  "Color interior": "GRIS",
  "# de puertas": "4",
  "Ya pagó impuestos": "SI",
  "Precio negociable": "SI",
  "Se recibe vehículo": "NO",
  "Provincia": "Alajuela",
  "Fecha de ingreso": "15 de Setiembre del 2020",
  "visto": "477",
  "detalles": "Versión Americana Vidrio eléctricos,espejos eléctricos, quema Cocos, Aros de lujo 15x7,Alarma antise",
  "img": "https://crautos.com/clasificados/usados/26440373-1.jpg",
  "url": "https://crautos.com/autosusados/cardetail.cfm?c=26440373&Nissan.SENTRA%20B14.1995",
  "año": "1995",
  "precioCRC": "1700000",
  "marca": "NISSAN",
  "modelo": "SENTRA B14"
}