{
  "Cilindrada": "4000",
  "Estilo": "Todo Terreno 4x4",
  "Combustible": "Gasolina",
  "Transmisión": "Manual",
  "Estado": "Bueno",
  "Kilometraje": "43000",
  "Placa": "Termina en 4",
  "Color exterior": "AZUL",
  "Color interior": "BEIGE",
  "# de puertas": "2",
  "Ya pagó impuestos": "SI",
  "Precio negociable": "SI",
  "Se recibe vehículo": "NO",
  "Provincia": "Alajuela",
  "Fecha de ingreso": "19 de Agosto del 2020",
  "visto": "2230",
  "img": "https://crautos.com/clasificados/usados/40899355-1.jpg",
  "url": "https://crautos.com/autosusados/cardetail.cfm?c=40899355&Ford.EXPLORER%20.1992",
  "año": "1992",
  "precioCRC": "1500000",
  "marca": "FORD",
  "modelo": "EXPLORER"
}