{
  "Cilindrada": "1600",
  "Estilo": "Sedán",
  "Combustible": "Gasolina",
  "Transmisión": "Manual",
  "Estado": "Muy Bueno",
  "Kilometraje": "200000",
  "Placa": "ND",
  "Color exterior": "AZUL",
  "Color interior": "GRIS",
  "# de puertas": "2",
  "Ya pagó impuestos": "SI",
  "Precio negociable": "NO",
  "Se recibe vehículo": "NO",
  "Provincia": "San José",
  "Fecha de ingreso": "21 de Agosto del 2020",
  "visto": "1031",
  "img": "https://crautos.com/clasificados/usados/68685040-1.jpg",
  "url": "https://crautos.com/autosusados/cardetail.cfm?c=68685040&Nissan.SENTRA.1990",
  "año": "1990",
  "precioCRC": "960000",
  "marca": "NISSAN",
  "modelo": "SENTRA"
}