{
  "Cilindrada": "1600",
  "Estilo": "Sedán",
  "Combustible": "Gasolina",
  "Transmisión": "Manual",
  "Estado": "Excelente",
  "Kilometraje": "ND",
  "Placa": "Termina en 9",
  "Color exterior": "BLANCO",
  "Color interior": "GRIS",
  "# de puertas": "2",
  "Ya pagó impuestos": "SI",
  "Precio negociable": "SI",
  "Se recibe vehículo": "NO",
  "Provincia": "Heredia",
  "Fecha de ingreso": "04 de Setiembre del 2020",
  "visto": "294",
  "detalles": "!!!!MUY CUIDADA-TODO AL DIA-TRASPASO INCLUIDO-LLAME Y NEGOCIAMOS!!!!",
  "img": "https://crautos.com/rimages/nopiclg.jpg",
  "url": "https://crautos.com/autosusados/cardetail.cfm?c=56272339&Nissan.SENTRA%20.1991",
  "año": "1991",
  "precioCRC": "1300000",
  "marca": "NISSAN",
  "modelo": "SENTRA"
}