{
  "Cilindrada": "2000",
  "Estilo": "Sedán",
  "Combustible": "Gasolina",
  "Transmisión": "Manual",
  "Estado": "Muy Bueno",
  "Kilometraje": "155000",
  "Placa": "Termina en 6",
  "Color exterior": "GRIS",
  "Color interior": "CREMA",
  "# de puertas": "4",
  "Ya pagó impuestos": "SI",
  "Precio negociable": "NO",
  "Se recibe vehículo": "NO",
  "Provincia": "Alajuela",
  "Fecha de ingreso": "14 de Agosto del 2020",
  "visto": "3481",
  "detalles": "Vehículo para reparar el motor o cambiarlo o proyecto",
  "img": "https://crautos.com/clasificados/usados/84667059-1.jpg",
  "url": "https://crautos.com/autosusados/cardetail.cfm?c=84667059&Brilliance.BS6.2008",
  "año": "2008",
  "precioCRC": "900000",
  "marca": "BRILLIANCE",
  "modelo": "BS6"
}