{
  "Cilindrada": "1300",
  "Estilo": "Hatchback",
  "Combustible": "Gasolina",
  "Transmisión": "Automática/Dual",
  "Estado": "Excelente",
  "Kilometraje": "ND",
  "Placa": "Termina en 3",
  "Color exterior": "ROJO",
  "Color interior": "GRIS",
  "# de puertas": "2",
  "Ya pagó impuestos": "SI",
  "Precio negociable": "SI",
  "Se recibe vehículo": "NO",
  "Provincia": "Cartago",
  "Fecha de ingreso": "10 de Setiembre del 2020",
  "visto": "969",
  "detalles": "Total mente al dia",
  "img": "https://crautos.com/clasificados/usados/70781679-1.jpg",
  "url": "https://crautos.com/autosusados/cardetail.cfm?c=70781679&Geo.METRO.1997",
  "año": "1997",
  "precioCRC": "1100000",
  "marca": "GEO",
  "modelo": "METRO"
}