{
  "Cilindrada": "1500",
  "Estilo": "Sedán",
  "Combustible": "Gasolina",
  "Transmisión": "Manual",
  "Estado": "Excelente",
  "Kilometraje": "780794",
  "Placa": "Termina en 8",
  "Color exterior": "VINO",
  "Color interior": "GRIS",
  "# de puertas": "5",
  "Ya pagó impuestos": "SI",
  "Precio negociable": "SI",
  "Se recibe vehículo": "NO",
  "Provincia": "San José",
  "Fecha de ingreso": "20 de Agosto del 2020",
  "visto": "919",
  "detalles": "excelente estado",
  "img": "https://crautos.com/clasificados/usados/92744801-1.jpg",
  "url": "https://crautos.com/autosusados/cardetail.cfm?c=92744801&Hyundai.ACCENT%20.1997",
  "año": "1997",
  "precioCRC": "1250000",
  "marca": "HYUNDAI",
  "modelo": "ACCENT"
}