{
  "Cilindrada": "2400",
  "Estilo": "Pickup 4x2",
  "Combustible": "Gasolina",
  "Transmisión": "Manual",
  "Estado": "Bueno",
  "Kilometraje": "500000",
  "Placa": "Termina en 4",
  "Color exterior": "ROJO",
  "Color interior": "CAFE",
  "# de puertas": "2",
  "Ya pagó impuestos": "SI",
  "Precio negociable": "SI",
  "Se recibe vehículo": "SI",
  "Provincia": "San José",
  "Fecha de ingreso": "18 de Setiembre del 2020",
  "visto": "468",
  "detalles": "Negociable... Escucho Ofertas... Busco cuatro x cuatro...",
  "img": "https://crautos.com/clasificados/usados/63987115-1.jpg",
  "url": "https://crautos.com/autosusados/cardetail.cfm?c=63987115&Nissan.D21.1986",
  "año": "1986",
  "precioCRC": "1750000",
  "marca": "NISSAN",
  "modelo": "D21"
}