{
  "Cilindrada": "2400",
  "Estilo": "Pickup 4x2",
  "Combustible": "Gasolina",
  "Transmisión": "Manual",
  "Estado": "Excelente",
  "Kilometraje": "ND",
  "Placa": "Termina en 6",
  "Color exterior": "VINO",
  "Color interior": "GRIS",
  "# de puertas": "2",
  "Ya pagó impuestos": "SI",
  "Precio negociable": "NO",
  "Se recibe vehículo": "NO",
  "Provincia": "San José",
  "Fecha de ingreso": "21 de Setiembre del 2020",
  "visto": "303",
  "detalles": "Hay q sacar rtv y recuperar las placas ya todo se pago",
  "img": "https://crautos.com/rimages/nopiclg.jpg",
  "url": "https://crautos.com/autosusados/cardetail.cfm?c=98186423&Nissan.D21.1989",
  "año": "1989",
  "precioCRC": "1350000",
  "marca": "NISSAN",
  "modelo": "D21"
}