{
  "Cilindrada": "1500",
  "Estilo": "Sedán",
  "Combustible": "Gasolina",
  "Transmisión": "Manual",
  "Estado": "Muy Bueno",
  "Kilometraje": "204992",
  "Placa": "ND",
  "Color exterior": "NEGRO",
  "Color interior": "NEGRO",
  "# de puertas": "2",
  "Ya pagó impuestos": "SI",
  "Precio negociable": "SI",
  "Se recibe vehículo": "NO",
  "Provincia": "Alajuela",
  "Fecha de ingreso": "19 de Agosto del 2020",
  "visto": "2229",
  "detalles": "Aros de lujo y racks incluidos. Llantas nuevas.",
  "img": "https://crautos.com/clasificados/usados/16717984-1.jpg",
  "url": "https://crautos.com/autosusados/cardetail.cfm?c=16717984&Hyundai.ACCENT.2000",
  "año": "2000",
  "precioCRC": "1400000",
  "marca": "HYUNDAI",
  "modelo": "ACCENT"
}