{
  "Cilindrada": "2300",
  "Estilo": "Todo Terreno 4x4",
  "Combustible": "Gasolina",
  "Transmisión": "Manual",
  "Estado": "Excelente",
  "Kilometraje": "177550",
  "Placa": "ND",
  "Color exterior": "GRIS",
  "Color interior": "BEIGE",
  "# de puertas": "5",
  "Ya pagó impuestos": "SI",
  "Precio negociable": "SI",
  "Se recibe vehículo": "NO",
  "Provincia": "Cartago",
  "Fecha de ingreso": "27 de Agosto del 2020",
  "visto": "1231",
  "detalles": "Vendo cambio Isuzu Trooper puedo vender la carrocería y el Motor x aparte",
  "img": "https://crautos.com/rimages/nopiclg.jpg",
  "url": "https://crautos.com/autosusados/cardetail.cfm?c=29016587&Isuzu.TROOPER.1990",
  "año": "1990",
  "precioCRC": "650000",
  "marca": "ISUZU",
  "modelo": "TROOPER"
}