{
  "Cilindrada": "1300",
  "Estilo": "Sedán",
  "Combustible": "Gasolina",
  "Transmisión": "Automática/Dual",
  "Estado": "Excelente",
  "Kilometraje": "186000",
  "Placa": "Termina en 3",
  "Color exterior": "BLANCO",
  "Color interior": "GRIS",
  "# de puertas": "2",
  "Ya pagó impuestos": "SI",
  "Precio negociable": "SI",
  "Se recibe vehículo": "NO",
  "Provincia": "Alajuela",
  "Fecha de ingreso": "10 de Agosto del 2020",
  "visto": "604",
  "detalles": "TOTALMENTE AL DIA PERFECTO ESTADO LE TRABAJA EL AIRE ACONDICIONADO",
  "img": "https://crautos.com/rimages/nopiclg.jpg",
  "url": "https://crautos.com/autosusados/cardetail.cfm?c=93427160&Geo.METRO%20.1997",
  "año": "1997",
  "precioCRC": "1350000",
  "marca": "GEO",
  "modelo": "METRO"
}