{
  "Cilindrada": "1600",
  "Estilo": "Sedán",
  "Combustible": "Gasolina",
  "Transmisión": "Automática/Dual",
  "Estado": "Excelente",
  "Kilometraje": "117595",
  "Placa": "ND",
  "Color exterior": "NEGRO",
  "Color interior": "GRIS/NEGRO",
  "# de puertas": "4",
  "Ya pagó impuestos": "SI",
  "Precio negociable": "NO",
  "Se recibe vehículo": "NO",
  "Provincia": "San José",
  "Fecha de ingreso": "28 de Agosto del 2020",
  "visto": "770",
  "detalles": "vehiculo en perfecto estado de funcionamiento para inscribir no a rodado en el pais.  Todo al dia",
  "img": "https://crautos.com/clasificados/usados/70069581-1.jpg",
  "url": "https://crautos.com/autosusados/cardetail.cfm?c=70069581&Nissan.SENTRA%20B14.1996",
  "año": "1996",
  "precioCRC": "1750000",
  "marca": "NISSAN",
  "modelo": "SENTRA B14"
}