{
  "Cilindrada": "1800",
  "Estilo": "Sedán",
  "Combustible": "Gasolina",
  "Transmisión": "Manual",
  "Estado": "Bueno",
  "Kilometraje": "ND",
  "Placa": "Termina en 6",
  "Color exterior": "GRIS",
  "Color interior": "GRIS",
  "# de puertas": "4",
  "Ya pagó impuestos": "SI",
  "Precio negociable": "NO",
  "Se recibe vehículo": "NO",
  "Provincia": "Cartago",
  "Fecha de ingreso": "21 de Setiembre del 2020",
  "visto": "1198",
  "detalles": "Motor OverHall reciente. Enciende pero con problem en sensor que mantiene revoluciones. No Rec-Cambi",
  "img": "https://crautos.com/clasificados/usados/64195060-1.jpg",
  "url": "https://crautos.com/autosusados/cardetail.cfm?c=64195060&Chevrolet.CORSA.2004",
  "año": "2004",
  "precioCRC": "1000000",
  "marca": "CHEVROLET",
  "modelo": "CORSA"
}