{
  "Cilindrada": "1600",
  "Estilo": "Sedán",
  "Combustible": "Gasolina",
  "Transmisión": "Manual",
  "Estado": "Muy Bueno",
  "Kilometraje": "150000",
  "Placa": "Termina en 5",
  "Color exterior": "BLANCO",
  "Color interior": "GRIS CLARO",
  "# de puertas": "4",
  "Ya pagó impuestos": "SI",
  "Precio negociable": "SI",
  "Se recibe vehículo": "NO",
  "Provincia": "San José",
  "Fecha de ingreso": "24 de Agosto del 2020",
  "visto": "409",
  "detalles": "Vidrios eléctricos  Espejos eléctricos  Dh AC Luces LED  Radio con bluetooth",
  "img": "https://crautos.com/rimages/nopiclg.jpg",
  "url": "https://crautos.com/autosusados/cardetail.cfm?c=11780798&Honda.CIVIC%20LX.1997",
  "año": "1997",
  "precioCRC": "1725000",
  "marca": "HONDA",
  "modelo": "CIVIC LX"
}