{
  "Cilindrada": "800",
  "Estilo": "Sedán",
  "Combustible": "Gasolina",
  "Transmisión": "Manual",
  "Estado": "Excelente",
  "Kilometraje": "117000",
  "Placa": "Termina en 9",
  "Color exterior": "BLANCO",
  "Color interior": "GRIS",
  "# de puertas": "4",
  "Ya pagó impuestos": "SI",
  "Precio negociable": "SI",
  "Se recibe vehículo": "NO",
  "Provincia": "Alajuela",
  "Fecha de ingreso": "25 de Setiembre del 2020",
  "visto": "87",
  "img": "https://crautos.com/clasificados/usados/74735479-1.jpg",
  "url": "https://crautos.com/autosusados/cardetail.cfm?c=74735479&Daewoo.MATIZ.2002",
  "año": "2002",
  "precioCRC": "1625000",
  "marca": "DAEWOO",
  "modelo": "MATIZ"
}