{
  "Cilindrada": "1500",
  "Estilo": "Sedán",
  "Combustible": "Gasolina",
  "Transmisión": "Manual",
  "Estado": "Excelente",
  "Kilometraje": "287460",
  "Placa": "Termina en 1",
  "Color exterior": "CELESTE",
  "Color interior": "GRIS",
  "# de puertas": "4",
  "Ya pagó impuestos": "SI",
  "Precio negociable": "SI",
  "Se recibe vehículo": "NO",
  "Provincia": "Heredia",
  "Fecha de ingreso": "28 de Setiembre del 2020",
  "visto": "84",
  "detalles": "si",
  "img": "https://crautos.com/clasificados/usados/65688989-1.jpg",
  "url": "https://crautos.com/autosusados/cardetail.cfm?c=65688989&Hyundai.ACCENT%20.1997",
  "año": "1997",
  "precioCRC": "1600000",
  "marca": "HYUNDAI",
  "modelo": "ACCENT"
}