{
  "Cilindrada": "1600",
  "Estilo": "Sedán",
  "Combustible": "Gasolina",
  "Transmisión": "Manual",
  "Estado": "Excelente",
  "Kilometraje": "ND",
  "Placa": "Termina en 7",
  "Color exterior": "GRIS",
  "Color interior": "GRIS",
  "# de puertas": "4",
  "Ya pagó impuestos": "SI",
  "Precio negociable": "SI",
  "Se recibe vehículo": "NO",
  "Provincia": "San José",
  "Fecha de ingreso": "10 de Agosto del 2020",
  "visto": "1737",
  "detalles": "Precio negociable la pueden ver sin compromiso",
  "img": "https://crautos.com/clasificados/usados/43358177-1.jpg",
  "url": "https://crautos.com/autosusados/cardetail.cfm?c=43358177&Nissan.SENTRA%20B13.1993",
  "año": "1993",
  "precioCRC": "1550000",
  "marca": "NISSAN",
  "modelo": "SENTRA B13"
}