{
  "Cilindrada": "20000",
  "Estilo": "Sedán",
  "Combustible": "Gasolina",
  "Transmisión": "Manual",
  "Estado": "Bueno",
  "Kilometraje": "999999",
  "Placa": "ND",
  "Color exterior": "CHAMPAGNE",
  "Color interior": "BEIGE",
  "# de puertas": "4",
  "Ya pagó impuestos": "SI",
  "Precio negociable": "SI",
  "Se recibe vehículo": "NO",
  "Provincia": "Guanacaste",
  "Fecha de ingreso": "28 de Setiembre del 2020",
  "visto": "48",
  "detalles": "Esta en buenas condiciones  necesito vender",
  "img": "https://crautos.com/rimages/nopiclg.jpg",
  "url": "https://crautos.com/autosusados/cardetail.cfm?c=77574342&Honda.ACCORD%20.1989",
  "año": "1989",
  "precioCRC": "800000",
  "marca": "HONDA",
  "modelo": "ACCORD"
}