{
  "Cilindrada": "1600",
  "Estilo": "Sedán",
  "Combustible": "Gasolina",
  "Transmisión": "Manual",
  "Estado": "Bueno",
  "Kilometraje": "ND",
  "Placa": "Termina en 4",
  "Color exterior": "VERDE",
  "Color interior": "BEIGE",
  "# de puertas": "4",
  "Ya pagó impuestos": "SI",
  "Precio negociable": "SI",
  "Se recibe vehículo": "NO",
  "Provincia": "San José",
  "Fecha de ingreso": "24 de Setiembre del 2020",
  "visto": "97",
  "detalles": "Más fotos y todos los detalles al whatsapp",
  "img": "https://crautos.com/rimages/nopiclg.jpg",
  "url": "https://crautos.com/autosusados/cardetail.cfm?c=31599189&Honda.CIVIC.1998",
  "año": "1998",
  "precioCRC": "1600000",
  "marca": "HONDA",
  "modelo": "CIVIC"
}