{
  "Cilindrada": "1300",
  "Estilo": "Sedán",
  "Combustible": "Gasolina",
  "Transmisión": "Manual",
  "Estado": "Bueno",
  "Kilometraje": "265000",
  "Placa": "Termina en 5",
  "Color exterior": "BLANCO",
  "Color interior": "GRIS",
  "# de puertas": "4",
  "Ya pagó impuestos": "SI",
  "Precio negociable": "SI",
  "Se recibe vehículo": "NO",
  "Provincia": "San José",
  "Fecha de ingreso": "01 de Setiembre del 2020",
  "visto": "340",
  "detalles": "Todo original",
  "img": "https://crautos.com/rimages/nopiclg.jpg",
  "url": "https://crautos.com/autosusados/cardetail.cfm?c=80192837&Isuzu.GEMINI%20.1988",
  "año": "1988",
  "precioCRC": "900000",
  "marca": "ISUZU",
  "modelo": "GEMINI"
}