{
  "Cilindrada": "1200",
  "Estilo": "Sedán",
  "Combustible": "Diesel",
  "Transmisión": "Manual",
  "Estado": "Excelente",
  "Kilometraje": "ND",
  "Placa": "ND",
  "Color exterior": "ROJO",
  "Color interior": "GRIS",
  "# de puertas": "4",
  "Ya pagó impuestos": "SI",
  "Precio negociable": "SI",
  "Se recibe vehículo": "NO",
  "Provincia": "Cartago",
  "Fecha de ingreso": "01 de Octubre del 2020",
  "visto": "18",
  "detalles": "Se escuchan Ofertas",
  "img": "https://crautos.com/rimages/nopiclg.jpg",
  "url": "https://crautos.com/autosusados/cardetail.cfm?c=42384037&Hyundai.ELANTRA.2005",
  "año": "2005",
  "precioCRC": "1600000",
  "marca": "HYUNDAI",
  "modelo": "ELANTRA"
}