{
  "Cilindrada": "1500",
  "Estilo": "Sedán",
  "Combustible": "Gasolina",
  "Transmisión": "Automática/Dual",
  "Estado": "Muy Bueno",
  "Kilometraje": "210600",
  "Placa": "Termina en 2",
  "Color exterior": "VERDE",
  "Color interior": "GRIS",
  "# de puertas": "2",
  "Ya pagó impuestos": "SI",
  "Precio negociable": "SI",
  "Se recibe vehículo": "NO",
  "Provincia": "Alajuela",
  "Fecha de ingreso": "18 de Agosto del 2020",
  "visto": "1378",
  "detalles": "CARRO EN BUEN ESTADO TIENE AIRE ACONDICIONADO NO ES HIDRAULICO",
  "img": "https://crautos.com/clasificados/usados/63041328-1.jpg",
  "url": "https://crautos.com/autosusados/cardetail.cfm?c=63041328&Toyota.TERCEL.1995",
  "año": "1995",
  "precioCRC": "1650000",
  "marca": "TOYOTA",
  "modelo": "TERCEL"
}