{
  "Cilindrada": "1600",
  "Estilo": "Sedán",
  "Combustible": "Gasolina",
  "Transmisión": "Manual",
  "Estado": "Bueno",
  "Kilometraje": "157867",
  "Placa": "Termina en 8",
  "Color exterior": "CHAMPAGNE",
  "Color interior": "GRIS",
  "# de puertas": "5",
  "Ya pagó impuestos": "SI",
  "Precio negociable": "SI",
  "Se recibe vehículo": "NO",
  "Provincia": "Alajuela",
  "Fecha de ingreso": "29 de Setiembre del 2020",
  "visto": "70",
  "detalles": "Muy bien de motor llantas nuevas recién paso riteve esta al llavaso el precio no incluye el traspaso",
  "img": "https://crautos.com/clasificados/usados/57735331-1.jpg",
  "url": "https://crautos.com/autosusados/cardetail.cfm?c=57735331&Nissan.SENTRA%20.1996",
  "año": "1996",
  "precioCRC": "1750000",
  "marca": "NISSAN",
  "modelo": "SENTRA"
}