{
  "Cilindrada": "1300",
  "Estilo": "Sedán",
  "Combustible": "Gasolina",
  "Transmisión": "Automática/Dual",
  "Estado": "Bueno",
  "Kilometraje": "144000",
  "Placa": "Termina en 0",
  "Color exterior": "ROJO",
  "Color interior": "GRIS",
  "# de puertas": "4",
  "Ya pagó impuestos": "SI",
  "Precio negociable": "SI",
  "Se recibe vehículo": "NO",
  "Provincia": "San José",
  "Fecha de ingreso": "30 de Setiembre del 2020",
  "visto": "52",
  "detalles": "RTV hasta Oct de este año - Vehículo no se utiliza y requiere batería",
  "img": "https://crautos.com/rimages/nopiclg.jpg",
  "url": "https://crautos.com/autosusados/cardetail.cfm?c=13418497&Suzuki.SWIFT.1994",
  "año": "1994",
  "precioCRC": "1000000",
  "marca": "SUZUKI",
  "modelo": "SWIFT"
}