{
  "Cilindrada": "1500",
  "Estilo": "Sedán",
  "Combustible": "Gasolina",
  "Transmisión": "Manual",
  "Estado": "Muy Bueno",
  "Kilometraje": "185000",
  "Placa": "Termina en 0",
  "Color exterior": "AZUL",
  "Color interior": "NEGRO",
  "# de puertas": "2",
  "Ya pagó impuestos": "SI",
  "Precio negociable": "NO",
  "Se recibe vehículo": "NO",
  "Provincia": "San José",
  "Fecha de ingreso": "12 de Setiembre del 2020",
  "visto": "646",
  "detalles": "muy bonito..fotos por wasaapt INYECTADO",
  "img": "https://crautos.com/clasificados/usados/33287126-1.jpg",
  "url": "https://crautos.com/autosusados/cardetail.cfm?c=33287126&Toyota.TERCEL.1992",
  "año": "1992",
  "precioCRC": "1150000",
  "marca": "TOYOTA",
  "modelo": "TERCEL"
}