{
  "Cilindrada": "1500",
  "Estilo": "Sedán",
  "Combustible": "Gasolina",
  "Transmisión": "Manual",
  "Estado": "Bueno",
  "Kilometraje": "175541",
  "Placa": "Termina en 2",
  "Color exterior": "CELESTE",
  "Color interior": "GRIS",
  "# de puertas": "4",
  "Ya pagó impuestos": "SI",
  "Precio negociable": "SI",
  "Se recibe vehículo": "SI",
  "Provincia": "Cartago",
  "Fecha de ingreso": "10 de Setiembre del 2020",
  "visto": "774",
  "detalles": "Tiene las pólizas extra del ins al día y activas además en el precio está el traspaso.",
  "img": "https://crautos.com/clasificados/usados/95722989-1.jpg",
  "url": "https://crautos.com/autosusados/cardetail.cfm?c=95722989&Toyota.TERCEL.1992",
  "año": "1992",
  "precioCRC": "1500000",
  "marca": "TOYOTA",
  "modelo": "TERCEL"
}