{
  "Cilindrada": "2000",
  "Estilo": "Microbús/Minivan",
  "Combustible": "Gasolina",
  "Transmisión": "Manual",
  "Estado": "Muy Bueno",
  "Kilometraje": "1",
  "Placa": "Termina en 3",
  "Color exterior": "BEIGE",
  "Color interior": "CAFE",
  "# de puertas": "3",
  "Ya pagó impuestos": "SI",
  "Precio negociable": "SI",
  "Se recibe vehículo": "NO",
  "Provincia": "Cartago",
  "Fecha de ingreso": "03 de Setiembre del 2020",
  "visto": "785",
  "detalles": "Se vende o se cambia Toyota Model F totalmente al dia en muy buenas condiciones se escuchan ofertas",
  "img": "https://crautos.com/clasificados/usados/63032412-1.jpg",
  "url": "https://crautos.com/autosusados/cardetail.cfm?c=63032412&Toyota.MODEL%20F.1984",
  "año": "1984",
  "precioCRC": "1200000",
  "marca": "TOYOTA",
  "modelo": "MODEL F"
}