{
  "Cilindrada": "2200",
  "Estilo": "Sedán",
  "Combustible": "Gasolina",
  "Transmisión": "Automática/Dual",
  "Estado": "Excelente",
  "Kilometraje": "218733",
  "Placa": "Termina en 8",
  "Color exterior": "BLANCO",
  "Color interior": "VINO",
  "# de puertas": "4",
  "Ya pagó impuestos": "SI",
  "Precio negociable": "SI",
  "Se recibe vehículo": "NO",
  "Provincia": "Alajuela",
  "Fecha de ingreso": "28 de Agosto del 2020",
  "visto": "697",
  "detalles": "El carro está en perfecto estado - consulte sin compromiso",
  "img": "https://crautos.com/clasificados/usados/11682752-1.jpg",
  "url": "https://crautos.com/autosusados/cardetail.cfm?c=11682752&Honda.ACCORD.1990",
  "año": "1990",
  "precioCRC": "1400000",
  "marca": "HONDA",
  "modelo": "ACCORD"
}