{
  "Cilindrada": "1600",
  "Estilo": "Station Wagon",
  "Combustible": "Gasolina",
  "Transmisión": "Manual",
  "Estado": "Bueno",
  "Kilometraje": "240000",
  "Placa": "Termina en 7",
  "Color exterior": "VINO",
  "Color interior": "GRIS",
  "# de puertas": "5",
  "Ya pagó impuestos": "SI",
  "Precio negociable": "SI",
  "Se recibe vehículo": "NO",
  "Provincia": "San José",
  "Fecha de ingreso": "22 de Setiembre del 2020",
  "visto": "128",
  "detalles": "Se usa muy poco. Marchamo al día RTVE recien pasado. Detalles de pintura",
  "img": "https://crautos.com/clasificados/usados/30727704-1.jpg",
  "url": "https://crautos.com/autosusados/cardetail.cfm?c=30727704&Toyota.COROLLA.1991",
  "año": "1991",
  "precioCRC": "1350000",
  "marca": "TOYOTA",
  "modelo": "COROLLA"
}