{
  "Cilindrada": "1500",
  "Estilo": "Sedán",
  "Combustible": "Gasolina",
  "Transmisión": "Manual",
  "Estado": "Bueno",
  "Kilometraje": "ND",
  "Placa": "Termina en 1",
  "Color exterior": "BLANCO",
  "Color interior": "AZUL",
  "# de puertas": "2",
  "Ya pagó impuestos": "SI",
  "Precio negociable": "SI",
  "Se recibe vehículo": "NO",
  "Provincia": "Cartago",
  "Fecha de ingreso": "07 de Setiembre del 2020",
  "visto": "562",
  "detalles": "Ojo Detalles de pintura aros de lujo pantalla tacometro",
  "img": "https://crautos.com/clasificados/usados/45370469-1.jpg",
  "url": "https://crautos.com/autosusados/cardetail.cfm?c=45370469&Dodge/RAM.COLT.1993",
  "año": "1993",
  "precioCRC": "1100000",
  "marca": "DODGE/RAM",
  "modelo": "COLT"
}