{
  "Cilindrada": "1600",
  "Estilo": "Sedán",
  "Combustible": "Gasolina",
  "Transmisión": "Manual",
  "Estado": "Muy Bueno",
  "Kilometraje": "ND",
  "Placa": "Termina en 7",
  "Color exterior": "CREMA",
  "Color interior": "BEIGE",
  "# de puertas": "5",
  "Ya pagó impuestos": "SI",
  "Precio negociable": "SI",
  "Se recibe vehículo": "NO",
  "Provincia": "San José",
  "Fecha de ingreso": "29 de Setiembre del 2020",
  "visto": "100",
  "detalles": "Debe Marchamo de este año y falta RTV",
  "img": "https://crautos.com/clasificados/usados/57724922-1.jpg",
  "url": "https://crautos.com/autosusados/cardetail.cfm?c=57724922&Nissan.SENTRA%20B11.1986",
  "año": "1986",
  "precioCRC": "550000",
  "marca": "NISSAN",
  "modelo": "SENTRA B11"
}