{
  "Cilindrada": "1500",
  "Estilo": "Sedán",
  "Combustible": "Gasolina",
  "Transmisión": "Automática/Dual",
  "Estado": "Excelente",
  "Kilometraje": "156000",
  "Placa": "Termina en 4",
  "Color exterior": "PLATA",
  "Color interior": "NEGRO",
  "# de puertas": "2",
  "Ya pagó impuestos": "SI",
  "Precio negociable": "SI",
  "Se recibe vehículo": "NO",
  "Provincia": "San José",
  "Fecha de ingreso": "03 de Setiembre del 2020",
  "visto": "1398",
  "img": "https://crautos.com/clasificados/usados/62730350-1.jpg",
  "url": "https://crautos.com/autosusados/cardetail.cfm?c=62730350&Toyota.TERCEL.1996",
  "año": "1996",
  "precioCRC": "1590000",
  "marca": "TOYOTA",
  "modelo": "TERCEL"
}