{
  "Cilindrada": "1500",
  "Estilo": "Sedán",
  "Combustible": "Gasolina",
  "Transmisión": "Manual",
  "Estado": "Muy Bueno",
  "Kilometraje": "144545",
  "Placa": "Termina en 4",
  "Color exterior": "GRIS PLATEADO",
  "Color interior": "GRIS",
  "# de puertas": "2",
  "Ya pagó impuestos": "SI",
  "Precio negociable": "SI",
  "Se recibe vehículo": "NO",
  "Provincia": "Alajuela",
  "Fecha de ingreso": "30 de Setiembre del 2020",
  "visto": "101",
  "img": "https://crautos.com/clasificados/usados/77579325-1.jpg",
  "url": "https://crautos.com/autosusados/cardetail.cfm?c=77579325&Hyundai.ACCENT.2001",
  "año": "2001",
  "precioCRC": "1600000",
  "marca": "HYUNDAI",
  "modelo": "ACCENT"
}