{
  "Cilindrada": "1500",
  "Estilo": "Sedán",
  "Combustible": "Gasolina",
  "Transmisión": "Manual",
  "Estado": "Excelente",
  "Kilometraje": "22000",
  "Placa": "Termina en 8",
  "Color exterior": "ROJO",
  "Color interior": "NEGRO",
  "# de puertas": "2",
  "Ya pagó impuestos": "SI",
  "Precio negociable": "SI",
  "Se recibe vehículo": "NO",
  "Provincia": "Cartago",
  "Fecha de ingreso": "10 de Setiembre del 2020",
  "visto": "214",
  "detalles": "Todo al día muy bien de pintura",
  "img": "https://crautos.com/rimages/nopiclg.jpg",
  "url": "https://crautos.com/autosusados/cardetail.cfm?c=30797926&Dodge/RAM.COLT.1993",
  "año": "1993",
  "precioCRC": "1400000",
  "marca": "DODGE/RAM",
  "modelo": "COLT"
}