{
  "Cilindrada": "1600",
  "Estilo": "Hatchback",
  "Combustible": "Gasolina",
  "Transmisión": "Manual",
  "Estado": "Muy Bueno",
  "Kilometraje": "280283",
  "Placa": "Termina en 3",
  "Color exterior": "VERDE",
  "Color interior": "NEGRO",
  "# de puertas": "2",
  "Ya pagó impuestos": "SI",
  "Precio negociable": "SI",
  "Se recibe vehículo": "NO",
  "Provincia": "Alajuela",
  "Fecha de ingreso": "31 de Agosto del 2020",
  "visto": "912",
  "detalles": "Carro en excelente estado solo le faltan algunos detalles de pintura.",
  "img": "https://crautos.com/clasificados/usados/97864153-1.jpg",
  "url": "https://crautos.com/autosusados/cardetail.cfm?c=97864153&Mitsubishi.MIRAGE.1997",
  "año": "1997",
  "precioCRC": "1200000",
  "marca": "MITSUBISHI",
  "modelo": "MIRAGE"
}