{
  "Cilindrada": "1600",
  "Estilo": "Sedán",
  "Combustible": "Gasolina",
  "Transmisión": "Manual",
  "Estado": "Excelente",
  "Kilometraje": "1",
  "Placa": "ND",
  "Color exterior": "AZUL",
  "Color interior": "CAFE",
  "# de puertas": "2",
  "Ya pagó impuestos": "SI",
  "Precio negociable": "SI",
  "Se recibe vehículo": "NO",
  "Provincia": "Limón",
  "Fecha de ingreso": "01 de Setiembre del 2020",
  "visto": "568",
  "img": "https://crautos.com/clasificados/usados/23253628-1.jpg",
  "url": "https://crautos.com/autosusados/cardetail.cfm?c=23253628&Nissan.SENTRA%20B13.1993",
  "año": "1993",
  "precioCRC": "1650000",
  "marca": "NISSAN",
  "modelo": "SENTRA B13"
}