{
  "Cilindrada": "1600",
  "Estilo": "Sedán",
  "Combustible": "Gasolina",
  "Transmisión": "Manual",
  "Estado": "Muy Bueno",
  "Kilometraje": "140000",
  "Placa": "Termina en 8",
  "Color exterior": "GRIS",
  "Color interior": "GRIS",
  "# de puertas": "5",
  "Ya pagó impuestos": "SI",
  "Precio negociable": "SI",
  "Se recibe vehículo": "NO",
  "Provincia": "Heredia",
  "Fecha de ingreso": "14 de Agosto del 2020",
  "visto": "4997",
  "detalles": "Excelente estado motor pintura y carrocería",
  "img": "https://crautos.com/clasificados/usados/19728516-1.jpg",
  "url": "https://crautos.com/autosusados/cardetail.cfm?c=19728516&Nissan.PLATINA.2008",
  "año": "2008",
  "precioCRC": "1200000",
  "marca": "NISSAN",
  "modelo": "PLATINA"
}