{
  "Cilindrada": "1800",
  "Estilo": "Sedán",
  "Combustible": "Gasolina",
  "Transmisión": "Automática/Dual",
  "Estado": "Excelente",
  "Kilometraje": "150000",
  "Placa": "Termina en 6",
  "Color exterior": "VERDE",
  "Color interior": "BEIGE",
  "# de puertas": "5",
  "Ya pagó impuestos": "SI",
  "Precio negociable": "NO",
  "Se recibe vehículo": "NO",
  "Provincia": "San José",
  "Fecha de ingreso": "30 de Setiembre del 2020",
  "visto": "58",
  "detalles": "Debe  tres marchamos y RTV  total de marchamo a pagar  quinientos cuarenta y cinco mil seicientos",
  "img": "https://crautos.com/rimages/nopiclg.jpg",
  "url": "https://crautos.com/autosusados/cardetail.cfm?c=16391773&Toyota.COROLLA.2002",
  "año": "2002",
  "precioCRC": "1400000",
  "marca": "TOYOTA",
  "modelo": "COROLLA"
}