{
  "Cilindrada": "1200",
  "Estilo": "Sedán",
  "Combustible": "Gasolina",
  "Transmisión": "Manual",
  "Estado": "Excelente",
  "Kilometraje": "141000",
  "Placa": "Termina en 1",
  "Color exterior": "GRIS",
  "Color interior": "GRIS",
  "# de puertas": "2",
  "Ya pagó impuestos": "SI",
  "Precio negociable": "NO",
  "Se recibe vehículo": "NO",
  "Provincia": "Alajuela",
  "Fecha de ingreso": "24 de Agosto del 2020",
  "visto": "1429",
  "detalles": "Precio Final. Pintura en buen estado y muy económico.Excelente para viajar.",
  "img": "https://crautos.com/clasificados/usados/84002149-1.jpg",
  "url": "https://crautos.com/autosusados/cardetail.cfm?c=84002149&Fiat.PALIO%20FIRE%20.2005",
  "año": "2005",
  "precioCRC": "1500000",
  "marca": "FIAT",
  "modelo": "PALIO FIRE"
}