{
  "Cilindrada": "1400",
  "Estilo": "Hatchback",
  "Combustible": "Gasolina",
  "Transmisión": "Manual",
  "Estado": "Muy Bueno",
  "Kilometraje": "50000",
  "Placa": "Termina en 7",
  "Color exterior": "AZUL",
  "Color interior": "NEGRO",
  "# de puertas": "4",
  "Ya pagó impuestos": "SI",
  "Precio negociable": "NO",
  "Se recibe vehículo": "NO",
  "Provincia": "Heredia",
  "Fecha de ingreso": "23 de Setiembre del 2020",
  "visto": "97",
  "detalles": "Golf europeo muy original aros y llantas nuevas",
  "img": "https://crautos.com/rimages/nopiclg.jpg",
  "url": "https://crautos.com/autosusados/cardetail.cfm?c=49981243&Volkswagen.GOLF%20.1994",
  "año": "1994",
  "precioCRC": "1600000",
  "marca": "VOLKSWAGEN",
  "modelo": "GOLF"
}