{
  "Cilindrada": "1600",
  "Estilo": "Sedán",
  "Combustible": "Gasolina",
  "Transmisión": "Manual",
  "Estado": "Excelente",
  "Kilometraje": "259104",
  "Placa": "Termina en 6",
  "Color exterior": "BLANCO",
  "Color interior": "GRIS",
  "# de puertas": "4",
  "Ya pagó impuestos": "SI",
  "Precio negociable": "SI",
  "Se recibe vehículo": "NO",
  "Provincia": "Heredia",
  "Fecha de ingreso": "03 de Agosto del 2020",
  "visto": "829",
  "detalles": "Muy buen estado",
  "img": "https://crautos.com/clasificados/usados/31162692-1.jpg",
  "url": "https://crautos.com/autosusados/cardetail.cfm?c=31162692&Nissan.SENTRA.1994",
  "año": "1994",
  "precioCRC": "1700000",
  "marca": "NISSAN",
  "modelo": "SENTRA"
}