{
  "Cilindrada": "1400",
  "Estilo": "Sedán",
  "Combustible": "Gasolina",
  "Transmisión": "Automática/Dual",
  "Estado": "Muy Bueno",
  "Kilometraje": "130000",
  "Placa": "Termina en 4",
  "Color exterior": "VINO",
  "Color interior": "CAFÉ CUERO",
  "# de puertas": "4",
  "Ya pagó impuestos": "NO",
  "Precio negociable": "NO",
  "Se recibe vehículo": "NO",
  "Provincia": "San José",
  "Fecha de ingreso": "23 de Julio del 2020",
  "visto": "5660",
  "detalles": "Se debe cuatro   años marchamo  ochos cientos cincuenta mil y se deben cambiar llantas.",
  "img": "https://crautos.com/clasificados/usados/90779412-1.jpg",
  "url": "https://crautos.com/autosusados/cardetail.cfm?c=90779412&Alfa%20Romeo.147%20SPEED.2004",
  "año": "2004",
  "precioCRC": "1300000",
  "marca": "ALFA",
  "modelo": "ROMEO 147 SPEED"
}