{
  "Cilindrada": "1300",
  "Estilo": "Station Wagon",
  "Combustible": "Gasolina",
  "Transmisión": "Manual",
  "Estado": "Regular",
  "Kilometraje": "242769",
  "Placa": "Termina en 6",
  "Color exterior": "AZUL",
  "Color interior": "GRIS",
  "# de puertas": "4",
  "Ya pagó impuestos": "SI",
  "Precio negociable": "SI",
  "Se recibe vehículo": "NO",
  "Provincia": "San José",
  "Fecha de ingreso": "25 de Agosto del 2020",
  "visto": "627",
  "detalles": "Tiene RTV al día junio próximo año muy económico",
  "img": "https://crautos.com/clasificados/usados/23444080-1.jpg",
  "url": "https://crautos.com/autosusados/cardetail.cfm?c=23444080&Kia.PRIDE%20.2000",
  "año": "2000",
  "precioCRC": "1500000",
  "marca": "KIA",
  "modelo": "PRIDE"
}