{
  "Cilindrada": "1600",
  "Estilo": "Sedán",
  "Combustible": "Gasolina",
  "Transmisión": "Manual",
  "Estado": "Muy Bueno",
  "Kilometraje": "200000",
  "Placa": "Termina en 5",
  "Color exterior": "GRIS",
  "Color interior": "NEGRO",
  "# de puertas": "4",
  "Ya pagó impuestos": "SI",
  "Precio negociable": "SI",
  "Se recibe vehículo": "NO",
  "Provincia": "Alajuela",
  "Fecha de ingreso": "27 de Agosto del 2020",
  "visto": "1230",
  "detalles": "Oferta todo al día",
  "img": "https://crautos.com/clasificados/usados/12887707-1.jpg",
  "url": "https://crautos.com/autosusados/cardetail.cfm?c=12887707&Renault.MEGANE.2007",
  "año": "2007",
  "precioCRC": "1700000",
  "marca": "RENAULT",
  "modelo": "MEGANE"
}