{
  "Cilindrada": "1800",
  "Estilo": "Sedán",
  "Combustible": "Gasolina",
  "Transmisión": "Automática/Dual",
  "Estado": "Muy Bueno",
  "Kilometraje": "144260",
  "Placa": "Termina en 4",
  "Color exterior": "AZUL",
  "Color interior": "GRIS",
  "# de puertas": "5",
  "Ya pagó impuestos": "SI",
  "Precio negociable": "SI",
  "Se recibe vehículo": "NO",
  "Provincia": "Alajuela",
  "Fecha de ingreso": "14 de Agosto del 2020",
  "visto": "1068",
  "img": "https://crautos.com/clasificados/usados/85802508-1.jpg",
  "url": "https://crautos.com/autosusados/cardetail.cfm?c=85802508&Hyundai.ELANTRA.1998",
  "año": "1998",
  "precioCRC": "1350000",
  "marca": "HYUNDAI",
  "modelo": "ELANTRA"
}