{
  "Cilindrada": "1800",
  "Estilo": "Sedán",
  "Combustible": "Gasolina",
  "Transmisión": "Automática/Dual",
  "Estado": "Muy Bueno",
  "Kilometraje": "200000",
  "Placa": "Termina en 2",
  "Color exterior": "BLANCO",
  "Color interior": "GRIS",
  "# de puertas": "4",
  "Ya pagó impuestos": "SI",
  "Precio negociable": "SI",
  "Se recibe vehículo": "NO",
  "Provincia": "Cartago",
  "Fecha de ingreso": "23 de Setiembre del 2020",
  "visto": "93",
  "detalles": "Libre de gravámenes. Muy buen estado. Detalles de pintura",
  "img": "https://crautos.com/rimages/nopiclg.jpg",
  "url": "https://crautos.com/autosusados/cardetail.cfm?c=10951879&Geo.PRIZM.1994",
  "año": "1994",
  "precioCRC": "1300000",
  "marca": "GEO",
  "modelo": "PRIZM"
}