{
  "Cilindrada": "3600",
  "Estilo": "Todo Terreno 4x4",
  "Combustible": "Diesel",
  "Transmisión": "Automática/Dual",
  "Estado": "Excelente",
  "Kilometraje": "200000",
  "Placa": "ND",
  "Color exterior": "AZUL",
  "Color interior": "NEGRO",
  "# de puertas": "5",
  "Ya pagó impuestos": "SI",
  "Precio negociable": "SI",
  "Se recibe vehículo": "SI",
  "Provincia": "San José",
  "Fecha de ingreso": "07 de Agosto del 2020",
  "visto": "1548",
  "detalles": "Se vende por cambio de modelo o se recibe un modelo más reciente",
  "img": "https://crautos.com/clasificados/usados/48215656-1.jpg",
  "url": "https://crautos.com/autosusados/cardetail.cfm?c=48215656&Land%20Rover.RANGE%20ROVER%20SPORT.2008",
  "año": "2008",
  "precioCRC": "1400000",
  "marca": "LAND",
  "modelo": "ROVER RANGE ROVER SPORT"
}