{
  "Cilindrada": "1500",
  "Estilo": "Sedán",
  "Combustible": "Gasolina",
  "Transmisión": "Automática/Dual",
  "Estado": "Muy Bueno",
  "Kilometraje": "200000",
  "Placa": "Termina en 2",
  "Color exterior": "BLANCO",
  "Color interior": "GRIS",
  "# de puertas": "2",
  "Ya pagó impuestos": "SI",
  "Precio negociable": "SI",
  "Se recibe vehículo": "NO",
  "Provincia": "Alajuela",
  "Fecha de ingreso": "12 de Agosto del 2020",
  "visto": "1989",
  "detalles": "Hyundai accent verna automático año  motor cc un solo árbol de levas  rtv hasta el",
  "img": "https://crautos.com/clasificados/usados/82803965-1.jpg",
  "url": "https://crautos.com/autosusados/cardetail.cfm?c=82803965&Hyundai.ACCENT%20GS.2000",
  "año": "2000",
  "precioCRC": "1650000",
  "marca": "HYUNDAI",
  "modelo": "ACCENT GS"
}