{
  "Cilindrada": "1600",
  "Estilo": "Sedán",
  "Combustible": "Gasolina",
  "Transmisión": "Manual",
  "Estado": "Bueno",
  "Kilometraje": "120000",
  "Placa": "Termina en 9",
  "Color exterior": "CELESTE",
  "Color interior": "GRIS",
  "# de puertas": "4",
  "Ya pagó impuestos": "SI",
  "Precio negociable": "NO",
  "Se recibe vehículo": "NO",
  "Provincia": "San José",
  "Fecha de ingreso": "15 de Setiembre del 2020",
  "visto": "351",
  "detalles": "Se vence rtv este mes",
  "img": "https://crautos.com/rimages/nopiclg.jpg",
  "url": "https://crautos.com/autosusados/cardetail.cfm?c=65715259&Toyota.COROLLA%20.1989",
  "año": "1989",
  "precioCRC": "675000",
  "marca": "TOYOTA",
  "modelo": "COROLLA"
}