{
  "Cilindrada": "1300",
  "Estilo": "Sedán",
  "Combustible": "Gasolina",
  "Transmisión": "Manual",
  "Estado": "Muy Bueno",
  "Kilometraje": "357525",
  "Placa": "Termina en 4",
  "Color exterior": "ROJO",
  "Color interior": "GRIS",
  "# de puertas": "2",
  "Ya pagó impuestos": "SI",
  "Precio negociable": "SI",
  "Se recibe vehículo": "NO",
  "Provincia": "Alajuela",
  "Fecha de ingreso": "17 de Setiembre del 2020",
  "visto": "251",
  "detalles": "CON RTV INCLUIDO",
  "img": "https://crautos.com/rimages/nopiclg.jpg",
  "url": "https://crautos.com/autosusados/cardetail.cfm?c=12547233&Toyota.TERCEL.1992",
  "año": "1992",
  "precioCRC": "900000",
  "marca": "TOYOTA",
  "modelo": "TERCEL"
}