{
  "Cilindrada": "2000",
  "Estilo": "Hatchback",
  "Combustible": "Gasolina",
  "Transmisión": "Manual",
  "Estado": "Excelente",
  "Kilometraje": "247500",
  "Placa": "Termina en 5",
  "Color exterior": "BLANCO",
  "Color interior": "NEGRO",
  "# de puertas": "3",
  "Ya pagó impuestos": "SI",
  "Precio negociable": "SI",
  "Se recibe vehículo": "NO",
  "Provincia": "Alajuela",
  "Fecha de ingreso": "29 de Setiembre del 2020",
  "visto": "247",
  "detalles": "GOLF GTI",
  "img": "https://crautos.com/clasificados/usados/15911233-1.jpg",
  "url": "https://crautos.com/autosusados/cardetail.cfm?c=15911233&Volkswagen.GOLF.1998",
  "año": "1998",
  "precioCRC": "1200000",
  "marca": "VOLKSWAGEN",
  "modelo": "GOLF"
}