{
  "Cilindrada": "1600",
  "Estilo": "Sedán",
  "Combustible": "Gasolina",
  "Transmisión": "Automática/Dual",
  "Estado": "Excelente",
  "Kilometraje": "189000",
  "Placa": "Termina en 2",
  "Color exterior": "DORADO",
  "Color interior": "GRIS",
  "# de puertas": "4",
  "Ya pagó impuestos": "SI",
  "Precio negociable": "SI",
  "Se recibe vehículo": "NO",
  "Provincia": "Heredia",
  "Fecha de ingreso": "16 de Setiembre del 2020",
  "visto": "895",
  "detalles": "No rtv solo gases necesita pasar para que pase reinspeccion",
  "img": "https://crautos.com/clasificados/usados/54468415-1.jpg",
  "url": "https://crautos.com/autosusados/cardetail.cfm?c=54468415&Hyundai.ACCENT%20VERNA.2001",
  "año": "2001",
  "precioCRC": "1500000",
  "marca": "HYUNDAI",
  "modelo": "ACCENT VERNA"
}