{
  "Cilindrada": "1600",
  "Estilo": "Sedán",
  "Combustible": "Gasolina",
  "Transmisión": "Manual",
  "Estado": "Excelente",
  "Kilometraje": "135510",
  "Placa": "Termina en 5",
  "Color exterior": "DORADO",
  "Color interior": "GRIS",
  "# de puertas": "4",
  "Ya pagó impuestos": "SI",
  "Precio negociable": "SI",
  "Se recibe vehículo": "NO",
  "Provincia": "Cartago",
  "Fecha de ingreso": "15 de Setiembre del 2020",
  "visto": "160",
  "detalles": "Carro en muy buen estado precio negociable",
  "img": "https://crautos.com/rimages/nopiclg.jpg",
  "url": "https://crautos.com/autosusados/cardetail.cfm?c=18541890&Nissan.SENTRA.1997",
  "año": "1997",
  "precioCRC": "1700000",
  "marca": "NISSAN",
  "modelo": "SENTRA"
}