{
  "Cilindrada": "2000",
  "Estilo": "Todo Terreno 4x4",
  "Combustible": "Gasolina",
  "Transmisión": "Manual",
  "Estado": "Bueno",
  "Kilometraje": "275650",
  "Placa": "Termina en 7",
  "Color exterior": "VERDE OSCURO",
  "Color interior": "GRIS",
  "# de puertas": "5",
  "Ya pagó impuestos": "SI",
  "Precio negociable": "NO",
  "Se recibe vehículo": "NO",
  "Provincia": "Heredia",
  "Fecha de ingreso": "15 de Setiembre del 2020",
  "visto": "206",
  "detalles": "Batería nueva.Llantas delanteras nuevas.Precio incluye traspaso.Tiene alarma instalada pero desconec",
  "img": "https://crautos.com/rimages/nopiclg.jpg",
  "url": "https://crautos.com/autosusados/cardetail.cfm?c=84962699&Kia.SPORTAGE.1994",
  "año": "1994",
  "precioCRC": "1650000",
  "marca": "KIA",
  "modelo": "SPORTAGE"
}