{
  "Cilindrada": "1600",
  "Estilo": "Sedán",
  "Combustible": "Gasolina",
  "Transmisión": "Automática/Dual",
  "Estado": "Bueno",
  "Kilometraje": "221900",
  "Placa": "Termina en 5",
  "Color exterior": "BLANCO",
  "Color interior": "AZUL",
  "# de puertas": "4",
  "Ya pagó impuestos": "SI",
  "Precio negociable": "SI",
  "Se recibe vehículo": "NO",
  "Provincia": "San José",
  "Fecha de ingreso": "07 de Setiembre del 2020",
  "visto": "1547",
  "detalles": "Parte mecánica en perfecto estado. Regular en pintura detalles estéticos",
  "img": "https://crautos.com/clasificados/usados/41817334-1.jpg",
  "url": "https://crautos.com/autosusados/cardetail.cfm?c=41817334&Toyota.COROLLA.1991",
  "año": "1991",
  "precioCRC": "900000",
  "marca": "TOYOTA",
  "modelo": "COROLLA"
}