{
  "Cilindrada": "1500",
  "Estilo": "Sedán",
  "Combustible": "Gasolina",
  "Transmisión": "Manual",
  "Estado": "Muy Bueno",
  "Kilometraje": "169000",
  "Placa": "Termina en 9",
  "Color exterior": "DORADO",
  "Color interior": "GRIS",
  "# de puertas": "4",
  "Ya pagó impuestos": "SI",
  "Precio negociable": "SI",
  "Se recibe vehículo": "NO",
  "Provincia": "Alajuela",
  "Fecha de ingreso": "29 de Setiembre del 2020",
  "visto": "103",
  "detalles": "Rtv oct veintiuno",
  "img": "https://crautos.com/clasificados/usados/69272797-1.jpg",
  "url": "https://crautos.com/autosusados/cardetail.cfm?c=69272797&Hyundai.ACCENT.2002",
  "año": "2002",
  "precioCRC": "1650000",
  "marca": "HYUNDAI",
  "modelo": "ACCENT"
}