{
  "Cilindrada": "800",
  "Estilo": "Hatchback",
  "Combustible": "Gasolina",
  "Transmisión": "Manual",
  "Estado": "Muy Bueno",
  "Kilometraje": "144500",
  "Placa": "Termina en 4",
  "Color exterior": "GRIS",
  "Color interior": "GRIS",
  "# de puertas": "5",
  "Ya pagó impuestos": "SI",
  "Precio negociable": "SI",
  "Se recibe vehículo": "NO",
  "Provincia": "Guanacaste",
  "Fecha de ingreso": "13 de Agosto del 2020",
  "visto": "975",
  "img": "https://crautos.com/clasificados/usados/89899936-1.jpg",
  "url": "https://crautos.com/autosusados/cardetail.cfm?c=89899936&Chevrolet.SPARK.1998",
  "año": "1998",
  "precioCRC": "1490000",
  "marca": "CHEVROLET",
  "modelo": "SPARK"
}