{
  "Cilindrada": "1600",
  "Estilo": "Sedán",
  "Combustible": "Gasolina",
  "Transmisión": "Manual",
  "Estado": "Muy Bueno",
  "Kilometraje": "111",
  "Placa": "Termina en 1",
  "Color exterior": "GRIS",
  "Color interior": "GRIS",
  "# de puertas": "4",
  "Ya pagó impuestos": "SI",
  "Precio negociable": "SI",
  "Se recibe vehículo": "NO",
  "Provincia": "San José",
  "Fecha de ingreso": "01 de Setiembre del 2020",
  "visto": "578",
  "detalles": "VEHÍCULO MUY ORIGINAL EN EXC .ESTADO GENERAL COMO SE VE EN LAS FOTOS TODOS LOS DOCUMENTOS AL DÍA",
  "img": "https://crautos.com/clasificados/usados/92848720-1.jpg",
  "url": "https://crautos.com/autosusados/cardetail.cfm?c=92848720&Nissan.SUNNY.1988",
  "año": "1988",
  "precioCRC": "1650000",
  "marca": "NISSAN",
  "modelo": "SUNNY"
}