{
  "Cilindrada": "1500",
  "Estilo": "Sedán",
  "Combustible": "Gasolina",
  "Transmisión": "Automática/Dual",
  "Estado": "Muy Bueno",
  "Kilometraje": "70000",
  "Placa": "Termina en 9",
  "Color exterior": "VERDE",
  "Color interior": "NEGRO",
  "# de puertas": "2",
  "Ya pagó impuestos": "SI",
  "Precio negociable": "SI",
  "Se recibe vehículo": "NO",
  "Provincia": "San José",
  "Fecha de ingreso": "15 de Setiembre del 2020",
  "visto": "640",
  "img": "https://crautos.com/clasificados/usados/97197389-1.jpg",
  "url": "https://crautos.com/autosusados/cardetail.cfm?c=97197389&Toyota.TERCEL.1997",
  "año": "1997",
  "precioCRC": "1600000",
  "marca": "TOYOTA",
  "modelo": "TERCEL"
}