{
  "Cilindrada": "1800",
  "Estilo": "Sedán",
  "Combustible": "Gasolina",
  "Transmisión": "Manual",
  "Estado": "Muy Bueno",
  "Kilometraje": "270000",
  "Placa": "Termina en 3",
  "Color exterior": "NEGRO",
  "Color interior": "GRIS",
  "# de puertas": "5",
  "Ya pagó impuestos": "SI",
  "Precio negociable": "SI",
  "Se recibe vehículo": "NO",
  "Provincia": "Heredia",
  "Fecha de ingreso": "05 de Agosto del 2020",
  "visto": "2527",
  "detalles": "Se puede dar junto con vuelto por mk Jetta o Golf",
  "img": "https://crautos.com/clasificados/usados/70488834-1.jpg",
  "url": "https://crautos.com/autosusados/cardetail.cfm?c=70488834&Volkswagen.FOX%20GL%20WOLFSBURG%20EDITION.1993",
  "año": "1993",
  "precioCRC": "900000",
  "marca": "VOLKSWAGEN",
  "modelo": "FOX GL WOLFSBURG EDITION"
}