{
  "Cilindrada": "1300",
  "Estilo": "Sedán",
  "Combustible": "Gasolina",
  "Transmisión": "Automática/Dual",
  "Estado": "Excelente",
  "Kilometraje": "248000",
  "Placa": "Termina en 4",
  "Color exterior": "AZÚL",
  "Color interior": "NEGRO",
  "# de puertas": "4",
  "Ya pagó impuestos": "SI",
  "Precio negociable": "NO",
  "Se recibe vehículo": "NO",
  "Provincia": "San José",
  "Fecha de ingreso": "28 de Agosto del 2020",
  "visto": "393",
  "detalles": "Totalmente al día Firma inmediata Automático A/C D/H  SOLO VENTA",
  "img": "https://crautos.com/rimages/nopiclg.jpg",
  "url": "https://crautos.com/autosusados/cardetail.cfm?c=48438950&Geo.METRO.1995",
  "año": "1995",
  "precioCRC": "1200000",
  "marca": "GEO",
  "modelo": "METRO"
}