{
  "Cilindrada": "1300",
  "Estilo": "Hatchback",
  "Combustible": "Gasolina",
  "Transmisión": "Manual",
  "Estado": "Muy Bueno",
  "Kilometraje": "ND",
  "Placa": "Termina en 1",
  "Color exterior": "GRIS",
  "Color interior": "GRIS",
  "# de puertas": "3",
  "Ya pagó impuestos": "SI",
  "Precio negociable": "SI",
  "Se recibe vehículo": "NO",
  "Provincia": "Alajuela",
  "Fecha de ingreso": "16 de Setiembre del 2020",
  "visto": "307",
  "detalles": "FUNCIONAMIENTO GENERAL BUENO - SE ESCUCHAN OFERTAS",
  "img": "https://crautos.com/clasificados/usados/56693566-1.jpg",
  "url": "https://crautos.com/autosusados/cardetail.cfm?c=56693566&Ford.FESTIVA.1990",
  "año": "1990",
  "precioCRC": "1200000",
  "marca": "FORD",
  "modelo": "FESTIVA"
}