{
  "Cilindrada": "1500",
  "Estilo": "Sedán",
  "Combustible": "Gasolina",
  "Transmisión": "Manual",
  "Estado": "Muy Bueno",
  "Kilometraje": "213780",
  "Placa": "Termina en 5",
  "Color exterior": "VERDE",
  "Color interior": "GRIS",
  "# de puertas": "2",
  "Ya pagó impuestos": "SI",
  "Precio negociable": "SI",
  "Se recibe vehículo": "NO",
  "Provincia": "San José",
  "Fecha de ingreso": "15 de Setiembre del 2020",
  "visto": "297",
  "detalles": "Perfecto estado mecánico - Detalles de pintura",
  "img": "https://crautos.com/clasificados/usados/38263088-1.jpg",
  "url": "https://crautos.com/autosusados/cardetail.cfm?c=38263088&Toyota.TERCEL.1993",
  "año": "1993",
  "precioCRC": "1400000",
  "marca": "TOYOTA",
  "modelo": "TERCEL"
}