{
  "Cilindrada": "2000",
  "Estilo": "Sedán",
  "Combustible": "Gasolina",
  "Transmisión": "Manual",
  "Estado": "Excelente",
  "Kilometraje": "174144",
  "Placa": "Termina en 6",
  "Color exterior": "VERDE",
  "Color interior": "BEIGE",
  "# de puertas": "5",
  "Ya pagó impuestos": "SI",
  "Precio negociable": "NO",
  "Se recibe vehículo": "NO",
  "Provincia": "Alajuela",
  "Fecha de ingreso": "24 de Agosto del 2020",
  "visto": "428",
  "detalles": "Nesecita retocar la pintura",
  "img": "https://crautos.com/rimages/nopiclg.jpg",
  "url": "https://crautos.com/autosusados/cardetail.cfm?c=10955861&Hyundai.ELANTRA.2001",
  "año": "2001",
  "precioCRC": "1500000",
  "marca": "HYUNDAI",
  "modelo": "ELANTRA"
}