{
  "Cilindrada": "1800",
  "Estilo": "Sedán",
  "Combustible": "Gasolina",
  "Transmisión": "Manual",
  "Estado": "Muy Bueno",
  "Kilometraje": "220000",
  "Placa": "Termina en 0",
  "Color exterior": "VERDE",
  "Color interior": "GRIS",
  "# de puertas": "4",
  "Ya pagó impuestos": "SI",
  "Precio negociable": "SI",
  "Se recibe vehículo": "NO",
  "Provincia": "Cartago",
  "Fecha de ingreso": "06 de Julio del 2020",
  "visto": "1760",
  "img": "https://crautos.com/clasificados/usados/75074989-1.jpg",
  "url": "https://crautos.com/autosusados/cardetail.cfm?c=75074989&Mazda.PROTEGE%20.1993",
  "año": "1993",
  "precioCRC": "1150000",
  "marca": "MAZDA",
  "modelo": "PROTEGE"
}