{
  "Cilindrada": "1600",
  "Estilo": "Sedán",
  "Combustible": "Gasolina",
  "Transmisión": "Manual",
  "Estado": "Excelente",
  "Kilometraje": "ND",
  "Placa": "Termina en 5",
  "Color exterior": "BEIGE",
  "Color interior": "BEIGE",
  "# de puertas": "4",
  "Ya pagó impuestos": "SI",
  "Precio negociable": "SI",
  "Se recibe vehículo": "NO",
  "Provincia": "San José",
  "Fecha de ingreso": "02 de Octubre del 2020",
  "visto": "5",
  "detalles": "PRECIO NEGOCIABLE LLANTAS NUEVAS OFREZCA SIN COMPROMISO",
  "img": "https://crautos.com/rimages/nopiclg.jpg",
  "url": "https://crautos.com/autosusados/cardetail.cfm?c=19333413&Nissan.SENTRA%20B14.1998",
  "año": "1998",
  "precioCRC": "1650000",
  "marca": "NISSAN",
  "modelo": "SENTRA B14"
}