{
  "Cilindrada": "1000",
  "Estilo": "Hatchback",
  "Combustible": "Gasolina",
  "Transmisión": "Manual",
  "Estado": "Excelente",
  "Kilometraje": "79000",
  "Placa": "Termina en 7",
  "Color exterior": "BLANCO",
  "Color interior": "GRIS",
  "# de puertas": "5",
  "Ya pagó impuestos": "SI",
  "Precio negociable": "SI",
  "Se recibe vehículo": "NO",
  "Provincia": "San José",
  "Fecha de ingreso": "13 de Setiembre del 2020",
  "visto": "350",
  "detalles": "Excelente estado RTV y Marchamo al dia",
  "img": "https://crautos.com/clasificados/usados/12978173-1.jpg",
  "url": "https://crautos.com/autosusados/cardetail.cfm?c=12978173&Daewoo.MATIZ.2001",
  "año": "2001",
  "precioCRC": "1500000",
  "marca": "DAEWOO",
  "modelo": "MATIZ"
}