{
  "Cilindrada": "1000",
  "Estilo": "Sedán",
  "Combustible": "Gasolina",
  "Transmisión": "Manual",
  "Estado": "Excelente",
  "Kilometraje": "194000",
  "Placa": "Termina en 2",
  "Color exterior": "GRIS",
  "Color interior": "GRIS",
  "# de puertas": "3",
  "Ya pagó impuestos": "SI",
  "Precio negociable": "NO",
  "Se recibe vehículo": "NO",
  "Provincia": "Alajuela",
  "Fecha de ingreso": "21 de Setiembre del 2020",
  "visto": "259",
  "detalles": "Super económico excelente estado al dia",
  "img": "https://crautos.com/clasificados/usados/26845311-1.jpg",
  "url": "https://crautos.com/autosusados/cardetail.cfm?c=26845311&Chevrolet.METRO.1994",
  "año": "1994",
  "precioCRC": "950000",
  "marca": "CHEVROLET",
  "modelo": "METRO"
}