{
  "Cilindrada": "1400",
  "Estilo": "Sedán",
  "Combustible": "Gasolina",
  "Transmisión": "Manual",
  "Estado": "Muy Bueno",
  "Kilometraje": "80000",
  "Placa": "Termina en 7",
  "Color exterior": "AZUL",
  "Color interior": "GRIS",
  "# de puertas": "5",
  "Ya pagó impuestos": "SI",
  "Precio negociable": "SI",
  "Se recibe vehículo": "NO",
  "Provincia": "Cartago",
  "Fecha de ingreso": "12 de Agosto del 2020",
  "visto": "1599",
  "detalles": "Vehiculo en buen estado precio o prenda negociable!",
  "img": "https://crautos.com/clasificados/usados/36521858-1.jpg",
  "url": "https://crautos.com/autosusados/cardetail.cfm?c=36521858&Chevrolet.CELTA.2004",
  "año": "2004",
  "precioCRC": "1299000",
  "marca": "CHEVROLET",
  "modelo": "CELTA"
}