{
  "Cilindrada": "1500",
  "Estilo": "Sedán",
  "Combustible": "Gasolina",
  "Transmisión": "Automática/Dual",
  "Estado": "Regular",
  "Kilometraje": "143000",
  "Placa": "Termina en 8",
  "Color exterior": "VERDE",
  "Color interior": "NEGRO",
  "# de puertas": "4",
  "Ya pagó impuestos": "SI",
  "Precio negociable": "SI",
  "Se recibe vehículo": "NO",
  "Provincia": "Alajuela",
  "Fecha de ingreso": "28 de Setiembre del 2020",
  "visto": "109",
  "detalles": "Batería nueva llantas en buen estado  todo al día",
  "img": "https://crautos.com/clasificados/usados/94292664-1.jpg",
  "url": "https://crautos.com/autosusados/cardetail.cfm?c=94292664&Toyota.TERCEL%20.1994",
  "año": "1994",
  "precioCRC": "1500000",
  "marca": "TOYOTA",
  "modelo": "TERCEL"
}