{
  "Cilindrada": "1500",
  "Estilo": "Sedán",
  "Combustible": "Gasolina",
  "Transmisión": "Manual",
  "Estado": "Muy Bueno",
  "Kilometraje": "195209",
  "Placa": "Termina en 6",
  "Color exterior": "VERDE",
  "Color interior": "CAFE",
  "# de puertas": "2",
  "Ya pagó impuestos": "SI",
  "Precio negociable": "SI",
  "Se recibe vehículo": "NO",
  "Provincia": "San José",
  "Fecha de ingreso": "29 de Setiembre del 2020",
  "visto": "125",
  "detalles": "Toyota Tercel DX versión japonesa detalles mínimos  el carro está sin uso",
  "img": "https://crautos.com/clasificados/usados/35920008-1.jpg",
  "url": "https://crautos.com/autosusados/cardetail.cfm?c=35920008&Toyota.TERCEL%20DX.1998",
  "año": "1998",
  "precioCRC": "1700000",
  "marca": "TOYOTA",
  "modelo": "TERCEL DX"
}