{
  "Cilindrada": "1600",
  "Estilo": "Sedán",
  "Combustible": "Gasolina",
  "Transmisión": "Manual",
  "Estado": "Excelente",
  "Kilometraje": "700000",
  "Placa": "Termina en 1",
  "Color exterior": "VINO",
  "Color interior": "NEGRO",
  "# de puertas": "4",
  "Ya pagó impuestos": "SI",
  "Precio negociable": "NO",
  "Se recibe vehículo": "NO",
  "Provincia": "Alajuela",
  "Fecha de ingreso": "30 de Setiembre del 2020",
  "visto": "45",
  "img": "https://crautos.com/clasificados/usados/12224446-1.jpg",
  "url": "https://crautos.com/autosusados/cardetail.cfm?c=12224446&Toyota.COROLLA.1991",
  "año": "1991",
  "precioCRC": "1400000",
  "marca": "TOYOTA",
  "modelo": "COROLLA"
}