{
  "Cilindrada": "1800",
  "Estilo": "Station Wagon",
  "Combustible": "Gasolina",
  "Transmisión": "Manual",
  "Estado": "Excelente",
  "Kilometraje": "ND",
  "Placa": "Termina en 5",
  "Color exterior": "AZUL",
  "Color interior": "BEIGE",
  "# de puertas": "5",
  "Ya pagó impuestos": "SI",
  "Precio negociable": "SI",
  "Se recibe vehículo": "NO",
  "Provincia": "San José",
  "Fecha de ingreso": "05 de Agosto del 2020",
  "visto": "894",
  "detalles": "Todo al día solo dos dueños ha tenido muy original mecánicamente wxcelente",
  "img": "https://crautos.com/clasificados/usados/61146740-1.jpg",
  "url": "https://crautos.com/autosusados/cardetail.cfm?c=61146740&Hyundai.ELANTRA%20GL.1998",
  "año": "1998",
  "precioCRC": "1550000",
  "marca": "HYUNDAI",
  "modelo": "ELANTRA GL"
}