{
  "Cilindrada": "1500",
  "Estilo": "Sedán",
  "Combustible": "Gasolina",
  "Transmisión": "Manual",
  "Estado": "Excelente",
  "Kilometraje": "ND",
  "Placa": "Termina en 0",
  "Color exterior": "CELESTE",
  "Color interior": "GRIS",
  "# de puertas": "2",
  "Ya pagó impuestos": "SI",
  "Precio negociable": "SI",
  "Se recibe vehículo": "NO",
  "Provincia": "Limón",
  "Fecha de ingreso": "01 de Setiembre del 2020",
  "visto": "1049",
  "detalles": "Vendo o cambio busco carro alto",
  "img": "https://crautos.com/clasificados/usados/53982982-1.jpg",
  "url": "https://crautos.com/autosusados/cardetail.cfm?c=53982982&Toyota.TERCEL.1993",
  "año": "1993",
  "precioCRC": "1100000",
  "marca": "TOYOTA",
  "modelo": "TERCEL"
}