{
  "Cilindrada": "1600",
  "Estilo": "Sedán",
  "Combustible": "Gasolina",
  "Transmisión": "Manual",
  "Estado": "Regular",
  "Kilometraje": "89000",
  "Placa": "Termina en 9",
  "Color exterior": "VERDE",
  "Color interior": "GRIS",
  "# de puertas": "4",
  "Ya pagó impuestos": "NO",
  "Precio negociable": "SI",
  "Se recibe vehículo": "NO",
  "Provincia": "Heredia",
  "Fecha de ingreso": "27 de Setiembre del 2020",
  "visto": "173",
  "detalles": "Dos Dueños Estuvo guardado mucho tiempo",
  "img": "https://crautos.com/rimages/nopiclg.jpg",
  "url": "https://crautos.com/autosusados/cardetail.cfm?c=40069485&Daewoo.CIELO.1998",
  "año": "1998",
  "precioCRC": "180000",
  "marca": "DAEWOO",
  "modelo": "CIELO"
}