{
  "Cilindrada": "1600",
  "Estilo": "Todo Terreno 4x4",
  "Combustible": "Gasolina",
  "Transmisión": "Manual",
  "Estado": "Excelente",
  "Kilometraje": "99",
  "Placa": "Termina en 4",
  "Color exterior": "ROJO",
  "Color interior": "GRIS",
  "# de puertas": "2",
  "Ya pagó impuestos": "SI",
  "Precio negociable": "SI",
  "Se recibe vehículo": "NO",
  "Provincia": "Cartago",
  "Fecha de ingreso": "07 de Agosto del 2020",
  "visto": "2448",
  "detalles": "No se recibe. Debe marchamo de este año",
  "img": "https://crautos.com/clasificados/usados/14884880-1.jpg",
  "url": "https://crautos.com/autosusados/cardetail.cfm?c=14884880&Geo.TRACKER.1990",
  "año": "1990",
  "precioCRC": "1700000",
  "marca": "GEO",
  "modelo": "TRACKER"
}