{
  "Cilindrada": "1600",
  "Estilo": "Sedán",
  "Combustible": "Gasolina",
  "Transmisión": "Manual",
  "Estado": "Bueno",
  "Kilometraje": "170000",
  "Placa": "ND",
  "Color exterior": "BLANCO",
  "Color interior": "GRIS",
  "# de puertas": "5",
  "Ya pagó impuestos": "SI",
  "Precio negociable": "SI",
  "Se recibe vehículo": "NO",
  "Provincia": "San José",
  "Fecha de ingreso": "26 de Agosto del 2020",
  "visto": "495",
  "detalles": "El vehículo se encuentra completamente al día se entrega con el traspaso incluido URGE VENDER!!!",
  "img": "https://crautos.com/rimages/nopiclg.jpg",
  "url": "https://crautos.com/autosusados/cardetail.cfm?c=92886737&Hyundai.ACCENT.1996",
  "año": "1996",
  "precioCRC": "900000",
  "marca": "HYUNDAI",
  "modelo": "ACCENT"
}