{
  "Cilindrada": "1200",
  "Estilo": "Sedán",
  "Combustible": "Gasolina",
  "Transmisión": "Manual",
  "Estado": "Excelente",
  "Kilometraje": "ND",
  "Placa": "Termina en 1",
  "Color exterior": "ROJO",
  "Color interior": "NEGRO",
  "# de puertas": "2",
  "Ya pagó impuestos": "NO",
  "Precio negociable": "SI",
  "Se recibe vehículo": "NO",
  "Provincia": "San José",
  "Fecha de ingreso": "19 de Agosto del 2020",
  "visto": "751",
  "detalles": "Versión americana",
  "img": "https://crautos.com/rimages/nopiclg.jpg",
  "url": "https://crautos.com/autosusados/cardetail.cfm?c=24365086&Hyundai.EXCEL.1988",
  "año": "1988",
  "precioCRC": "350000",
  "marca": "HYUNDAI",
  "modelo": "EXCEL"
}