{
  "Cilindrada": "1300",
  "Estilo": "Hatchback",
  "Combustible": "Gasolina",
  "Transmisión": "Manual",
  "Estado": "Regular",
  "Kilometraje": "15000",
  "Placa": "Termina en 4",
  "Color exterior": "VERDE",
  "Color interior": "GRIS",
  "# de puertas": "5",
  "Ya pagó impuestos": "SI",
  "Precio negociable": "SI",
  "Se recibe vehículo": "NO",
  "Provincia": "San José",
  "Fecha de ingreso": "10 de Setiembre del 2020",
  "visto": "386",
  "detalles": "esta en Perez zeledon  podemos negociarlo por otro",
  "img": "https://crautos.com/clasificados/usados/30590715-1.jpg",
  "url": "https://crautos.com/autosusados/cardetail.cfm?c=30590715&Ford.ASPIRE.1995",
  "año": "1995",
  "precioCRC": "1200000",
  "marca": "FORD",
  "modelo": "ASPIRE"
}