{
  "Cilindrada": "1800",
  "Estilo": "Sedán",
  "Combustible": "Gasolina",
  "Transmisión": "Automática/Dual",
  "Estado": "Bueno",
  "Kilometraje": "214000",
  "Placa": "Termina en 1",
  "Color exterior": "GRIS",
  "Color interior": "GRIS",
  "# de puertas": "4",
  "Ya pagó impuestos": "SI",
  "Precio negociable": "SI",
  "Se recibe vehículo": "NO",
  "Provincia": "San José",
  "Fecha de ingreso": "17 de Setiembre del 2020",
  "visto": "707",
  "detalles": "El vehículo en general está en buenas condiciones. Solo no pasa gases. Parece computadora dañada.",
  "img": "https://crautos.com/clasificados/usados/72822490-1.jpg",
  "url": "https://crautos.com/autosusados/cardetail.cfm?c=72822490&Nissan.SENTRA%20B15.2001",
  "año": "2001",
  "precioCRC": "1400000",
  "marca": "NISSAN",
  "modelo": "SENTRA B15"
}