{
  "Cilindrada": "1600",
  "Estilo": "Hatchback",
  "Combustible": "Gasolina",
  "Transmisión": "Manual",
  "Estado": "Muy Bueno",
  "Kilometraje": "149000",
  "Placa": "ND",
  "Color exterior": "NEGRO",
  "Color interior": "GRIS",
  "# de puertas": "5",
  "Ya pagó impuestos": "SI",
  "Precio negociable": "SI",
  "Se recibe vehículo": "NO",
  "Provincia": "San José",
  "Fecha de ingreso": "24 de Setiembre del 2020",
  "visto": "250",
  "detalles": "Vidrios eléctricos - Cierre central - alarma integrada - aire acondicionado - airbag",
  "img": "https://crautos.com/clasificados/usados/40946505-1.jpg",
  "url": "https://crautos.com/autosusados/cardetail.cfm?c=40946505&Volkswagen.POLO.2003",
  "año": "2003",
  "precioCRC": "1750000",
  "marca": "VOLKSWAGEN",
  "modelo": "POLO"
}