{
  "Cilindrada": "2000",
  "Estilo": "Sedán",
  "Combustible": "Gasolina",
  "Transmisión": "Manual",
  "Estado": "Bueno",
  "Kilometraje": "259804",
  "Placa": "Termina en 7",
  "Color exterior": "GRIS",
  "Color interior": "GRIS",
  "# de puertas": "4",
  "Ya pagó impuestos": "SI",
  "Precio negociable": "SI",
  "Se recibe vehículo": "NO",
  "Provincia": "San José",
  "Fecha de ingreso": "31 de Agosto del 2020",
  "visto": "743",
  "img": "https://crautos.com/clasificados/usados/10908424-1.jpg",
  "url": "https://crautos.com/autosusados/cardetail.cfm?c=10908424&Honda.ACCORD%20LX.1987",
  "año": "1987",
  "precioCRC": "650000",
  "marca": "HONDA",
  "modelo": "ACCORD LX"
}