{
  "Cilindrada": "1600",
  "Estilo": "Sedán",
  "Combustible": "Gasolina",
  "Transmisión": "Manual",
  "Estado": "Excelente",
  "Kilometraje": "ND",
  "Placa": "Termina en 4",
  "Color exterior": "GRIS",
  "Color interior": "NEGRO",
  "# de puertas": "4",
  "Ya pagó impuestos": "SI",
  "Precio negociable": "SI",
  "Se recibe vehículo": "NO",
  "Provincia": "Heredia",
  "Fecha de ingreso": "17 de Setiembre del 2020",
  "visto": "628",
  "detalles": "tune up y cambio de cluth hecho hace seis meses el aire se instalo nuevo en Julio excelente estado",
  "img": "https://crautos.com/clasificados/usados/70237489-1.jpg",
  "url": "https://crautos.com/autosusados/cardetail.cfm?c=70237489&Nissan.SENTRA%20B12%20.1988",
  "año": "1988",
  "precioCRC": "800000",
  "marca": "NISSAN",
  "modelo": "SENTRA B12"
}