{
  "Cilindrada": "1800",
  "Estilo": "Station Wagon",
  "Combustible": "Gasolina",
  "Transmisión": "Manual",
  "Estado": "Muy Bueno",
  "Kilometraje": "236000",
  "Placa": "Termina en 7",
  "Color exterior": "VINO /DORADO",
  "Color interior": "GRIZ",
  "# de puertas": "5",
  "Ya pagó impuestos": "NO",
  "Precio negociable": "SI",
  "Se recibe vehículo": "NO",
  "Provincia": "San José",
  "Fecha de ingreso": "04 de Agosto del 2020",
  "visto": "3992",
  "detalles": "Excelente estado full extras solo le falta el alternador la bateria riteve  y un marchamo.",
  "img": "https://crautos.com/clasificados/usados/31015000-1.jpg",
  "url": "https://crautos.com/autosusados/cardetail.cfm?c=31015000&Subaru.LOYALE.1992",
  "año": "1992",
  "precioCRC": "450000",
  "marca": "SUBARU",
  "modelo": "LOYALE"
}