{
  "Cilindrada": "1500",
  "Estilo": "Sedán",
  "Combustible": "Gasolina",
  "Transmisión": "Automática/Dual",
  "Estado": "Bueno",
  "Kilometraje": "211000",
  "Placa": "Termina en 4",
  "Color exterior": "CELESTE",
  "Color interior": "GRIS",
  "# de puertas": "4",
  "Ya pagó impuestos": "SI",
  "Precio negociable": "SI",
  "Se recibe vehículo": "NO",
  "Provincia": "San José",
  "Fecha de ingreso": "13 de Agosto del 2020",
  "visto": "463",
  "detalles": "El carro esta muy bien en geral todo al día excelente de motor y caja",
  "img": "https://crautos.com/rimages/nopiclg.jpg",
  "url": "https://crautos.com/autosusados/cardetail.cfm?c=55133482&Toyota.TERCEL.1993",
  "año": "1993",
  "precioCRC": "1700000",
  "marca": "TOYOTA",
  "modelo": "TERCEL"
}