{
  "Cilindrada": "1400",
  "Estilo": "Sedán",
  "Combustible": "Gasolina",
  "Transmisión": "Manual",
  "Estado": "Muy Bueno",
  "Kilometraje": "340000",
  "Placa": "Termina en 6",
  "Color exterior": "GRIS",
  "Color interior": "GRIS",
  "# de puertas": "5",
  "Ya pagó impuestos": "NO",
  "Precio negociable": "SI",
  "Se recibe vehículo": "NO",
  "Provincia": "Guanacaste",
  "Fecha de ingreso": "19 de Agosto del 2020",
  "visto": "747",
  "img": "https://crautos.com/rimages/nopiclg.jpg",
  "url": "https://crautos.com/autosusados/cardetail.cfm?c=21833056&Hyundai.EXCEL.1993",
  "año": "1993",
  "precioCRC": "600000",
  "marca": "HYUNDAI",
  "modelo": "EXCEL"
}