{
  "Cilindrada": "1500",
  "Estilo": "Sedán",
  "Combustible": "Gasolina",
  "Transmisión": "Manual",
  "Estado": "Muy Bueno",
  "Kilometraje": "110000",
  "Placa": "Termina en 3",
  "Color exterior": "AZUL",
  "Color interior": "GRIS",
  "# de puertas": "5",
  "Ya pagó impuestos": "SI",
  "Precio negociable": "SI",
  "Se recibe vehículo": "NO",
  "Provincia": "Alajuela",
  "Fecha de ingreso": "11 de Agosto del 2020",
  "visto": "1143",
  "detalles": "Carrito en muy buen estado al día y a mi nombre",
  "img": "https://crautos.com/clasificados/usados/80198371-1.jpg",
  "url": "https://crautos.com/autosusados/cardetail.cfm?c=80198371&Toyota.COROLLA.1988",
  "año": "1988",
  "precioCRC": "1200000",
  "marca": "TOYOTA",
  "modelo": "COROLLA"
}