{
  "Cilindrada": "1300",
  "Estilo": "Sedán",
  "Combustible": "Gasolina",
  "Transmisión": "Manual",
  "Estado": "Muy Bueno",
  "Kilometraje": "7840",
  "Placa": "Termina en 5",
  "Color exterior": "VINO",
  "Color interior": "VINO",
  "# de puertas": "4",
  "Ya pagó impuestos": "SI",
  "Precio negociable": "NO",
  "Se recibe vehículo": "NO",
  "Provincia": "Cartago",
  "Fecha de ingreso": "25 de Setiembre del 2020",
  "visto": "307",
  "detalles": "Se vende super económico.",
  "img": "https://crautos.com/rimages/nopiclg.jpg",
  "url": "https://crautos.com/autosusados/cardetail.cfm?c=58400502&Mitsubishi.LANCER.1991",
  "año": "1991",
  "precioCRC": "950000",
  "marca": "MITSUBISHI",
  "modelo": "LANCER"
}