{
  "Cilindrada": "1000",
  "Estilo": "Hatchback",
  "Combustible": "Gasolina",
  "Transmisión": "Manual",
  "Estado": "Bueno",
  "Kilometraje": "65000",
  "Placa": "Termina en 3",
  "Color exterior": "AZUL SUBARÚ",
  "Color interior": "AZUL CON NEGRO",
  "# de puertas": "5",
  "Ya pagó impuestos": "SI",
  "Precio negociable": "SI",
  "Se recibe vehículo": "NO",
  "Provincia": "San José",
  "Fecha de ingreso": "13 de Agosto del 2020",
  "visto": "3751",
  "detalles": "ARRANCA PERFECTAMENTE-LO RESTAURE EN DOSMIL DIECISIETE-PERO VOY A CASARME NO TENGO ESPACIO",
  "img": "https://crautos.com/clasificados/usados/82841998-1.jpg",
  "url": "https://crautos.com/autosusados/cardetail.cfm?c=82841998&Toyota.STARLET.1980",
  "año": "1980",
  "precioCRC": "600000",
  "marca": "TOYOTA",
  "modelo": "STARLET"
}