{
  "Cilindrada": "1600",
  "Estilo": "Hatchback",
  "Combustible": "Gasolina",
  "Transmisión": "Manual",
  "Estado": "Muy Bueno",
  "Kilometraje": "167000",
  "Placa": "Termina en 7",
  "Color exterior": "GRIS",
  "Color interior": "NEGRO",
  "# de puertas": "4",
  "Ya pagó impuestos": "SI",
  "Precio negociable": "SI",
  "Se recibe vehículo": "SI",
  "Provincia": "San José",
  "Fecha de ingreso": "03 de Setiembre del 2020",
  "visto": "590",
  "img": "https://crautos.com/clasificados/usados/83805119-1.jpg",
  "url": "https://crautos.com/autosusados/cardetail.cfm?c=83805119&Peugeot.206%20BERLINA%20XR.2006",
  "año": "2006",
  "precioCRC": "1750000",
  "marca": "GEO",
  "modelo": "PEUT 206 BERLINA XR"
}