{
  "Cilindrada": "1500",
  "Estilo": "Sedán",
  "Combustible": "Gasolina",
  "Transmisión": "Manual",
  "Estado": "Muy Bueno",
  "Kilometraje": "200000",
  "Placa": "ND",
  "Color exterior": "VERDE",
  "Color interior": "GRIS",
  "# de puertas": "3",
  "Ya pagó impuestos": "SI",
  "Precio negociable": "SI",
  "Se recibe vehículo": "NO",
  "Provincia": "San José",
  "Fecha de ingreso": "27 de Agosto del 2020",
  "visto": "1230",
  "detalles": "APROVECHE LA OPORTUNIDAD, ESCRIBA AL WHATSAPP QUE ES EL MISMO NUMERO DE TELEFONO",
  "img": "https://crautos.com/clasificados/usados/89442556-1.jpg",
  "url": "https://crautos.com/autosusados/cardetail.cfm?c=89442556&Toyota.TERCEL.1994",
  "año": "1994",
  "precioCRC": "1350000",
  "marca": "TOYOTA",
  "modelo": "TERCEL"
}