{
  "Cilindrada": "1600",
  "Estilo": "Hatchback",
  "Combustible": "Gasolina",
  "Transmisión": "Manual",
  "Estado": "Muy Bueno",
  "Kilometraje": "112000",
  "Placa": "Termina en 7",
  "Color exterior": "AZUL",
  "Color interior": "GRIS",
  "# de puertas": "5",
  "Ya pagó impuestos": "SI",
  "Precio negociable": "SI",
  "Se recibe vehículo": "NO",
  "Provincia": "Heredia",
  "Fecha de ingreso": "02 de Setiembre del 2020",
  "visto": "521",
  "detalles": "CARRO DE COCHERA MUY POCO USO",
  "img": "https://crautos.com/clasificados/usados/97780003-1.jpg",
  "url": "https://crautos.com/autosusados/cardetail.cfm?c=97780003&Renault.CLIO.2005",
  "año": "2005",
  "precioCRC": "1750000",
  "marca": "RENAULT",
  "modelo": "CLIO"
}