{
  "Cilindrada": "1500",
  "Estilo": "Sedán",
  "Combustible": "Gasolina",
  "Transmisión": "Automática/Dual",
  "Estado": "Bueno",
  "Kilometraje": "194000",
  "Placa": "Termina en 7",
  "Color exterior": "CELESTE",
  "Color interior": "GRIS",
  "# de puertas": "4",
  "Ya pagó impuestos": "SI",
  "Precio negociable": "SI",
  "Se recibe vehículo": "NO",
  "Provincia": "San José",
  "Fecha de ingreso": "02 de Octubre del 2020",
  "visto": "4",
  "img": "https://crautos.com/rimages/nopiclg.jpg",
  "url": "https://crautos.com/autosusados/cardetail.cfm?c=94994031&Toyota.TERCEL.1991",
  "año": "1991",
  "precioCRC": "1400000",
  "marca": "TOYOTA",
  "modelo": "TERCEL"
}