{
  "Cilindrada": "1500",
  "Estilo": "Sedán",
  "Combustible": "Gasolina",
  "Transmisión": "Manual",
  "Estado": "Excelente",
  "Kilometraje": "1",
  "Placa": "Termina en 6",
  "Color exterior": "ROJO",
  "Color interior": "GRIS",
  "# de puertas": "4",
  "Ya pagó impuestos": "SI",
  "Precio negociable": "SI",
  "Se recibe vehículo": "NO",
  "Provincia": "Cartago",
  "Fecha de ingreso": "07 de Setiembre del 2020",
  "visto": "527",
  "detalles": "Todo al día",
  "img": "https://crautos.com/clasificados/usados/80924338-1.jpg",
  "url": "https://crautos.com/autosusados/cardetail.cfm?c=80924338&Hyundai.ACCENT.2000",
  "año": "2000",
  "precioCRC": "1500000",
  "marca": "HYUNDAI",
  "modelo": "ACCENT"
}