{
  "Cilindrada": "1600",
  "Estilo": "Hatchback",
  "Combustible": "Gasolina",
  "Transmisión": "Manual",
  "Estado": "Excelente",
  "Kilometraje": "221000",
  "Placa": "ND",
  "Color exterior": "BLANCO",
  "Color interior": "GRID",
  "# de puertas": "3",
  "Ya pagó impuestos": "SI",
  "Precio negociable": "SI",
  "Se recibe vehículo": "SI",
  "Provincia": "Alajuela",
  "Fecha de ingreso": "31 de Agosto del 2020",
  "visto": "968",
  "detalles": "Excelente estado mecántico y físico.. Cambio",
  "img": "https://crautos.com/clasificados/usados/18854303-1.jpg",
  "url": "https://crautos.com/autosusados/cardetail.cfm?c=18854303&Honda.CIVIC.1995",
  "año": "1995",
  "precioCRC": "1750000",
  "marca": "HONDA",
  "modelo": "CIVIC"
}