{
  "Cilindrada": "1800",
  "Estilo": "Sedán",
  "Combustible": "Gasolina",
  "Transmisión": "Automática/Dual",
  "Estado": "Muy Bueno",
  "Kilometraje": "200000",
  "Placa": "Termina en 2",
  "Color exterior": "BLANCO",
  "Color interior": "NEGRO CON GRIS",
  "# de puertas": "4",
  "Ya pagó impuestos": "SI",
  "Precio negociable": "SI",
  "Se recibe vehículo": "NO",
  "Provincia": "Cartago",
  "Fecha de ingreso": "15 de Setiembre del 2020",
  "visto": "722",
  "detalles": "Geo Prizm libre de gravamenes. Motor Corolla. Muy buen estado. Detalles de pintura.",
  "img": "https://crautos.com/clasificados/usados/75396991-1.jpg",
  "url": "https://crautos.com/autosusados/cardetail.cfm?c=75396991&Toyota.COROLLA.1994",
  "año": "1994",
  "precioCRC": "1300000",
  "marca": "TOYOTA",
  "modelo": "COROLLA"
}