{
  "Cilindrada": "1600",
  "Estilo": "Sedán",
  "Combustible": "Gasolina",
  "Transmisión": "Automática/Dual",
  "Estado": "Excelente",
  "Kilometraje": "239391",
  "Placa": "Termina en 9",
  "Color exterior": "BLANCO",
  "Color interior": "BEIGE",
  "# de puertas": "2",
  "Ya pagó impuestos": "SI",
  "Precio negociable": "SI",
  "Se recibe vehículo": "SI",
  "Provincia": "Guanacaste",
  "Fecha de ingreso": "29 de Setiembre del 2020",
  "visto": "105",
  "detalles": "AL DIA-GARANTIA X ESCRITO-RECIBO-FINANCIO-autossantodomingocrABIERT DOMINGO.GUANACASTE SANTA CRUZ",
  "img": "https://crautos.com/clasificados/usados/1088475-1.jpg",
  "url": "https://crautos.com/autosusados/cardetail.cfm?c=1088475&Nissan.SENTRA%20XE.1993",
  "año": "1993",
  "precioCRC": "1475000",
  "marca": "NISSAN",
  "modelo": "SENTRA XE"
}