{
  "Cilindrada": "1600",
  "Estilo": "Sedán",
  "Combustible": "Gasolina",
  "Transmisión": "Manual",
  "Estado": "Bueno",
  "Kilometraje": "179000",
  "Placa": "Termina en 0",
  "Color exterior": "AZUL",
  "Color interior": "NEGRO",
  "# de puertas": "4",
  "Ya pagó impuestos": "SI",
  "Precio negociable": "NO",
  "Se recibe vehículo": "NO",
  "Provincia": "San José",
  "Fecha de ingreso": "15 de Setiembre del 2020",
  "visto": "219",
  "detalles": "tiene bateria nueva  y se le an metido rotulas y roles de bocina y tengo las fibras nuevas",
  "img": "https://crautos.com/rimages/nopiclg.jpg",
  "url": "https://crautos.com/autosusados/cardetail.cfm?c=74546407&Nissan.SENTRA.1993",
  "año": "1993",
  "precioCRC": "1200000",
  "marca": "NISSAN",
  "modelo": "SENTRA"
}