{
  "Cilindrada": "1600",
  "Estilo": "Sedán",
  "Combustible": "Gasolina",
  "Transmisión": "Automática/Dual",
  "Estado": "Bueno",
  "Kilometraje": "200",
  "Placa": "Termina en 6",
  "Color exterior": "GRIS PLATEADO",
  "Color interior": "GRIS",
  "# de puertas": "4",
  "Ya pagó impuestos": "SI",
  "Precio negociable": "SI",
  "Se recibe vehículo": "NO",
  "Provincia": "San José",
  "Fecha de ingreso": "12 de Agosto del 2020",
  "visto": "1512",
  "detalles": "Se vende por falta de espacio por donde vivo",
  "img": "https://crautos.com/clasificados/usados/73974928-1.jpg",
  "url": "https://crautos.com/autosusados/cardetail.cfm?c=73974928&Renault.MEGANE%20CLASSIC.2001",
  "año": "2001",
  "precioCRC": "1300000",
  "marca": "RENAULT",
  "modelo": "MEGANE CLASSIC"
}