{
  "Cilindrada": "1400",
  "Estilo": "Sedán",
  "Combustible": "Gasolina",
  "Transmisión": "Manual",
  "Estado": "Excelente",
  "Kilometraje": "1",
  "Placa": "Termina en 3",
  "Color exterior": "VERDE",
  "Color interior": "NEGRO",
  "# de puertas": "4",
  "Ya pagó impuestos": "SI",
  "Precio negociable": "SI",
  "Se recibe vehículo": "NO",
  "Provincia": "San José",
  "Fecha de ingreso": "01 de Julio del 2020",
  "visto": "1426",
  "detalles": "Se vende en excelente estado",
  "img": "https://crautos.com/clasificados/usados/22537325-1.jpg",
  "url": "https://crautos.com/autosusados/cardetail.cfm?c=22537325&Peugeot.206%20BERLINA%20XT.2004",
  "año": "2004",
  "precioCRC": "1800000",
  "marca": "GEO",
  "modelo": "PEUT 206 BERLINA XT"
}