{
  "Cilindrada": "1500",
  "Estilo": "Sedán",
  "Combustible": "Gasolina",
  "Transmisión": "Manual",
  "Estado": "Excelente",
  "Kilometraje": "192300",
  "Placa": "ND",
  "Color exterior": "BLANCO",
  "Color interior": "BEIGE",
  "# de puertas": "4",
  "Ya pagó impuestos": "SI",
  "Precio negociable": "SI",
  "Se recibe vehículo": "NO",
  "Provincia": "Cartago",
  "Fecha de ingreso": "18 de Setiembre del 2020",
  "visto": "459",
  "detalles": "Excelente de motor y suspensión muy buenas condiciones",
  "img": "https://crautos.com/clasificados/usados/40883655-1.jpg",
  "url": "https://crautos.com/autosusados/cardetail.cfm?c=40883655&Honda.CIVIC.1995",
  "año": "1995",
  "precioCRC": "1500000",
  "marca": "HONDA",
  "modelo": "CIVIC"
}