{
  "Cilindrada": "1800",
  "Estilo": "Microbús/Minivan",
  "Combustible": "Gasolina",
  "Transmisión": "Manual",
  "Estado": "Muy Bueno",
  "Kilometraje": "ND",
  "Placa": "Termina en 7",
  "Color exterior": "AZUL",
  "Color interior": "GRIS",
  "# de puertas": "5",
  "Ya pagó impuestos": "SI",
  "Precio negociable": "SI",
  "Se recibe vehículo": "NO",
  "Provincia": "Cartago",
  "Fecha de ingreso": "19 de Agosto del 2020",
  "visto": "495",
  "detalles": "Escucho ofertas",
  "img": "https://crautos.com/rimages/nopiclg.jpg",
  "url": "https://crautos.com/autosusados/cardetail.cfm?c=72787137&Mitsubishi.MITSUBISHI.1981",
  "año": "1981",
  "precioCRC": "1250000",
  "marca": "MITSUBISHI",
  "modelo": "MITSUBISHI"
}