{
  "Cilindrada": "1500",
  "Estilo": "Sedán",
  "Combustible": "Gasolina",
  "Transmisión": "Manual",
  "Estado": "Muy Bueno",
  "Kilometraje": "167000",
  "Placa": "Termina en 2",
  "Color exterior": "BLANCO",
  "Color interior": "NEGRO",
  "# de puertas": "2",
  "Ya pagó impuestos": "NO",
  "Precio negociable": "SI",
  "Se recibe vehículo": "NO",
  "Provincia": "Heredia",
  "Fecha de ingreso": "29 de Setiembre del 2020",
  "visto": "218",
  "detalles": "Debe marchamos y placas",
  "img": "https://crautos.com/clasificados/usados/15917986-1.jpg",
  "url": "https://crautos.com/autosusados/cardetail.cfm?c=15917986&Toyota.TERCEL.1995",
  "año": "1995",
  "precioCRC": "1200000",
  "marca": "TOYOTA",
  "modelo": "TERCEL"
}