{
  "Cilindrada": "1500",
  "Estilo": "Station Wagon",
  "Combustible": "Gasolina",
  "Transmisión": "Manual",
  "Estado": "Muy Bueno",
  "Kilometraje": "203000",
  "Placa": "Termina en 8",
  "Color exterior": "BLANCO",
  "Color interior": "GRIS AZUL",
  "# de puertas": "5",
  "Ya pagó impuestos": "SI",
  "Precio negociable": "SI",
  "Se recibe vehículo": "NO",
  "Provincia": "Alajuela",
  "Fecha de ingreso": "27 de Agosto del 2020",
  "visto": "986",
  "detalles": "carro económico carburado tiene rtv al dia marchamo el dueño no vive en CR y se ocupa vender",
  "img": "https://crautos.com/clasificados/usados/49592898-1.jpg",
  "url": "https://crautos.com/autosusados/cardetail.cfm?c=49592898&Mazda.323.1994",
  "año": "1994",
  "precioCRC": "1100000",
  "marca": "MAZDA",
  "modelo": "323"
}