{
  "Cilindrada": "1600",
  "Estilo": "Todo Terreno 4x2",
  "Combustible": "Gasolina",
  "Transmisión": "Manual",
  "Estado": "Excelente",
  "Kilometraje": "153000",
  "Placa": "Termina en 4",
  "Color exterior": "NEGRO",
  "Color interior": "GRIS-NEGRO",
  "# de puertas": "3",
  "Ya pagó impuestos": "SI",
  "Precio negociable": "SI",
  "Se recibe vehículo": "NO",
  "Provincia": "San José",
  "Fecha de ingreso": "01 de Setiembre del 2020",
  "visto": "1520",
  "detalles": "¡¡¡ VENDIDO¡¡¡¡¡ GRACIAS.",
  "img": "https://crautos.com/clasificados/usados/76691992-1.jpg",
  "url": "https://crautos.com/autosusados/cardetail.cfm?c=76691992&Geo.TRACKER.1994",
  "año": "1994",
  "precioCRC": "1700000",
  "marca": "GEO",
  "modelo": "TRACKER"
}