{
  "Cilindrada": "1600",
  "Estilo": "Sedán",
  "Combustible": "Gasolina",
  "Transmisión": "Automática/Dual",
  "Estado": "Muy Bueno",
  "Kilometraje": "180",
  "Placa": "Termina en 3",
  "Color exterior": "DORADO",
  "Color interior": "BEIGE",
  "# de puertas": "4",
  "Ya pagó impuestos": "SI",
  "Precio negociable": "SI",
  "Se recibe vehículo": "NO",
  "Provincia": "San José",
  "Fecha de ingreso": "23 de Setiembre del 2020",
  "visto": "93",
  "detalles": "Vidrios eléctricos inyectada hidráulica aros radio",
  "img": "https://crautos.com/rimages/nopiclg.jpg",
  "url": "https://crautos.com/autosusados/cardetail.cfm?c=42214953&Nissan.SENTRA.1994",
  "año": "1994",
  "precioCRC": "1500000",
  "marca": "NISSAN",
  "modelo": "SENTRA"
}