{
  "Cilindrada": "1600",
  "Estilo": "Sedán",
  "Combustible": "Gasolina",
  "Transmisión": "Manual",
  "Estado": "Excelente",
  "Kilometraje": "ND",
  "Placa": "Termina en 3",
  "Color exterior": "GRIS",
  "Color interior": "NEGRO",
  "# de puertas": "4",
  "Ya pagó impuestos": "SI",
  "Precio negociable": "SI",
  "Se recibe vehículo": "NO",
  "Provincia": "Alajuela",
  "Fecha de ingreso": "10 de Setiembre del 2020",
  "visto": "708",
  "detalles": "Motor nuevo",
  "img": "https://crautos.com/clasificados/usados/83367720-1.jpg",
  "url": "https://crautos.com/autosusados/cardetail.cfm?c=83367720&Peugeot.307%20BERLINA%20XR.2002",
  "año": "2002",
  "precioCRC": "1500000",
  "marca": "GEO",
  "modelo": "PEUT 307 BERLINA XR"
}