{
  "Cilindrada": "1500",
  "Estilo": "Sedán",
  "Combustible": "Gasolina",
  "Transmisión": "Manual",
  "Estado": "Bueno",
  "Kilometraje": "200",
  "Placa": "Termina en 0",
  "Color exterior": "AZUL",
  "Color interior": "CAFE",
  "# de puertas": "2",
  "Ya pagó impuestos": "SI",
  "Precio negociable": "SI",
  "Se recibe vehículo": "NO",
  "Provincia": "Heredia",
  "Fecha de ingreso": "08 de Agosto del 2020",
  "visto": "1834",
  "detalles": "Precio puede ser negociado",
  "img": "https://crautos.com/clasificados/usados/23171778-1.jpg",
  "url": "https://crautos.com/autosusados/cardetail.cfm?c=23171778&Hyundai.ACCENT.1998",
  "año": "1998",
  "precioCRC": "1000000",
  "marca": "HYUNDAI",
  "modelo": "ACCENT"
}