{
  "Cilindrada": "1600",
  "Estilo": "Sedán",
  "Combustible": "Gasolina",
  "Transmisión": "Automática/Dual",
  "Estado": "Bueno",
  "Kilometraje": "139423",
  "Placa": "Termina en 3",
  "Color exterior": "VERDE",
  "Color interior": "GRIS",
  "# de puertas": "4",
  "Ya pagó impuestos": "SI",
  "Precio negociable": "SI",
  "Se recibe vehículo": "NO",
  "Provincia": "San José",
  "Fecha de ingreso": "18 de Agosto del 2020",
  "visto": "1438",
  "detalles": "rtv al dia debe  placas",
  "img": "https://crautos.com/clasificados/usados/48457567-1.jpg",
  "url": "https://crautos.com/autosusados/cardetail.cfm?c=48457567&Hyundai.ELANTRA.1999",
  "año": "1999",
  "precioCRC": "1150000",
  "marca": "HYUNDAI",
  "modelo": "ELANTRA"
}