{
  "Cilindrada": "1600",
  "Estilo": "Sedán",
  "Combustible": "Gasolina",
  "Transmisión": "Manual",
  "Estado": "Muy Bueno",
  "Kilometraje": "155000",
  "Placa": "Termina en 8",
  "Color exterior": "CHAMPAGNE",
  "Color interior": "CAFE",
  "# de puertas": "4",
  "Ya pagó impuestos": "SI",
  "Precio negociable": "SI",
  "Se recibe vehículo": "NO",
  "Provincia": "Heredia",
  "Fecha de ingreso": "01 de Octubre del 2020",
  "visto": "34",
  "detalles": "Carroceria en perfecto estado llantas nuevas",
  "img": "https://crautos.com/clasificados/usados/13550655-1.jpg",
  "url": "https://crautos.com/autosusados/cardetail.cfm?c=13550655&Nissan.SENTRA%20B14.1996",
  "año": "1996",
  "precioCRC": "1750000",
  "marca": "NISSAN",
  "modelo": "SENTRA B14"
}