{
  "Cilindrada": "1600",
  "Estilo": "Sedán",
  "Combustible": "Gasolina",
  "Transmisión": "Automática/Dual",
  "Estado": "Muy Bueno",
  "Kilometraje": "222000",
  "Placa": "Termina en 3",
  "Color exterior": "NEGRO",
  "Color interior": "GRIS",
  "# de puertas": "2",
  "Ya pagó impuestos": "SI",
  "Precio negociable": "SI",
  "Se recibe vehículo": "NO",
  "Provincia": "San José",
  "Fecha de ingreso": "25 de Setiembre del 2020",
  "visto": "257",
  "detalles": "No se recibe ni se cambia por otro vehículo.",
  "img": "https://crautos.com/clasificados/usados/59734942-1.jpg",
  "url": "https://crautos.com/autosusados/cardetail.cfm?c=59734942&Nissan.SENTRA.1994",
  "año": "1994",
  "precioCRC": "1375000",
  "marca": "NISSAN",
  "modelo": "SENTRA"
}