{
  "Cilindrada": "1600",
  "Estilo": "Sedán",
  "Combustible": "Gasolina",
  "Transmisión": "Manual",
  "Estado": "Bueno",
  "Kilometraje": "207000",
  "Placa": "Termina en 6",
  "Color exterior": "NEGRO",
  "Color interior": "NEGRO",
  "# de puertas": "4",
  "Ya pagó impuestos": "SI",
  "Precio negociable": "SI",
  "Se recibe vehículo": "NO",
  "Provincia": "Alajuela",
  "Fecha de ingreso": "23 de Setiembre del 2020",
  "visto": "443",
  "detalles": "carro al dia el era rojo y en algún momento se pinto negro",
  "img": "https://crautos.com/clasificados/usados/30202723-1.jpg",
  "url": "https://crautos.com/autosusados/cardetail.cfm?c=30202723&Toyota.COROLLA.1991",
  "año": "1991",
  "precioCRC": "1100000",
  "marca": "TOYOTA",
  "modelo": "COROLLA"
}