{
  "Cilindrada": "1500",
  "Estilo": "Sedán",
  "Combustible": "Gasolina",
  "Transmisión": "Manual",
  "Estado": "Bueno",
  "Kilometraje": "106739",
  "Placa": "Termina en 6",
  "Color exterior": "GRIS",
  "Color interior": "GRIS",
  "# de puertas": "2",
  "Ya pagó impuestos": "SI",
  "Precio negociable": "SI",
  "Se recibe vehículo": "NO",
  "Provincia": "Alajuela",
  "Fecha de ingreso": "10 de Agosto del 2020",
  "visto": "843",
  "img": "https://crautos.com/clasificados/usados/35772096-1.jpg",
  "url": "https://crautos.com/autosusados/cardetail.cfm?c=35772096&Hyundai.ACCENT%20.2000",
  "año": "2000",
  "precioCRC": "1550000",
  "marca": "HYUNDAI",
  "modelo": "ACCENT"
}