{
  "Cilindrada": "1600",
  "Estilo": "Hatchback",
  "Combustible": "Gasolina",
  "Transmisión": "Manual",
  "Estado": "Bueno",
  "Kilometraje": "196000",
  "Placa": "ND",
  "Color exterior": "NEGRO",
  "Color interior": "GRIS",
  "# de puertas": "4",
  "Ya pagó impuestos": "SI",
  "Precio negociable": "SI",
  "Se recibe vehículo": "NO",
  "Provincia": "Alajuela",
  "Fecha de ingreso": "20 de Agosto del 2020",
  "visto": "2050",
  "detalles": "No recibo. Detalles de pintura.",
  "img": "https://crautos.com/clasificados/usados/49748673-1.jpg",
  "url": "https://crautos.com/autosusados/cardetail.cfm?c=49748673&Renault.CLIO.2005",
  "año": "2005",
  "precioCRC": "1300000",
  "marca": "RENAULT",
  "modelo": "CLIO"
}