{
  "Cilindrada": "2000",
  "Estilo": "Sedán",
  "Combustible": "Gasolina",
  "Transmisión": "Manual",
  "Estado": "Bueno",
  "Kilometraje": "200000",
  "Placa": "Termina en 5",
  "Color exterior": "BLANCO",
  "Color interior": "NEGRO",
  "# de puertas": "5",
  "Ya pagó impuestos": "SI",
  "Precio negociable": "SI",
  "Se recibe vehículo": "NO",
  "Provincia": "San José",
  "Fecha de ingreso": "29 de Setiembre del 2020",
  "visto": "172",
  "detalles": "Seis cilindros. Versión europea",
  "img": "https://crautos.com/clasificados/usados/46513666-1.jpg",
  "url": "https://crautos.com/autosusados/cardetail.cfm?c=46513666&BMW.520I.1991",
  "año": "1991",
  "precioCRC": "1650000",
  "marca": "BMW",
  "modelo": "520I"
}