{
  "Cilindrada": "1400",
  "Estilo": "Sedán",
  "Combustible": "Gasolina",
  "Transmisión": "Manual",
  "Estado": "Excelente",
  "Kilometraje": "195000",
  "Placa": "Termina en 8",
  "Color exterior": "AZUL",
  "Color interior": "NEGRO",
  "# de puertas": "5",
  "Ya pagó impuestos": "SI",
  "Precio negociable": "SI",
  "Se recibe vehículo": "NO",
  "Provincia": "San José",
  "Fecha de ingreso": "18 de Agosto del 2020",
  "visto": "912",
  "detalles": "Llantas Nuevas-Muy Económico-Bien Cuidado.",
  "img": "https://crautos.com/clasificados/usados/78090818-1.jpg",
  "url": "https://crautos.com/autosusados/cardetail.cfm?c=78090818&Peugeot.206.2006",
  "año": "2006",
  "precioCRC": "1800000",
  "marca": "GEO",
  "modelo": "PEUT 206"
}