{
  "Cilindrada": "800",
  "Estilo": "Hatchback",
  "Combustible": "Gasolina",
  "Transmisión": "Manual",
  "Estado": "Bueno",
  "Kilometraje": "220000",
  "Placa": "Termina en 7",
  "Color exterior": "NEGRO",
  "Color interior": "GRIS",
  "# de puertas": "5",
  "Ya pagó impuestos": "SI",
  "Precio negociable": "SI",
  "Se recibe vehículo": "NO",
  "Provincia": "San José",
  "Fecha de ingreso": "11 de Setiembre del 2020",
  "visto": "488",
  "detalles": "Hay que hacerle arreglo en la caja y pasar RTV el está corriendo",
  "img": "https://crautos.com/rimages/nopiclg.jpg",
  "url": "https://crautos.com/autosusados/cardetail.cfm?c=68017704&Suzuki.ALTO.2007",
  "año": "2007",
  "precioCRC": "1350000",
  "marca": "SUZUKI",
  "modelo": "ALTO"
}