{
  "Cilindrada": "1600",
  "Estilo": "Sedán",
  "Combustible": "Gasolina",
  "Transmisión": "Manual",
  "Estado": "Bueno",
  "Kilometraje": "ND",
  "Placa": "Termina en 6",
  "Color exterior": "GRIS",
  "Color interior": "GRIS",
  "# de puertas": "4",
  "Ya pagó impuestos": "SI",
  "Precio negociable": "SI",
  "Se recibe vehículo": "NO",
  "Provincia": "Limón",
  "Fecha de ingreso": "13 de Agosto del 2020",
  "visto": "702",
  "detalles": "Vendo Civic  detalles de pintura y tapizar el techo",
  "img": "https://crautos.com/rimages/nopiclg.jpg",
  "url": "https://crautos.com/autosusados/cardetail.cfm?c=22579933&Honda.CIVIC.1996",
  "año": "1996",
  "precioCRC": "1350000",
  "marca": "HONDA",
  "modelo": "CIVIC"
}