{
  "Cilindrada": "3000",
  "Estilo": "Todo Terreno 4x4",
  "Combustible": "Gasolina",
  "Transmisión": "Manual",
  "Estado": "Bueno",
  "Kilometraje": "204480",
  "Placa": "Termina en 4",
  "Color exterior": "AZUL",
  "Color interior": "AZUL",
  "# de puertas": "3",
  "Ya pagó impuestos": "SI",
  "Precio negociable": "NO",
  "Se recibe vehículo": "NO",
  "Provincia": "Cartago",
  "Fecha de ingreso": "14 de Agosto del 2020",
  "visto": "1567",
  "detalles": "pathfinder en buen estado rtv marchamo al dia vendo o cambio se da vuelto si es de mayor valor",
  "img": "https://crautos.com/clasificados/usados/82054592-1.jpg",
  "url": "https://crautos.com/autosusados/cardetail.cfm?c=82054592&Nissan.PATHFINDER%20.1990",
  "año": "1990",
  "precioCRC": "1800000",
  "marca": "NISSAN",
  "modelo": "PATHFINDER"
}