{
  "Cilindrada": "2000",
  "Estilo": "Hatchback",
  "Combustible": "Gasolina",
  "Transmisión": "Manual",
  "Estado": "Muy Bueno",
  "Kilometraje": "230000",
  "Placa": "Termina en 0",
  "Color exterior": "NEGRO",
  "Color interior": "NEGRO",
  "# de puertas": "2",
  "Ya pagó impuestos": "SI",
  "Precio negociable": "SI",
  "Se recibe vehículo": "NO",
  "Provincia": "Heredia",
  "Fecha de ingreso": "18 de Agosto del 2020",
  "visto": "491",
  "detalles": "Butacas aros de lujo y recién pintado muy buen estado, se cambia por pick up",
  "img": "https://crautos.com/clasificados/usados/25113095-1.jpg",
  "url": "https://crautos.com/autosusados/cardetail.cfm?c=25113095&Volkswagen.GOLF%20.1994",
  "año": "1994",
  "precioCRC": "1800000",
  "marca": "VOLKSWAGEN",
  "modelo": "GOLF"
}