{
  "Cilindrada": "1600",
  "Estilo": "Sedán",
  "Combustible": "Gasolina",
  "Transmisión": "Automática/Dual",
  "Estado": "Excelente",
  "Kilometraje": "257900",
  "Placa": "Termina en 9",
  "Color exterior": "BLANCO",
  "Color interior": "BEIGE",
  "# de puertas": "4",
  "Ya pagó impuestos": "SI",
  "Precio negociable": "SI",
  "Se recibe vehículo": "NO",
  "Provincia": "Alajuela",
  "Fecha de ingreso": "07 de Setiembre del 2020",
  "visto": "481",
  "detalles": "Muy cuidado y con poco uso, se vende porque se necesita carro alto",
  "img": "https://crautos.com/clasificados/usados/65502782-1.jpg",
  "url": "https://crautos.com/autosusados/cardetail.cfm?c=65502782&Honda.CIVIC.1995",
  "año": "1995",
  "precioCRC": "1750000",
  "marca": "HONDA",
  "modelo": "CIVIC"
}