{
  "Cilindrada": "1600",
  "Estilo": "Sedán",
  "Combustible": "Gasolina",
  "Transmisión": "Manual",
  "Estado": "Bueno",
  "Kilometraje": "ND",
  "Placa": "ND",
  "Color exterior": "ROJO",
  "Color interior": "NEGRO",
  "# de puertas": "2",
  "Ya pagó impuestos": "SI",
  "Precio negociable": "SI",
  "Se recibe vehículo": "NO",
  "Provincia": "Heredia",
  "Fecha de ingreso": "22 de Setiembre del 2020",
  "visto": "811",
  "detalles": "Vendo Nissan Sentra al día precio cómodo por detalles de pintura.",
  "img": "https://crautos.com/rimages/nopiclg.jpg",
  "url": "https://crautos.com/autosusados/cardetail.cfm?c=10187902&Nissan.SENTRA.1992",
  "año": "1992",
  "precioCRC": "900000",
  "marca": "NISSAN",
  "modelo": "SENTRA"
}