{
  "Cilindrada": "1600",
  "Estilo": "Sedán",
  "Combustible": "Gasolina",
  "Transmisión": "Manual",
  "Estado": "Muy Bueno",
  "Kilometraje": "1",
  "Placa": "Termina en 3",
  "Color exterior": "AZUL",
  "Color interior": "GRIS",
  "# de puertas": "4",
  "Ya pagó impuestos": "SI",
  "Precio negociable": "SI",
  "Se recibe vehículo": "NO",
  "Provincia": "San José",
  "Fecha de ingreso": "05 de Agosto del 2020",
  "visto": "1684",
  "detalles": "El carro esta completamente al dia  se da con lo que se ve en la foto",
  "img": "https://crautos.com/clasificados/usados/10050847-1.jpg",
  "url": "https://crautos.com/autosusados/cardetail.cfm?c=10050847&Honda.CIVIC%20DX.1995",
  "año": "1995",
  "precioCRC": "1600000",
  "marca": "HONDA",
  "modelo": "CIVIC DX"
}