{
  "Cilindrada": "1500",
  "Estilo": "Sedán",
  "Combustible": "Gasolina",
  "Transmisión": "Manual",
  "Estado": "Muy Bueno",
  "Kilometraje": "393000",
  "Placa": "ND",
  "Color exterior": "BLANCO",
  "Color interior": "BEIGE",
  "# de puertas": "4",
  "Ya pagó impuestos": "SI",
  "Precio negociable": "SI",
  "Se recibe vehículo": "NO",
  "Provincia": "Alajuela",
  "Fecha de ingreso": "15 de Setiembre del 2020",
  "visto": "392",
  "detalles": "Completamente al día, RTV al día, libre de gravámenes.",
  "img": "https://crautos.com/clasificados/usados/59035738-1.jpg",
  "url": "https://crautos.com/autosusados/cardetail.cfm?c=59035738&Hyundai.ELANTRA.1991",
  "año": "1991",
  "precioCRC": "950000",
  "marca": "HYUNDAI",
  "modelo": "ELANTRA"
}