{
  "Cilindrada": "1600",
  "Estilo": "Hatchback",
  "Combustible": "Gasolina",
  "Transmisión": "Manual",
  "Estado": "Muy Bueno",
  "Kilometraje": "199000",
  "Placa": "Termina en 7",
  "Color exterior": "BLANCO",
  "Color interior": "NEGRO",
  "# de puertas": "3",
  "Ya pagó impuestos": "SI",
  "Precio negociable": "SI",
  "Se recibe vehículo": "NO",
  "Provincia": "San José",
  "Fecha de ingreso": "28 de Setiembre del 2020",
  "visto": "50",
  "detalles": "buen estado todo al dia Detalles de pintura",
  "img": "https://crautos.com/clasificados/usados/50697817-1.jpg",
  "url": "https://crautos.com/autosusados/cardetail.cfm?c=50697817&Hyundai.ACCENT.1996",
  "año": "1996",
  "precioCRC": "1150000",
  "marca": "HYUNDAI",
  "modelo": "ACCENT"
}