{
  "Cilindrada": "1500",
  "Estilo": "Hatchback",
  "Combustible": "Gasolina",
  "Transmisión": "Manual",
  "Estado": "Muy Bueno",
  "Kilometraje": "190000",
  "Placa": "Termina en 8",
  "Color exterior": "GRIS",
  "Color interior": "NEGRI",
  "# de puertas": "3",
  "Ya pagó impuestos": "SI",
  "Precio negociable": "SI",
  "Se recibe vehículo": "NO",
  "Provincia": "San José",
  "Fecha de ingreso": "20 de Agosto del 2020",
  "visto": "1019",
  "detalles": "Carro en buen estado, esta en perez zeledon",
  "img": "https://crautos.com/clasificados/usados/61323722-1.jpg",
  "url": "https://crautos.com/autosusados/cardetail.cfm?c=61323722&Hyundai.EXCEL.1992",
  "año": "1992",
  "precioCRC": "1500000",
  "marca": "HYUNDAI",
  "modelo": "EXCEL"
}