{
  "Cilindrada": "1600",
  "Estilo": "Sedán",
  "Combustible": "Híbrido",
  "Transmisión": "Manual",
  "Estado": "Muy Bueno",
  "Kilometraje": "10000",
  "Placa": "Termina en 2",
  "Color exterior": "ROJO",
  "Color interior": "GRIS",
  "# de puertas": "4",
  "Ya pagó impuestos": "SI",
  "Precio negociable": "SI",
  "Se recibe vehículo": "NO",
  "Provincia": "Heredia",
  "Fecha de ingreso": "18 de Setiembre del 2020",
  "visto": "187",
  "detalles": "Vehículo con precio negociable tiene sistema de GAS. SUPER ECONÓMICO",
  "img": "https://crautos.com/rimages/nopiclg.jpg",
  "url": "https://crautos.com/autosusados/cardetail.cfm?c=73148396&Hyundai.EURO%20ACCENT.2001",
  "año": "2001",
  "precioCRC": "1700000",
  "marca": "HYUNDAI",
  "modelo": "EURO ACCENT"
}