{
  "Cilindrada": "1800",
  "Estilo": "Todo Terreno 4x2",
  "Combustible": "Gasolina",
  "Transmisión": "Manual",
  "Estado": "Regular",
  "Kilometraje": "178000",
  "Placa": "Termina en 8",
  "Color exterior": "BLANCO",
  "Color interior": "GRIS OSCURO",
  "# de puertas": "5",
  "Ya pagó impuestos": "SI",
  "Precio negociable": "NO",
  "Se recibe vehículo": "NO",
  "Provincia": "Cartago",
  "Fecha de ingreso": "15 de Setiembre del 2020",
  "visto": "641",
  "detalles": "DEBE MARCHAMO , Y DEBE RTV .",
  "img": "https://crautos.com/rimages/nopiclg.jpg",
  "url": "https://crautos.com/autosusados/cardetail.cfm?c=41636760&Suzuki.SIDEKICK%20SPORT.1997",
  "año": "1997",
  "precioCRC": "1500000",
  "marca": "SUZUKI",
  "modelo": "SIDEKICK SPORT"
}