{
  "Cilindrada": "1200",
  "Estilo": "Station Wagon",
  "Combustible": "Gasolina",
  "Transmisión": "Manual",
  "Estado": "Muy Bueno",
  "Kilometraje": "205000",
  "Placa": "Termina en 4",
  "Color exterior": "AMARILLO",
  "Color interior": "NEGRO",
  "# de puertas": "4",
  "Ya pagó impuestos": "SI",
  "Precio negociable": "SI",
  "Se recibe vehículo": "NO",
  "Provincia": "San José",
  "Fecha de ingreso": "26 de Agosto del 2020",
  "visto": "488",
  "detalles": "Datsun Y recién overjoleado bombas de freno nuevas carburador nuevo muy bien cuidado.",
  "img": "https://crautos.com/rimages/nopiclg.jpg",
  "url": "https://crautos.com/autosusados/cardetail.cfm?c=96577044&Datsun.120Y.1980",
  "año": "1980",
  "precioCRC": "1300000",
  "marca": "DATSUN",
  "modelo": "120Y"
}