{
  "Cilindrada": "1300",
  "Estilo": "Sedán",
  "Combustible": "Gasolina",
  "Transmisión": "Manual",
  "Estado": "Regular",
  "Kilometraje": "155000",
  "Placa": "ND",
  "Color exterior": "ROJO",
  "Color interior": "BEIGE",
  "# de puertas": "4",
  "Ya pagó impuestos": "SI",
  "Precio negociable": "SI",
  "Se recibe vehículo": "NO",
  "Provincia": "Alajuela",
  "Fecha de ingreso": "30 de Setiembre del 2020",
  "visto": "133",
  "detalles": "se remata al mejor oferta que hagan de contado urge vender se negocia ofertas serias en efectivo",
  "img": "https://crautos.com/clasificados/usados/26246365-1.jpg",
  "url": "https://crautos.com/autosusados/cardetail.cfm?c=26246365&Hyundai.ACCENT.2002",
  "año": "2002",
  "precioCRC": "995000",
  "marca": "HYUNDAI",
  "modelo": "ACCENT"
}