{
  "Cilindrada": "1600",
  "Estilo": "Sedán",
  "Combustible": "Gasolina",
  "Transmisión": "Manual",
  "Estado": "Bueno",
  "Kilometraje": "100000",
  "Placa": "Termina en 2",
  "Color exterior": "VINO",
  "Color interior": "BEIG",
  "# de puertas": "2",
  "Ya pagó impuestos": "SI",
  "Precio negociable": "SI",
  "Se recibe vehículo": "NO",
  "Provincia": "Limón",
  "Fecha de ingreso": "04 de Noviembre del 2019",
  "visto": "3235",
  "detalles": "SE VENDE O SE RECIBE CARRO",
  "img": "https://crautos.com/rimages/nopiclg.jpg",
  "url": "https://crautos.com/autosusados/cardetail.cfm?c=82290095&Nissan.SENTRA%20B13.1994",
  "año": "1994",
  "precioCRC": "1500000",
  "marca": "NISSAN",
  "modelo": "SENTRA B13"
}