{
  "Cilindrada": "1600",
  "Estilo": "Sedán",
  "Combustible": "Gasolina",
  "Transmisión": "Manual",
  "Estado": "Excelente",
  "Kilometraje": "260000",
  "Placa": "Termina en 2",
  "Color exterior": "CHAMPAGNE",
  "Color interior": "GRIS CON BEIGE",
  "# de puertas": "4",
  "Ya pagó impuestos": "SI",
  "Precio negociable": "SI",
  "Se recibe vehículo": "NO",
  "Provincia": "Cartago",
  "Fecha de ingreso": "02 de Octubre del 2020",
  "visto": "3",
  "detalles": "Excelente mecánicamente.. Económico y seguro... Mal estado de pintura pero por dentro bellísímo",
  "img": "https://crautos.com/rimages/nopiclg.jpg",
  "url": "https://crautos.com/autosusados/cardetail.cfm?c=40056956&Nissan.SENTRA%20B14.1995",
  "año": "1995",
  "precioCRC": "1450000",
  "marca": "NISSAN",
  "modelo": "SENTRA B14"
}