{
  "Cilindrada": "1600",
  "Estilo": "Sedán",
  "Combustible": "Gasolina",
  "Transmisión": "Manual",
  "Estado": "Bueno",
  "Kilometraje": "ND",
  "Placa": "ND",
  "Color exterior": "ROJO",
  "Color interior": "GRIS",
  "# de puertas": "4",
  "Ya pagó impuestos": "SI",
  "Precio negociable": "SI",
  "Se recibe vehículo": "NO",
  "Provincia": "San José",
  "Fecha de ingreso": "16 de Setiembre del 2020",
  "visto": "983",
  "detalles": "PARA INSCRIBIR Y PONER AL DIA, O se cambia por algún hyundai elantra o excel",
  "img": "https://crautos.com/clasificados/usados/22370023-1.jpg",
  "url": "https://crautos.com/autosusados/cardetail.cfm?c=22370023&Lifan.320.2009",
  "año": "2009",
  "precioCRC": "800000",
  "marca": "LIFAN",
  "modelo": "320"
}