{
  "Cilindrada": "1300",
  "Estilo": "Hatchback",
  "Combustible": "Gasolina",
  "Transmisión": "Manual",
  "Estado": "Bueno",
  "Kilometraje": "400",
  "Placa": "Termina en 5",
  "Color exterior": "AZUL",
  "Color interior": "GRIS",
  "# de puertas": "2",
  "Ya pagó impuestos": "SI",
  "Precio negociable": "SI",
  "Se recibe vehículo": "SI",
  "Provincia": "Alajuela",
  "Fecha de ingreso": "08 de Agosto del 2020",
  "visto": "1808",
  "detalles": "Recibo carro de mayor valor y doy vuelto a convenir o se vende en efectivo con traspaso incluido",
  "img": "https://crautos.com/clasificados/usados/94022766-1.jpg",
  "url": "https://crautos.com/autosusados/cardetail.cfm?c=94022766&Suzuki.SWIFT.1995",
  "año": "1995",
  "precioCRC": "1500000",
  "marca": "SUZUKI",
  "modelo": "SWIFT"
}