{
  "Cilindrada": "1000",
  "Estilo": "Hatchback",
  "Combustible": "Gasolina",
  "Transmisión": "Manual",
  "Estado": "Muy Bueno",
  "Kilometraje": "10000",
  "Placa": "Termina en 0",
  "Color exterior": "GRIS",
  "Color interior": "GRIS",
  "# de puertas": "3",
  "Ya pagó impuestos": "SI",
  "Precio negociable": "NO",
  "Se recibe vehículo": "NO",
  "Provincia": "Cartago",
  "Fecha de ingreso": "26 de Agosto del 2020",
  "visto": "818",
  "detalles": "Traspaso incluido. Carro sencillo no aire no hidraulico",
  "img": "https://crautos.com/clasificados/usados/31350977-1.jpg",
  "url": "https://crautos.com/autosusados/cardetail.cfm?c=31350977&Chevrolet.METRO.2000",
  "año": "2000",
  "precioCRC": "1350000",
  "marca": "CHEVROLET",
  "modelo": "METRO"
}