{
  "Cilindrada": "2000",
  "Estilo": "Sedán",
  "Combustible": "Gasolina",
  "Transmisión": "Automática/Dual",
  "Estado": "Muy Bueno",
  "Kilometraje": "270000",
  "Placa": "Termina en 5",
  "Color exterior": "VERDE",
  "Color interior": "BEIGE Y NEGRO",
  "# de puertas": "5",
  "Ya pagó impuestos": "SI",
  "Precio negociable": "SI",
  "Se recibe vehículo": "NO",
  "Provincia": "Alajuela",
  "Fecha de ingreso": "15 de Setiembre del 2020",
  "visto": "482",
  "detalles": "Sistema de Gas con computadora llantas nuevas motor overholiado",
  "img": "https://crautos.com/clasificados/usados/42124324-1.jpg",
  "url": "https://crautos.com/autosusados/cardetail.cfm?c=42124324&Hyundai.ELANTRA.2001",
  "año": "2001",
  "precioCRC": "1600000",
  "marca": "HYUNDAI",
  "modelo": "ELANTRA"
}