{
  "Cilindrada": "1500",
  "Estilo": "Sedán",
  "Combustible": "Gasolina",
  "Transmisión": "Manual",
  "Estado": "Muy Bueno",
  "Kilometraje": "ND",
  "Placa": "Termina en 7",
  "Color exterior": "NEGRO",
  "Color interior": "GRIS",
  "# de puertas": "2",
  "Ya pagó impuestos": "SI",
  "Precio negociable": "SI",
  "Se recibe vehículo": "NO",
  "Provincia": "San José",
  "Fecha de ingreso": "07 de Agosto del 2020",
  "visto": "2780",
  "detalles": "marchamo al dia rtv este mes le toca recien overjoleado cambio bateria mangueras compensador derech",
  "img": "https://crautos.com/clasificados/usados/52852376-1.jpg",
  "url": "https://crautos.com/autosusados/cardetail.cfm?c=52852376&Mitsubishi.MIRAGE.1993",
  "año": "1993",
  "precioCRC": "750000",
  "marca": "MITSUBISHI",
  "modelo": "MIRAGE"
}