{
  "Cilindrada": "1500",
  "Estilo": "Sedán",
  "Combustible": "Gasolina",
  "Transmisión": "Manual",
  "Estado": "Muy Bueno",
  "Kilometraje": "224691",
  "Placa": "Termina en 1",
  "Color exterior": "BLANCO",
  "Color interior": "NEGRO",
  "# de puertas": "2",
  "Ya pagó impuestos": "SI",
  "Precio negociable": "SI",
  "Se recibe vehículo": "NO",
  "Provincia": "Limón",
  "Fecha de ingreso": "31 de Agosto del 2020",
  "visto": "578",
  "detalles": "Direccion Mecanica Esta al día precio negociable",
  "img": "https://crautos.com/clasificados/usados/38062736-1.jpg",
  "url": "https://crautos.com/autosusados/cardetail.cfm?c=38062736&Toyota.TERCEL.1992",
  "año": "1992",
  "precioCRC": "1300000",
  "marca": "TOYOTA",
  "modelo": "TERCEL"
}