{
  "Cilindrada": "1500",
  "Estilo": "Sedán",
  "Combustible": "Gasolina",
  "Transmisión": "Automática/Dual",
  "Estado": "Bueno",
  "Kilometraje": "185000",
  "Placa": "Termina en 9",
  "Color exterior": "BLANCO",
  "Color interior": "BEIGE",
  "# de puertas": "2",
  "Ya pagó impuestos": "SI",
  "Precio negociable": "SI",
  "Se recibe vehículo": "NO",
  "Provincia": "San José",
  "Fecha de ingreso": "24 de Agosto del 2020",
  "visto": "1447",
  "detalles": "Lo tengo en Cuidad Colon centro",
  "img": "https://crautos.com/clasificados/usados/85314140-1.jpg",
  "url": "https://crautos.com/autosusados/cardetail.cfm?c=85314140&Toyota.TERCEL.1997",
  "año": "1997",
  "precioCRC": "1750000",
  "marca": "TOYOTA",
  "modelo": "TERCEL"
}