{
  "Cilindrada": "1500",
  "Estilo": "Sedán",
  "Combustible": "Gasolina",
  "Transmisión": "Manual",
  "Estado": "Excelente",
  "Kilometraje": "215355",
  "Placa": "Termina en 5",
  "Color exterior": "AZUL",
  "Color interior": "GRIS",
  "# de puertas": "5",
  "Ya pagó impuestos": "SI",
  "Precio negociable": "SI",
  "Se recibe vehículo": "NO",
  "Provincia": "Heredia",
  "Fecha de ingreso": "12 de Agosto del 2020",
  "visto": "2145",
  "detalles": "Excelente estado y Precio Negociable",
  "img": "https://crautos.com/clasificados/usados/55060649-1.jpg",
  "url": "https://crautos.com/autosusados/cardetail.cfm?c=55060649&Toyota.STARLET.1998",
  "año": "1998",
  "precioCRC": "1550000",
  "marca": "TOYOTA",
  "modelo": "STARLET"
}