{
  "Cilindrada": "2000",
  "Estilo": "Todo Terreno 4x2",
  "Combustible": "Gasolina",
  "Transmisión": "Automática/Dual",
  "Estado": "Excelente",
  "Kilometraje": "143700",
  "Placa": "Termina en 6",
  "Color exterior": "ROJO",
  "Color interior": "GRIS",
  "# de puertas": "5",
  "Ya pagó impuestos": "SI",
  "Precio negociable": "SI",
  "Se recibe vehículo": "NO",
  "Provincia": "Alajuela",
  "Fecha de ingreso": "08 de Julio del 2020",
  "visto": "2406",
  "detalles": "Excelente estado al dia.",
  "img": "https://crautos.com/clasificados/usados/87000527-1.jpg",
  "url": "https://crautos.com/autosusados/cardetail.cfm?c=87000527&Kia.SPORTAGE.2000",
  "año": "2000",
  "precioCRC": "1750000",
  "marca": "KIA",
  "modelo": "SPORTAGE"
}