{
  "Cilindrada": "1600",
  "Estilo": "Sedán",
  "Combustible": "Gasolina",
  "Transmisión": "Manual",
  "Estado": "Regular",
  "Kilometraje": "215000",
  "Placa": "Termina en 7",
  "Color exterior": "AZUL",
  "Color interior": "AZUL",
  "# de puertas": "4",
  "Ya pagó impuestos": "SI",
  "Precio negociable": "NO",
  "Se recibe vehículo": "NO",
  "Provincia": "Alajuela",
  "Fecha de ingreso": "02 de Setiembre del 2020",
  "visto": "411",
  "detalles": "Rtv hasta julio del proximo año problema en motor se le cambio cadena y bomba de aceite.",
  "img": "https://crautos.com/rimages/nopiclg.jpg",
  "url": "https://crautos.com/autosusados/cardetail.cfm?c=25771471&Nissan.SENTRA.1993",
  "año": "1993",
  "precioCRC": "1100000",
  "marca": "NISSAN",
  "modelo": "SENTRA"
}