{
  "Cilindrada": "2300",
  "Estilo": "Sedán",
  "Combustible": "Gasolina",
  "Transmisión": "Manual",
  "Estado": "Muy Bueno",
  "Kilometraje": "100000",
  "Placa": "ND",
  "Color exterior": "GRIS  NEGRO",
  "Color interior": "AZUL",
  "# de puertas": "4",
  "Ya pagó impuestos": "SI",
  "Precio negociable": "SI",
  "Se recibe vehículo": "NO",
  "Provincia": "Alajuela",
  "Fecha de ingreso": "24 de Julio del 2020",
  "visto": "910",
  "detalles": "PROYECTO AL NOVENTA PORCIENTO TODO NUEVO - IMPECABLE",
  "img": "https://crautos.com/rimages/nopiclg.jpg",
  "url": "https://crautos.com/autosusados/cardetail.cfm?c=91003050&Mercedes%20Benz.230E.1984",
  "año": "1984",
  "precioCRC": "1000000",
  "marca": "MERCEDES",
  "modelo": "BENZ 230E"
}