{
  "Cilindrada": "1600",
  "Estilo": "Sedán",
  "Combustible": "Gasolina",
  "Transmisión": "Manual",
  "Estado": "Muy Bueno",
  "Kilometraje": "222000",
  "Placa": "Termina en 9",
  "Color exterior": "BLANCO",
  "Color interior": "GRIS",
  "# de puertas": "2",
  "Ya pagó impuestos": "SI",
  "Precio negociable": "NO",
  "Se recibe vehículo": "SI",
  "Provincia": "San José",
  "Fecha de ingreso": "01 de Octubre del 2020",
  "visto": "37",
  "detalles": "Hidrahulico Inyectado todo al día.  lmpio",
  "img": "https://crautos.com/clasificados/usados/90489538-1.jpg",
  "url": "https://crautos.com/autosusados/cardetail.cfm?c=90489538&Honda.CIVIC%20DX.1997",
  "año": "1997",
  "precioCRC": "1525000",
  "marca": "HONDA",
  "modelo": "CIVIC DX"
}