{
  "Cilindrada": "1800",
  "Estilo": "Station Wagon",
  "Combustible": "Gasolina",
  "Transmisión": "Manual",
  "Estado": "Muy Bueno",
  "Kilometraje": "10000",
  "Placa": "ND",
  "Color exterior": "BLANCO",
  "Color interior": "AZUL",
  "# de puertas": "4",
  "Ya pagó impuestos": "SI",
  "Precio negociable": "SI",
  "Se recibe vehículo": "NO",
  "Provincia": "Alajuela",
  "Fecha de ingreso": "26 de Febrero del 2020",
  "visto": "3080",
  "detalles": "En Palmares se escucha una oferta razonable en efectivo.",
  "img": "https://crautos.com/clasificados/usados/33508784-1.jpg",
  "url": "https://crautos.com/autosusados/cardetail.cfm?c=33508784&Nissan.PRAIRIE.1985",
  "año": "1985",
  "precioCRC": "780000",
  "marca": "NISSAN",
  "modelo": "PRAIRIE"
}