{
  "Cilindrada": "2400",
  "Estilo": "Sedán",
  "Combustible": "Gasolina",
  "Transmisión": "Manual",
  "Estado": "Excelente",
  "Kilometraje": "200000",
  "Placa": "Termina en",
  "Color exterior": "VINO",
  "Color interior": "BEIGE",
  "# de puertas": "4",
  "Ya pagó impuestos": "SI",
  "Precio negociable": "SI",
  "Se recibe vehículo": "NO",
  "Provincia": "Alajuela",
  "Fecha de ingreso": "09 de Julio del 2020",
  "visto": "1237",
  "detalles": "NEGOCIABLE!! Muy comfortable y económico URGE vender porque adquirimos un carro más moderno",
  "img": "https://crautos.com/clasificados/usados/59031450-1.jpg",
  "url": "https://crautos.com/autosusados/cardetail.cfm?c=59031450&Nissan.ALTIMA.1997",
  "año": "1997",
  "precioCRC": "1500000",
  "marca": "NISSAN",
  "modelo": "ALTIMA"
}