{
  "Cilindrada": "2000",
  "Estilo": "Sedán",
  "Combustible": "Gasolina",
  "Transmisión": "Automática/Dual",
  "Estado": "Excelente",
  "Kilometraje": "134575",
  "Placa": "Termina en 5",
  "Color exterior": "GRIS",
  "Color interior": "GRIS",
  "# de puertas": "4",
  "Ya pagó impuestos": "SI",
  "Precio negociable": "SI",
  "Se recibe vehículo": "NO",
  "Provincia": "San José",
  "Fecha de ingreso": "28 de Julio del 2020",
  "visto": "1094",
  "detalles": "Excelente estado - Llantas prácticamente nuevas - Pasa guardado - Vehículo de cochera. NEGOCIABLE",
  "img": "https://crautos.com/clasificados/usados/99217754-1.jpg",
  "url": "https://crautos.com/autosusados/cardetail.cfm?c=99217754&Hyundai.ELANTRA.1999",
  "año": "1999",
  "precioCRC": "1700000",
  "marca": "HYUNDAI",
  "modelo": "ELANTRA"
}