{
  "Cilindrada": "1200",
  "Estilo": "Station Wagon",
  "Combustible": "Gasolina",
  "Transmisión": "Manual",
  "Estado": "Excelente",
  "Kilometraje": "185500",
  "Placa": "Termina en 4",
  "Color exterior": "VINO",
  "Color interior": "VINO",
  "# de puertas": "4",
  "Ya pagó impuestos": "SI",
  "Precio negociable": "SI",
  "Se recibe vehículo": "NO",
  "Provincia": "San José",
  "Fecha de ingreso": "21 de Setiembre del 2020",
  "visto": "315",
  "detalles": "Esta en impecables condiciones",
  "img": "https://crautos.com/rimages/nopiclg.jpg",
  "url": "https://crautos.com/autosusados/cardetail.cfm?c=67228375&Toyota.COROLLA.1974",
  "año": "1974",
  "precioCRC": "500000",
  "marca": "TOYOTA",
  "modelo": "COROLLA"
}