{
  "Cilindrada": "1600",
  "Estilo": "Sedán",
  "Combustible": "Gasolina",
  "Transmisión": "Manual",
  "Estado": "Muy Bueno",
  "Kilometraje": "19445",
  "Placa": "Termina en 8",
  "Color exterior": "GRIS OSCURO",
  "Color interior": "GRIS",
  "# de puertas": "4",
  "Ya pagó impuestos": "SI",
  "Precio negociable": "SI",
  "Se recibe vehículo": "NO",
  "Provincia": "Cartago",
  "Fecha de ingreso": "07 de Setiembre del 2020",
  "visto": "355",
  "detalles": "Buenas condiciones",
  "img": "https://crautos.com/clasificados/usados/18495082-1.jpg",
  "url": "https://crautos.com/autosusados/cardetail.cfm?c=18495082&Geo.PRIMZ%20.1994",
  "año": "1994",
  "precioCRC": "1500000",
  "marca": "GEO",
  "modelo": "PRIMZ"
}