{
  "Cilindrada": "1600",
  "Estilo": "Sedán",
  "Combustible": "Gasolina",
  "Transmisión": "Manual",
  "Estado": "Bueno",
  "Kilometraje": "1111",
  "Placa": "Termina en 4",
  "Color exterior": "VERDE",
  "Color interior": "GRIS",
  "# de puertas": "5",
  "Ya pagó impuestos": "SI",
  "Precio negociable": "NO",
  "Se recibe vehículo": "NO",
  "Provincia": "San José",
  "Fecha de ingreso": "13 de Agosto del 2020",
  "visto": "875",
  "detalles": "En buen estado muy económico",
  "img": "https://crautos.com/clasificados/usados/12117557-1.jpg",
  "url": "https://crautos.com/autosusados/cardetail.cfm?c=12117557&Daihatsu.APPLAUSE.1993",
  "año": "1993",
  "precioCRC": "950000",
  "marca": "DAIHATSU",
  "modelo": "APPLAUSE"
}