{
  "Cilindrada": "800",
  "Estilo": "Pánel",
  "Combustible": "Gasolina",
  "Transmisión": "Manual",
  "Estado": "Bueno",
  "Kilometraje": "ND",
  "Placa": "Termina en 0",
  "Color exterior": "BLANCO",
  "Color interior": "BLANCO",
  "# de puertas": "4",
  "Ya pagó impuestos": "SI",
  "Precio negociable": "SI",
  "Se recibe vehículo": "NO",
  "Provincia": "San José",
  "Fecha de ingreso": "10 de Setiembre del 2020",
  "visto": "769",
  "detalles": "tiene rtv y marchamo",
  "img": "https://crautos.com/clasificados/usados/17324841-1.jpg",
  "url": "https://crautos.com/autosusados/cardetail.cfm?c=17324841&Asia.TOWNER.2000",
  "año": "2000",
  "precioCRC": "1100000",
  "marca": "ASIA",
  "modelo": "TOWNER"
}