{
  "Cilindrada": "1300",
  "Estilo": "Sedán",
  "Combustible": "Gasolina",
  "Transmisión": "Manual",
  "Estado": "Excelente",
  "Kilometraje": "407220",
  "Placa": "Termina en 6",
  "Color exterior": "CELESTE AZUL",
  "Color interior": "GRIS AZUL",
  "# de puertas": "3",
  "Ya pagó impuestos": "SI",
  "Precio negociable": "SI",
  "Se recibe vehículo": "NO",
  "Provincia": "Puntarenas",
  "Fecha de ingreso": "04 de Setiembre del 2020",
  "visto": "324",
  "detalles": "Súper económico",
  "img": "https://crautos.com/rimages/nopiclg.jpg",
  "url": "https://crautos.com/autosusados/cardetail.cfm?c=47596911&Ford.ASPIRE%20.1994",
  "año": "1994",
  "precioCRC": "850000",
  "marca": "FORD",
  "modelo": "ASPIRE"
}