{
  "Cilindrada": "1600",
  "Estilo": "Sedán",
  "Combustible": "Gasolina",
  "Transmisión": "Manual",
  "Estado": "Bueno",
  "Kilometraje": "218580",
  "Placa": "Termina en 6",
  "Color exterior": "VERDE",
  "Color interior": "GRIS",
  "# de puertas": "4",
  "Ya pagó impuestos": "SI",
  "Precio negociable": "SI",
  "Se recibe vehículo": "NO",
  "Provincia": "Heredia",
  "Fecha de ingreso": "25 de Agosto del 2020",
  "visto": "2198",
  "detalles": "Versión Americana. Se escuchan ofertas",
  "img": "https://crautos.com/clasificados/usados/61190098-1.jpg",
  "url": "https://crautos.com/autosusados/cardetail.cfm?c=61190098&Nissan.SENTRA.1994",
  "año": "1994",
  "precioCRC": "1200000",
  "marca": "NISSAN",
  "modelo": "SENTRA"
}