{
  "Cilindrada": "1600",
  "Estilo": "Sedán",
  "Combustible": "Gasolina",
  "Transmisión": "Manual",
  "Estado": "Bueno",
  "Kilometraje": "198000",
  "Placa": "Termina en 8",
  "Color exterior": "CELESTE",
  "Color interior": "GRIS",
  "# de puertas": "2",
  "Ya pagó impuestos": "SI",
  "Precio negociable": "SI",
  "Se recibe vehículo": "NO",
  "Provincia": "San José",
  "Fecha de ingreso": "04 de Setiembre del 2020",
  "visto": "769",
  "detalles": "Motor inyectado recién pasado rtv hasta agosto del próximo año. Aros de lujo. Detalles de carrocería",
  "img": "https://crautos.com/clasificados/usados/83932270-1.jpg",
  "url": "https://crautos.com/autosusados/cardetail.cfm?c=83932270&Nissan.SENTRA%20B12%20.1988",
  "año": "1988",
  "precioCRC": "750000",
  "marca": "NISSAN",
  "modelo": "SENTRA B12"
}