{
  "Cilindrada": "1500",
  "Estilo": "Hatchback",
  "Combustible": "Gasolina",
  "Transmisión": "Manual",
  "Estado": "Excelente",
  "Kilometraje": "ND",
  "Placa": "Termina en 4",
  "Color exterior": "CHAMPANGNE",
  "Color interior": "BEIGE",
  "# de puertas": "3",
  "Ya pagó impuestos": "SI",
  "Precio negociable": "SI",
  "Se recibe vehículo": "NO",
  "Provincia": "Cartago",
  "Fecha de ingreso": "16 de Setiembre del 2020",
  "visto": "537",
  "detalles": "totalmente al dia llantas muy bien bateria nueva todo original.",
  "img": "https://crautos.com/clasificados/usados/33492611-1.jpg",
  "url": "https://crautos.com/autosusados/cardetail.cfm?c=33492611&Honda.CIVIC.1990",
  "año": "1990",
  "precioCRC": "1250000",
  "marca": "HONDA",
  "modelo": "CIVIC"
}