{
  "Cilindrada": "1600",
  "Estilo": "Sedán",
  "Combustible": "Gasolina",
  "Transmisión": "Manual",
  "Estado": "Muy Bueno",
  "Kilometraje": "197750",
  "Placa": "Termina en 0",
  "Color exterior": "VERDE",
  "Color interior": "GRIS",
  "# de puertas": "4",
  "Ya pagó impuestos": "SI",
  "Precio negociable": "SI",
  "Se recibe vehículo": "NO",
  "Provincia": "Heredia",
  "Fecha de ingreso": "19 de Agosto del 2020",
  "visto": "855",
  "detalles": "se encuentra en muy buen estado Nada que hacerle",
  "img": "https://crautos.com/clasificados/usados/26893873-1.jpg",
  "url": "https://crautos.com/autosusados/cardetail.cfm?c=26893873&Nissan.SENTRA.1999",
  "año": "1999",
  "precioCRC": "1700000",
  "marca": "NISSAN",
  "modelo": "SENTRA"
}