{
  "Cilindrada": "1600",
  "Estilo": "Sedán",
  "Combustible": "Gasolina",
  "Transmisión": "Automática/Dual",
  "Estado": "Excelente",
  "Kilometraje": "156000",
  "Placa": "Termina en 5",
  "Color exterior": "BLANCO",
  "Color interior": "GRIS",
  "# de puertas": "4",
  "Ya pagó impuestos": "SI",
  "Precio negociable": "SI",
  "Se recibe vehículo": "NO",
  "Provincia": "San José",
  "Fecha de ingreso": "08 de Setiembre del 2020",
  "visto": "236",
  "detalles": "Michas cosas nuevos que se cambiaron contacteme y hablamos.",
  "img": "https://crautos.com/rimages/nopiclg.jpg",
  "url": "https://crautos.com/autosusados/cardetail.cfm?c=54524936&Nissan.SENTRA.1997",
  "año": "1997",
  "precioCRC": "1650000",
  "marca": "NISSAN",
  "modelo": "SENTRA"
}