{
  "Cilindrada": "2000",
  "Estilo": "Sedán",
  "Combustible": "Gasolina",
  "Transmisión": "Manual",
  "Estado": "Excelente",
  "Kilometraje": "151000",
  "Placa": "Termina en 0",
  "Color exterior": "NEGRO",
  "Color interior": "NEGRO",
  "# de puertas": "3",
  "Ya pagó impuestos": "NO",
  "Precio negociable": "SI",
  "Se recibe vehículo": "NO",
  "Provincia": "San José",
  "Fecha de ingreso": "26 de Agosto del 2020",
  "visto": "522",
  "detalles": "Para poner al día se puede recibir motocicleta al día",
  "img": "https://crautos.com/rimages/nopiclg.jpg",
  "url": "https://crautos.com/autosusados/cardetail.cfm?c=85243967&Hyundai.TIBURON.2001",
  "año": "2001",
  "precioCRC": "1200000",
  "marca": "HYUNDAI",
  "modelo": "TIBURON"
}