{
  "Cilindrada": "1500",
  "Estilo": "Sedán",
  "Combustible": "Gasolina",
  "Transmisión": "Manual",
  "Estado": "Excelente",
  "Kilometraje": "161743",
  "Placa": "Termina en 0",
  "Color exterior": "VERDE",
  "Color interior": "NEGRO",
  "# de puertas": "2",
  "Ya pagó impuestos": "SI",
  "Precio negociable": "SI",
  "Se recibe vehículo": "NO",
  "Provincia": "Cartago",
  "Fecha de ingreso": "16 de Agosto del 2020",
  "visto": "754",
  "detalles": "Excelente estado,véalo sin compromiso  motor impecable.",
  "img": "https://crautos.com/clasificados/usados/68954843-1.jpg",
  "url": "https://crautos.com/autosusados/cardetail.cfm?c=68954843&Toyota.TERCEL.1994",
  "año": "1994",
  "precioCRC": "1700000",
  "marca": "TOYOTA",
  "modelo": "TERCEL"
}