{
  "Cilindrada": "1200",
  "Estilo": "Sedán",
  "Combustible": "Gasolina",
  "Transmisión": "Manual",
  "Estado": "Bueno",
  "Kilometraje": "170000",
  "Placa": "Termina en 7",
  "Color exterior": "VERDE",
  "Color interior": "GRIS",
  "# de puertas": "4",
  "Ya pagó impuestos": "SI",
  "Precio negociable": "SI",
  "Se recibe vehículo": "NO",
  "Provincia": "San José",
  "Fecha de ingreso": "25 de Agosto del 2020",
  "visto": "1958",
  "detalles": "MUY BIEN DE MOTOR Y  ESTADO GENERAL  RTV AL DIA, DETALLES DE PINTURA PENDIENTES X  TERMINAR",
  "img": "https://crautos.com/clasificados/usados/49072239-1.jpg",
  "url": "https://crautos.com/autosusados/cardetail.cfm?c=49072239&Fiat.FIRE.2006",
  "año": "2006",
  "precioCRC": "1000000",
  "marca": "FIAT",
  "modelo": "FIRE"
}