{
  "Cilindrada": "1400",
  "Estilo": "Hatchback",
  "Combustible": "Gasolina",
  "Transmisión": "Manual",
  "Estado": "Muy Bueno",
  "Kilometraje": "177000",
  "Placa": "Termina en 1",
  "Color exterior": "AZUL",
  "Color interior": "NEGRO",
  "# de puertas": "5",
  "Ya pagó impuestos": "SI",
  "Precio negociable": "SI",
  "Se recibe vehículo": "NO",
  "Provincia": "San José",
  "Fecha de ingreso": "22 de Setiembre del 2020",
  "visto": "408",
  "detalles": "AlarmaCCentral Polarizado AireAc muy buen estado en general detales en carroceria",
  "img": "https://crautos.com/clasificados/usados/43837682-1.jpg",
  "url": "https://crautos.com/autosusados/cardetail.cfm?c=43837682&Peugeot.206.2005",
  "año": "2005",
  "precioCRC": "1600000",
  "marca": "GEO",
  "modelo": "PEUT 206"
}