{
  "Cilindrada": "1000",
  "Estilo": "Hatchback",
  "Combustible": "Gasolina",
  "Transmisión": "Manual",
  "Estado": "Bueno",
  "Kilometraje": "149200",
  "Placa": "Termina en 5",
  "Color exterior": "AZUL",
  "Color interior": "GRIS",
  "# de puertas": "2",
  "Ya pagó impuestos": "SI",
  "Precio negociable": "SI",
  "Se recibe vehículo": "NO",
  "Provincia": "Alajuela",
  "Fecha de ingreso": "25 de Setiembre del 2020",
  "visto": "136",
  "img": "https://crautos.com/clasificados/usados/55163532-1.jpg",
  "url": "https://crautos.com/autosusados/cardetail.cfm?c=55163532&Geo.METRO.1992",
  "año": "1992",
  "precioCRC": "850000",
  "marca": "GEO",
  "modelo": "METRO"
}