{
  "Cilindrada": "1600",
  "Estilo": "Sedán",
  "Combustible": "Gasolina",
  "Transmisión": "Manual",
  "Estado": "Excelente",
  "Kilometraje": "ND",
  "Placa": "ND",
  "Color exterior": "BLANCO",
  "Color interior": "GRIS",
  "# de puertas": "2",
  "Ya pagó impuestos": "SI",
  "Precio negociable": "SI",
  "Se recibe vehículo": "NO",
  "Provincia": "San José",
  "Fecha de ingreso": "30 de Setiembre del 2020",
  "visto": "17",
  "detalles": "El carro anda bien de motor el precio es negociable",
  "img": "https://crautos.com/rimages/nopiclg.jpg",
  "url": "https://crautos.com/autosusados/cardetail.cfm?c=96880877&Honda.CIVIC%20.1998",
  "año": "1998",
  "precioCRC": "1600000",
  "marca": "HONDA",
  "modelo": "CIVIC"
}