{
  "Cilindrada": "1868",
  "Estilo": "Pánel",
  "Combustible": "Diesel",
  "Transmisión": "Manual",
  "Estado": "Regular",
  "Kilometraje": "66254",
  "Placa": "Termina en 7",
  "Color exterior": "AZUL",
  "Color interior": "NEGRO",
  "# de puertas": "5",
  "Ya pagó impuestos": "SI",
  "Precio negociable": "NO",
  "Se recibe vehículo": "NO",
  "Provincia": "San José",
  "Fecha de ingreso": "30 de Setiembre del 2020",
  "visto": "290",
  "img": "https://crautos.com/clasificados/usados/5661059-1.jpg",
  "url": "https://crautos.com/autosusados/cardetail.cfm?c=5661059&Citroen.BERLINGO.2007",
  "año": "2007",
  "precioCRC": "1000125",
  "marca": "CITROEN",
  "modelo": "BERLINGO"
}