{
  "Cilindrada": "1600",
  "Estilo": "Station Wagon",
  "Combustible": "Gasolina",
  "Transmisión": "Manual",
  "Estado": "Excelente",
  "Kilometraje": "250000",
  "Placa": "Termina en 1",
  "Color exterior": "AZUL",
  "Color interior": "NEGRO",
  "# de puertas": "5",
  "Ya pagó impuestos": "NO",
  "Precio negociable": "SI",
  "Se recibe vehículo": "NO",
  "Provincia": "Heredia",
  "Fecha de ingreso": "15 de Setiembre del 2020",
  "visto": "450",
  "detalles": "cambiar empaque cabezote tiene las llantas nuevas bateria nueva rtv solo falta direccionales izq",
  "img": "https://crautos.com/rimages/nopiclg.jpg",
  "url": "https://crautos.com/autosusados/cardetail.cfm?c=16907020&Fiat.PALIO.2003",
  "año": "2003",
  "precioCRC": "700000",
  "marca": "FIAT",
  "modelo": "PALIO"
}