{
  "Cilindrada": "1600",
  "Estilo": "Sedán",
  "Combustible": "Gasolina",
  "Transmisión": "Automática/Dual",
  "Estado": "Muy Bueno",
  "Kilometraje": "ND",
  "Placa": "Termina en 6",
  "Color exterior": "CELESTE",
  "Color interior": "Beige",
  "# de puertas": "4",
  "Ya pagó impuestos": "NO",
  "Precio negociable": "NO",
  "Se recibe vehículo": "SI",
  "Provincia": "San José",
  "Fecha de ingreso": "14 de Agosto del 2020",
  "visto": "3589",
  "detalles": "Tiene embargo.",
  "img": "https://crautos.com/clasificados/usados/79592017-1.jpg",
  "url": "https://crautos.com/autosusados/cardetail.cfm?c=79592017&Hyundai.ACCENT%20.2008",
  "año": "2008",
  "precioCRC": "1700000",
  "marca": "HYUNDAI",
  "modelo": "ACCENT"
}