{
  "Cilindrada": "1500",
  "Estilo": "Sedán",
  "Combustible": "Gasolina",
  "Transmisión": "Manual",
  "Estado": "Excelente",
  "Kilometraje": "299419",
  "Placa": "Termina en 1",
  "Color exterior": "BEIGE",
  "Color interior": "BEIGE",
  "# de puertas": "4",
  "Ya pagó impuestos": "SI",
  "Precio negociable": "SI",
  "Se recibe vehículo": "NO",
  "Provincia": "Alajuela",
  "Fecha de ingreso": "21 de Setiembre del 2020",
  "visto": "1226",
  "detalles": "DEBE 3 PLACAS , MARCHAMO Y RTV , PARA PONER AL DIA",
  "img": "https://crautos.com/clasificados/usados/44125375-1.jpg",
  "url": "https://crautos.com/autosusados/cardetail.cfm?c=44125375&Hyundai.EXCEL%20PLUS%20.1993",
  "año": "1993",
  "precioCRC": "250000",
  "marca": "HYUNDAI",
  "modelo": "EXCEL PLUS"
}