{
  "Cilindrada": "1600",
  "Estilo": "Sedán",
  "Combustible": "Gasolina",
  "Transmisión": "Manual",
  "Estado": "Excelente",
  "Kilometraje": "137857",
  "Placa": "ND",
  "Color exterior": "GRIS OSCURO",
  "Color interior": "GRIS",
  "# de puertas": "4",
  "Ya pagó impuestos": "SI",
  "Precio negociable": "SI",
  "Se recibe vehículo": "NO",
  "Provincia": "Guanacaste",
  "Fecha de ingreso": "23 de Setiembre del 2020",
  "visto": "99",
  "img": "https://crautos.com/rimages/nopiclg.jpg",
  "url": "https://crautos.com/autosusados/cardetail.cfm?c=13783840&Toyota.COROLLA.1994",
  "año": "1994",
  "precioCRC": "1500000",
  "marca": "TOYOTA",
  "modelo": "COROLLA"
}