{
  "Cilindrada": "1600",
  "Estilo": "Sedán",
  "Combustible": "Gasolina",
  "Transmisión": "Manual",
  "Estado": "Excelente",
  "Kilometraje": "226784",
  "Placa": "Termina en 8",
  "Color exterior": "BEIGE",
  "Color interior": "AZUL",
  "# de puertas": "4",
  "Ya pagó impuestos": "SI",
  "Precio negociable": "SI",
  "Se recibe vehículo": "NO",
  "Provincia": "Heredia",
  "Fecha de ingreso": "30 de Setiembre del 2020",
  "visto": "90",
  "detalles": "Corolla versión americana todos los papeles al día pintura original en excelente estado",
  "img": "https://crautos.com/clasificados/usados/96941609-1.jpg",
  "url": "https://crautos.com/autosusados/cardetail.cfm?c=96941609&Toyota.COROLLA.1991",
  "año": "1991",
  "precioCRC": "1500000",
  "marca": "TOYOTA",
  "modelo": "COROLLA"
}