{
  "Cilindrada": "1800",
  "Estilo": "Sedán",
  "Combustible": "Gasolina",
  "Transmisión": "Manual",
  "Estado": "Excelente",
  "Kilometraje": "ND",
  "Placa": "ND",
  "Color exterior": "CHANPANE",
  "Color interior": "GRIS",
  "# de puertas": "4",
  "Ya pagó impuestos": "SI",
  "Precio negociable": "NO",
  "Se recibe vehículo": "NO",
  "Provincia": "Alajuela",
  "Fecha de ingreso": "03 de Setiembre del 2020",
  "visto": "646",
  "detalles": "EXCELENTE ESTADO",
  "img": "https://crautos.com/clasificados/usados/1008628-1.jpg",
  "url": "https://crautos.com/autosusados/cardetail.cfm?c=1008628&Toyota.COROLLA.1993",
  "año": "1993",
  "precioCRC": "1750000",
  "marca": "TOYOTA",
  "modelo": "COROLLA"
}