{
  "Cilindrada": "1600",
  "Estilo": "Sedán",
  "Combustible": "Gasolina",
  "Transmisión": "Manual",
  "Estado": "Muy Bueno",
  "Kilometraje": "184000",
  "Placa": "Termina en 9",
  "Color exterior": "VERDE",
  "Color interior": "GRIS",
  "# de puertas": "4",
  "Ya pagó impuestos": "SI",
  "Precio negociable": "SI",
  "Se recibe vehículo": "NO",
  "Provincia": "Heredia",
  "Fecha de ingreso": "07 de Julio del 2020",
  "visto": "1196",
  "detalles": "Aros de lujo... Alarma... Radio... Detalles de pintura... Mecanicamente al cien.. compensadores nuev",
  "img": "https://crautos.com/clasificados/usados/55172376-1.jpg",
  "url": "https://crautos.com/autosusados/cardetail.cfm?c=55172376&Toyota.COROLLA.1994",
  "año": "1994",
  "precioCRC": "1800000",
  "marca": "TOYOTA",
  "modelo": "COROLLA"
}