{
  "Cilindrada": "1500",
  "Estilo": "Sedán",
  "Combustible": "Gasolina",
  "Transmisión": "Manual",
  "Estado": "Regular",
  "Kilometraje": "ND",
  "Placa": "Termina en 3",
  "Color exterior": "GRIS",
  "Color interior": "GRIS",
  "# de puertas": "4",
  "Ya pagó impuestos": "SI",
  "Precio negociable": "SI",
  "Se recibe vehículo": "NO",
  "Provincia": "Alajuela",
  "Fecha de ingreso": "10 de Agosto del 2020",
  "visto": "1500",
  "detalles": "Se cambia por carro de dos puertas",
  "img": "https://crautos.com/clasificados/usados/84206503-1.jpg",
  "url": "https://crautos.com/autosusados/cardetail.cfm?c=84206503&Hyundai.ACCENT.1996",
  "año": "1996",
  "precioCRC": "1100000",
  "marca": "HYUNDAI",
  "modelo": "ACCENT"
}