{
  "Cilindrada": "1600",
  "Estilo": "Sedán",
  "Combustible": "Gasolina",
  "Transmisión": "Manual",
  "Estado": "Bueno",
  "Kilometraje": "33",
  "Placa": "ND",
  "Color exterior": "NEGRO",
  "Color interior": "GRIS",
  "# de puertas": "2",
  "Ya pagó impuestos": "SI",
  "Precio negociable": "SI",
  "Se recibe vehículo": "NO",
  "Provincia": "Alajuela",
  "Fecha de ingreso": "04 de Setiembre del 2020",
  "visto": "1238",
  "detalles": "Lo vendo temas personales, mecánicamente esta muy muy muy bien. Feo de pintura por eso el precio.",
  "img": "https://crautos.com/clasificados/usados/66897607-1.jpg",
  "url": "https://crautos.com/autosusados/cardetail.cfm?c=66897607&Nissan.SENTRA%20B13.1991",
  "año": "1991",
  "precioCRC": "1150000",
  "marca": "NISSAN",
  "modelo": "SENTRA B13"
}