{
  "Cilindrada": "1500",
  "Estilo": "Sedán",
  "Combustible": "Gasolina",
  "Transmisión": "Automática/Dual",
  "Estado": "Muy Bueno",
  "Kilometraje": "170000",
  "Placa": "Termina en 8",
  "Color exterior": "BLANCO",
  "Color interior": "GRIS",
  "# de puertas": "5",
  "Ya pagó impuestos": "SI",
  "Precio negociable": "SI",
  "Se recibe vehículo": "NO",
  "Provincia": "San José",
  "Fecha de ingreso": "18 de Setiembre del 2020",
  "visto": "262",
  "detalles": "RTV hasta agosto próximo año escucho ofertas de contado batería y llantas nuevas",
  "img": "https://crautos.com/clasificados/usados/61657056-1.jpg",
  "url": "https://crautos.com/autosusados/cardetail.cfm?c=61657056&Nissan.MIRAGE.1999",
  "año": "1999",
  "precioCRC": "1745000",
  "marca": "NISSAN",
  "modelo": "MIRAGE"
}