{
  "Cilindrada": "1000",
  "Estilo": "Hatchback",
  "Combustible": "Gasolina",
  "Transmisión": "Manual",
  "Estado": "Muy Bueno",
  "Kilometraje": "225000",
  "Placa": "Termina en 6",
  "Color exterior": "VERDE",
  "Color interior": "GRIS",
  "# de puertas": "2",
  "Ya pagó impuestos": "SI",
  "Precio negociable": "SI",
  "Se recibe vehículo": "NO",
  "Provincia": "San José",
  "Fecha de ingreso": "25 de Setiembre del 2020",
  "visto": "136",
  "detalles": "Muy buen estado mecanicamente. Falta pintura. Favor llamar",
  "img": "https://crautos.com/clasificados/usados/29875920-1.jpg",
  "url": "https://crautos.com/autosusados/cardetail.cfm?c=29875920&Geo.METRO.1998",
  "año": "1998",
  "precioCRC": "1450000",
  "marca": "GEO",
  "modelo": "METRO"
}