{
  "Cilindrada": "1500",
  "Estilo": "Pickup 4x2",
  "Combustible": "Gasolina",
  "Transmisión": "Manual",
  "Estado": "Regular",
  "Kilometraje": "200000",
  "Placa": "Termina en 9",
  "Color exterior": "BLANCO",
  "Color interior": "BLANCO",
  "# de puertas": "2",
  "Ya pagó impuestos": "SI",
  "Precio negociable": "NO",
  "Se recibe vehículo": "NO",
  "Provincia": "Alajuela",
  "Fecha de ingreso": "12 de Agosto del 2020",
  "visto": "5558",
  "detalles": "Se debe cambiar distribuidor de corriente cambio de placa y pago de tres marchamos.",
  "img": "https://crautos.com/clasificados/usados/36627644-1.jpg",
  "url": "https://crautos.com/autosusados/cardetail.cfm?c=36627644&Fiat.FIORINO.1993",
  "año": "1993",
  "precioCRC": "300000",
  "marca": "FIAT",
  "modelo": "FIORINO"
}