{
  "Cilindrada": "2000",
  "Estilo": "Pickup 4x2",
  "Combustible": "Gasolina",
  "Transmisión": "Manual",
  "Estado": "Muy Bueno",
  "Kilometraje": "280000",
  "Placa": "Termina en 0",
  "Color exterior": "AZUL",
  "Color interior": "GRIS",
  "# de puertas": "2",
  "Ya pagó impuestos": "SI",
  "Precio negociable": "SI",
  "Se recibe vehículo": "SI",
  "Provincia": "San José",
  "Fecha de ingreso": "24 de Setiembre del 2020",
  "visto": "340",
  "detalles": "Cambio por Montero doy vuelto",
  "img": "https://crautos.com/clasificados/usados/19032260-1.jpg",
  "url": "https://crautos.com/autosusados/cardetail.cfm?c=19032260&Mitsubishi.L200.1989",
  "año": "1989",
  "precioCRC": "1600000",
  "marca": "MITSUBISHI",
  "modelo": "L200"
}