{
  "Cilindrada": "2200",
  "Estilo": "Sedán",
  "Combustible": "Gasolina",
  "Transmisión": "Automática/Dual",
  "Estado": "Muy Bueno",
  "Kilometraje": "202000",
  "Placa": "Termina en 2",
  "Color exterior": "AZUL",
  "Color interior": "BEIGE",
  "# de puertas": "4",
  "Ya pagó impuestos": "SI",
  "Precio negociable": "SI",
  "Se recibe vehículo": "NO",
  "Provincia": "San José",
  "Fecha de ingreso": "15 de Setiembre del 2020",
  "visto": "180",
  "detalles": "Version americana un solo dueno",
  "img": "https://crautos.com/rimages/nopiclg.jpg",
  "url": "https://crautos.com/autosusados/cardetail.cfm?c=78592688&Honda.ACCORD%20EX.1990",
  "año": "1990",
  "precioCRC": "1250000",
  "marca": "HONDA",
  "modelo": "ACCORD EX"
}