{
  "Cilindrada": "1300",
  "Estilo": "Sedán",
  "Combustible": "Gasolina",
  "Transmisión": "Manual",
  "Estado": "Excelente",
  "Kilometraje": "180000",
  "Placa": "Termina en 1",
  "Color exterior": "VERDE MUSGO",
  "Color interior": "GRIS",
  "# de puertas": "4",
  "Ya pagó impuestos": "SI",
  "Precio negociable": "SI",
  "Se recibe vehículo": "SI",
  "Provincia": "San José",
  "Fecha de ingreso": "22 de Setiembre del 2020",
  "visto": "304",
  "detalles": "Muy cuidadito El mejor japones.",
  "img": "https://crautos.com/clasificados/usados/59597031-1.jpg",
  "url": "https://crautos.com/autosusados/cardetail.cfm?c=59597031&Nissan.PULSAR%20.1988",
  "año": "1988",
  "precioCRC": "840000",
  "marca": "NISSAN",
  "modelo": "PULSAR"
}