{
  "Cilindrada": "1600",
  "Estilo": "Sedán",
  "Combustible": "Gasolina",
  "Transmisión": "Manual",
  "Estado": "Bueno",
  "Kilometraje": "236000",
  "Placa": "Termina en 4",
  "Color exterior": "AZUL",
  "Color interior": "GRIS",
  "# de puertas": "4",
  "Ya pagó impuestos": "SI",
  "Precio negociable": "SI",
  "Se recibe vehículo": "NO",
  "Provincia": "Alajuela",
  "Fecha de ingreso": "09 de Setiembre del 2020",
  "visto": "1144",
  "detalles": "El primer  telefono esta equivocado, Vehículo funcionable cien por ciento.",
  "img": "https://crautos.com/clasificados/usados/93217757-1.jpg",
  "url": "https://crautos.com/autosusados/cardetail.cfm?c=93217757&Toyota.COROLLA.1991",
  "año": "1991",
  "precioCRC": "1250000",
  "marca": "TOYOTA",
  "modelo": "COROLLA"
}