{
  "Cilindrada": "1500",
  "Estilo": "Sedán",
  "Combustible": "Gasolina",
  "Transmisión": "Automática/Dual",
  "Estado": "Muy Bueno",
  "Kilometraje": "200000",
  "Placa": "Termina en 7",
  "Color exterior": "ROJO",
  "Color interior": "GRIS",
  "# de puertas": "4",
  "Ya pagó impuestos": "SI",
  "Precio negociable": "SI",
  "Se recibe vehículo": "NO",
  "Provincia": "Heredia",
  "Fecha de ingreso": "11 de Setiembre del 2020",
  "visto": "395",
  "detalles": "excelente estado de motor y caja.",
  "img": "https://crautos.com/clasificados/usados/35064842-1.jpg",
  "url": "https://crautos.com/autosusados/cardetail.cfm?c=35064842&Honda.CIVIC.1995",
  "año": "1995",
  "precioCRC": "1700000",
  "marca": "HONDA",
  "modelo": "CIVIC"
}