{
  "Cilindrada": "1000",
  "Estilo": "Hatchback",
  "Combustible": "Gasolina",
  "Transmisión": "Manual",
  "Estado": "Excelente",
  "Kilometraje": "106000",
  "Placa": "Termina en 1",
  "Color exterior": "DORADO",
  "Color interior": "GRIS",
  "# de puertas": "4",
  "Ya pagó impuestos": "SI",
  "Precio negociable": "SI",
  "Se recibe vehículo": "NO",
  "Provincia": "Alajuela",
  "Fecha de ingreso": "14 de Agosto del 2020",
  "visto": "1059",
  "detalles": "Excelente estado súper económico",
  "img": "https://crautos.com/clasificados/usados/30640357-1.jpg",
  "url": "https://crautos.com/autosusados/cardetail.cfm?c=30640357&Daihatsu.CHARADE%20.1992",
  "año": "1992",
  "precioCRC": "1000000",
  "marca": "DAIHATSU",
  "modelo": "CHARADE"
}