{
  "Cilindrada": "1500",
  "Estilo": "Sedán",
  "Combustible": "Gasolina",
  "Transmisión": "Manual",
  "Estado": "Excelente",
  "Kilometraje": "153573",
  "Placa": "Termina en 5",
  "Color exterior": "GRIS",
  "Color interior": "GRIS",
  "# de puertas": "4",
  "Ya pagó impuestos": "SI",
  "Precio negociable": "SI",
  "Se recibe vehículo": "NO",
  "Provincia": "Cartago",
  "Fecha de ingreso": "02 de Octubre del 2020",
  "visto": "5",
  "detalles": "El vehículo está en muy buenas condiciones",
  "img": "https://crautos.com/clasificados/usados/99503059-1.jpg",
  "url": "https://crautos.com/autosusados/cardetail.cfm?c=99503059&Hyundai.ELANTRA.1997",
  "año": "1997",
  "precioCRC": "1500000",
  "marca": "HYUNDAI",
  "modelo": "ELANTRA"
}