{
  "Cilindrada": "1800",
  "Estilo": "Sedán",
  "Combustible": "Gasolina",
  "Transmisión": "Automática/Dual",
  "Estado": "Muy Bueno",
  "Kilometraje": "ND",
  "Placa": "ND",
  "Color exterior": "AZUL",
  "Color interior": "BEIGE",
  "# de puertas": "4",
  "Ya pagó impuestos": "SI",
  "Precio negociable": "SI",
  "Se recibe vehículo": "NO",
  "Provincia": "Alajuela",
  "Fecha de ingreso": "19 de Agosto del 2020",
  "visto": "740",
  "detalles": "RTV al día marchamo al día",
  "img": "https://crautos.com/clasificados/usados/73773721-1.jpg",
  "url": "https://crautos.com/autosusados/cardetail.cfm?c=73773721&Hyundai.ELANTRA.1998",
  "año": "1998",
  "precioCRC": "1500000",
  "marca": "HYUNDAI",
  "modelo": "ELANTRA"
}