{
  "Cilindrada": "1500",
  "Estilo": "Hatchback",
  "Combustible": "Gasolina",
  "Transmisión": "Manual",
  "Estado": "Bueno",
  "Kilometraje": "200000",
  "Placa": "Termina en 6",
  "Color exterior": "ROJO",
  "Color interior": "GRIS",
  "# de puertas": "2",
  "Ya pagó impuestos": "SI",
  "Precio negociable": "SI",
  "Se recibe vehículo": "NO",
  "Provincia": "San José",
  "Fecha de ingreso": "10 de Agosto del 2020",
  "visto": "2710",
  "detalles": "vendo honda civic marchamo y RTV al día  puedo financiar la mitad",
  "img": "https://crautos.com/rimages/nopiclg.jpg",
  "url": "https://crautos.com/autosusados/cardetail.cfm?c=99423093&Honda.CIVIC.1989",
  "año": "1989",
  "precioCRC": "1000000",
  "marca": "HONDA",
  "modelo": "CIVIC"
}