{
  "Cilindrada": "1599",
  "Estilo": "Sedán",
  "Combustible": "Gasolina",
  "Transmisión": "Manual",
  "Estado": "Muy Bueno",
  "Kilometraje": "200000",
  "Placa": "Termina en 0",
  "Color exterior": "NEGRO",
  "Color interior": "NEGRO",
  "# de puertas": "2",
  "Ya pagó impuestos": "SI",
  "Precio negociable": "SI",
  "Se recibe vehículo": "NO",
  "Provincia": "San José",
  "Fecha de ingreso": "05 de Agosto del 2020",
  "visto": "2407",
  "detalles": "SE ACABA DE EMPACAR MOTOR  CARRO DE COCHERA MUY CUIDADO",
  "img": "https://crautos.com/clasificados/usados/83795789-1.jpg",
  "url": "https://crautos.com/autosusados/cardetail.cfm?c=83795789&Toyota.TERCEL.1990",
  "año": "1990",
  "precioCRC": "1100000",
  "marca": "TOYOTA",
  "modelo": "TERCEL"
}