{
  "Cilindrada": "1600",
  "Estilo": "Sedán",
  "Combustible": "Gasolina",
  "Transmisión": "Automática/Dual",
  "Estado": "Muy Bueno",
  "Kilometraje": "165000",
  "Placa": "Termina en 1",
  "Color exterior": "VERDE",
  "Color interior": "NEGRO",
  "# de puertas": "5",
  "Ya pagó impuestos": "SI",
  "Precio negociable": "SI",
  "Se recibe vehículo": "NO",
  "Provincia": "San José",
  "Fecha de ingreso": "04 de Setiembre del 2020",
  "visto": "506",
  "detalles": "En buen estado solo detalles en pintura",
  "img": "https://crautos.com/clasificados/usados/34401510-1.jpg",
  "url": "https://crautos.com/autosusados/cardetail.cfm?c=34401510&Nissan.SENTRA%20.1998",
  "año": "1998",
  "precioCRC": "1650000",
  "marca": "NISSAN",
  "modelo": "SENTRA"
}