{
  "Cilindrada": "1500",
  "Estilo": "Sedán",
  "Combustible": "Gasolina",
  "Transmisión": "Manual",
  "Estado": "Bueno",
  "Kilometraje": "113500",
  "Placa": "Termina en 4",
  "Color exterior": "GRIS",
  "Color interior": "NEGRO -GRIS",
  "# de puertas": "4",
  "Ya pagó impuestos": "SI",
  "Precio negociable": "SI",
  "Se recibe vehículo": "NO",
  "Provincia": "San José",
  "Fecha de ingreso": "19 de Agosto del 2020",
  "visto": "2216",
  "detalles": "Honda Civic Japonés Original al dia.",
  "img": "https://crautos.com/clasificados/usados/36349076-1.jpg",
  "url": "https://crautos.com/autosusados/cardetail.cfm?c=36349076&Honda.CIVIC.1993",
  "año": "1993",
  "precioCRC": "1250000",
  "marca": "HONDA",
  "modelo": "CIVIC"
}