{
  "Cilindrada": "2000",
  "Estilo": "Station Wagon",
  "Combustible": "Gasolina",
  "Transmisión": "Manual",
  "Estado": "Regular",
  "Kilometraje": "ND",
  "Placa": "Termina en 2",
  "Color exterior": "BLANCO",
  "Color interior": "MARRON",
  "# de puertas": "5",
  "Ya pagó impuestos": "SI",
  "Precio negociable": "NO",
  "Se recibe vehículo": "NO",
  "Provincia": "San José",
  "Fecha de ingreso": "15 de Setiembre del 2020",
  "visto": "181",
  "detalles": "El carro está bien de mecánica solo el dash un poco feo",
  "img": "https://crautos.com/rimages/nopiclg.jpg",
  "url": "https://crautos.com/autosusados/cardetail.cfm?c=17353308&Toyota.CAMRY.1987",
  "año": "1987",
  "precioCRC": "1300000",
  "marca": "TOYOTA",
  "modelo": "CAMRY"
}