{
  "Cilindrada": "1600",
  "Estilo": "Sedán",
  "Combustible": "Gasolina",
  "Transmisión": "Manual",
  "Estado": "Muy Bueno",
  "Kilometraje": "123456",
  "Placa": "ND",
  "Color exterior": "VERDE",
  "Color interior": "GRIS",
  "# de puertas": "4",
  "Ya pagó impuestos": "SI",
  "Precio negociable": "NO",
  "Se recibe vehículo": "NO",
  "Provincia": "Heredia",
  "Fecha de ingreso": "24 de Setiembre del 2020",
  "visto": "289",
  "detalles": "Vendo corolla hay q meterle amor pero es un avion.... vale la pena al dia",
  "img": "https://crautos.com/clasificados/usados/47980162-1.jpg",
  "url": "https://crautos.com/autosusados/cardetail.cfm?c=47980162&Toyota.COROLLA.1993",
  "año": "1993",
  "precioCRC": "1350000",
  "marca": "TOYOTA",
  "modelo": "COROLLA"
}