{
  "Cilindrada": "1600",
  "Estilo": "Todo Terreno 4x4",
  "Combustible": "Gasolina",
  "Transmisión": "Manual",
  "Estado": "Muy Bueno",
  "Kilometraje": "37165",
  "Placa": "Termina en 9",
  "Color exterior": "BLANCO",
  "Color interior": "GRIS",
  "# de puertas": "3",
  "Ya pagó impuestos": "SI",
  "Precio negociable": "SI",
  "Se recibe vehículo": "NO",
  "Provincia": "Alajuela",
  "Fecha de ingreso": "01 de Octubre del 2020",
  "visto": "72",
  "img": "https://crautos.com/clasificados/usados/53349305-1.jpg",
  "url": "https://crautos.com/autosusados/cardetail.cfm?c=53349305&Suzuki.SIDEKICK.1989",
  "año": "1989",
  "precioCRC": "1500000",
  "marca": "SUZUKI",
  "modelo": "SIDEKICK"
}