{
  "Cilindrada": "1300",
  "Estilo": "Sedán",
  "Combustible": "Gasolina",
  "Transmisión": "Manual",
  "Estado": "Bueno",
  "Kilometraje": "100000",
  "Placa": "Termina en 3",
  "Color exterior": "VINO",
  "Color interior": "BEIGE",
  "# de puertas": "3",
  "Ya pagó impuestos": "SI",
  "Precio negociable": "SI",
  "Se recibe vehículo": "NO",
  "Provincia": "Heredia",
  "Fecha de ingreso": "12 de Agosto del 2020",
  "visto": "4347",
  "detalles": "Buen estado debe placas y RTV, hay que arreglar el arrancador y ajustar frenos pero si camina.",
  "img": "https://crautos.com/clasificados/usados/98642874-1.jpg",
  "url": "https://crautos.com/autosusados/cardetail.cfm?c=98642874&Isuzu.GEMENI.1988",
  "año": "1988",
  "precioCRC": "275000",
  "marca": "ISUZU",
  "modelo": "GEMENI"
}