{
  "Cilindrada": "1500",
  "Estilo": "Hatchback",
  "Combustible": "Gasolina",
  "Transmisión": "Manual",
  "Estado": "Bueno",
  "Kilometraje": "144440",
  "Placa": "Termina en 8",
  "Color exterior": "GRIS",
  "Color interior": "GRIS",
  "# de puertas": "2",
  "Ya pagó impuestos": "SI",
  "Precio negociable": "SI",
  "Se recibe vehículo": "NO",
  "Provincia": "Heredia",
  "Fecha de ingreso": "04 de Agosto del 2020",
  "visto": "2850",
  "detalles": "Dash quebrado  Dirección mecánica",
  "img": "https://crautos.com/clasificados/usados/40781214-1.jpg",
  "url": "https://crautos.com/autosusados/cardetail.cfm?c=40781214&Hyundai.ACCENT.1998",
  "año": "1998",
  "precioCRC": "1000000",
  "marca": "HYUNDAI",
  "modelo": "ACCENT"
}