{
  "Cilindrada": "1600",
  "Estilo": "Sedán",
  "Combustible": "Gasolina",
  "Transmisión": "Manual",
  "Estado": "Bueno",
  "Kilometraje": "222000",
  "Placa": "Termina en 4",
  "Color exterior": "GRIS",
  "Color interior": "GRIS",
  "# de puertas": "2",
  "Ya pagó impuestos": "SI",
  "Precio negociable": "SI",
  "Se recibe vehículo": "NO",
  "Provincia": "Cartago",
  "Fecha de ingreso": "12 de Agosto del 2020",
  "visto": "1477",
  "detalles": "Es un clásico para el que aprecia el NX. Detalles de pintura. Aire Funciona perfectamente. Carburado",
  "img": "https://crautos.com/clasificados/usados/75203472-1.jpg",
  "url": "https://crautos.com/autosusados/cardetail.cfm?c=75203472&Nissan.PULSAR%20NX.1985",
  "año": "1985",
  "precioCRC": "850000",
  "marca": "NISSAN",
  "modelo": "PULSAR NX"
}