{
  "Cilindrada": "1200",
  "Estilo": "Microbús/Minivan",
  "Combustible": "Gasolina",
  "Transmisión": "Manual",
  "Estado": "Bueno",
  "Kilometraje": "ND",
  "Placa": "Termina en 0",
  "Color exterior": "AZUL",
  "Color interior": "NEGRO",
  "# de puertas": "5",
  "Ya pagó impuestos": "NO",
  "Precio negociable": "SI",
  "Se recibe vehículo": "NO",
  "Provincia": "San José",
  "Fecha de ingreso": "23 de Setiembre del 2020",
  "visto": "1030",
  "detalles": "Mecanicamente bien .para ponerla al dia",
  "img": "https://crautos.com/clasificados/usados/64918778-1.jpg",
  "url": "https://crautos.com/autosusados/cardetail.cfm?c=64918778&Daihatsu.HIJET%20.1994",
  "año": "1994",
  "precioCRC": "300000",
  "marca": "DAIHATSU",
  "modelo": "HIJET"
}