{
  "Cilindrada": "1600",
  "Estilo": "Todo Terreno 4x2",
  "Combustible": "Gasolina",
  "Transmisión": "Manual",
  "Estado": "Excelente",
  "Kilometraje": "200",
  "Placa": "ND",
  "Color exterior": "BLANCO",
  "Color interior": "NEGRO",
  "# de puertas": "2",
  "Ya pagó impuestos": "SI",
  "Precio negociable": "SI",
  "Se recibe vehículo": "NO",
  "Provincia": "Puntarenas",
  "Fecha de ingreso": "12 de Agosto del 2020",
  "visto": "746",
  "img": "https://crautos.com/rimages/nopiclg.jpg",
  "url": "https://crautos.com/autosusados/cardetail.cfm?c=20860780&Geo.TRACKER.1994",
  "año": "1994",
  "precioCRC": "1600000",
  "marca": "GEO",
  "modelo": "TRACKER"
}