{
  "Cilindrada": "1800",
  "Estilo": "Sedán",
  "Combustible": "Gasolina",
  "Transmisión": "Manual",
  "Estado": "Excelente",
  "Kilometraje": "200000",
  "Placa": "Termina en 3",
  "Color exterior": "AZUL",
  "Color interior": "AZUL CON GRIS",
  "# de puertas": "4",
  "Ya pagó impuestos": "SI",
  "Precio negociable": "NO",
  "Se recibe vehículo": "NO",
  "Provincia": "San José",
  "Fecha de ingreso": "24 de Agosto del 2020",
  "visto": "374",
  "detalles": "edición limitada con quema cocos",
  "img": "https://crautos.com/rimages/nopiclg.jpg",
  "url": "https://crautos.com/autosusados/cardetail.cfm?c=83223195&Toyota.COROLLA.1988",
  "año": "1988",
  "precioCRC": "1500000",
  "marca": "TOYOTA",
  "modelo": "COROLLA"
}