{
  "Cilindrada": "1500",
  "Estilo": "Sedán",
  "Combustible": "Gasolina",
  "Transmisión": "Manual",
  "Estado": "Bueno",
  "Kilometraje": "170000",
  "Placa": "Termina en 2",
  "Color exterior": "AZUL CELESTE",
  "Color interior": "GRIS",
  "# de puertas": "2",
  "Ya pagó impuestos": "SI",
  "Precio negociable": "SI",
  "Se recibe vehículo": "NO",
  "Provincia": "San José",
  "Fecha de ingreso": "28 de Setiembre del 2020",
  "visto": "95",
  "detalles": "Toyota Paseo año  detalles de pintura tiene clotch nuevo tijeretas y rótulas nuevas",
  "img": "https://crautos.com/clasificados/usados/26102186-1.jpg",
  "url": "https://crautos.com/autosusados/cardetail.cfm?c=26102186&Toyota.PASEO%20.1992",
  "año": "1992",
  "precioCRC": "1200000",
  "marca": "TOYOTA",
  "modelo": "PASEO"
}