{
  "Cilindrada": "1800",
  "Estilo": "Sedán",
  "Combustible": "Gasolina",
  "Transmisión": "Automática/Dual",
  "Estado": "Bueno",
  "Kilometraje": "175867",
  "Placa": "Termina en 1",
  "Color exterior": "GRIS",
  "Color interior": "CAFE",
  "# de puertas": "4",
  "Ya pagó impuestos": "SI",
  "Precio negociable": "SI",
  "Se recibe vehículo": "NO",
  "Provincia": "Alajuela",
  "Fecha de ingreso": "08 de Setiembre del 2020",
  "visto": "423",
  "img": "https://crautos.com/clasificados/usados/68529949-1.jpg",
  "url": "https://crautos.com/autosusados/cardetail.cfm?c=68529949&Mazda.PROTEGE.2000",
  "año": "2000",
  "precioCRC": "1750000",
  "marca": "MAZDA",
  "modelo": "PROTEGE"
}