{
  "Cilindrada": "1600",
  "Estilo": "Sedán",
  "Combustible": "Gasolina",
  "Transmisión": "Manual",
  "Estado": "Excelente",
  "Kilometraje": "99999",
  "Placa": "Termina en 0",
  "Color exterior": "VERDE",
  "Color interior": "CAFE",
  "# de puertas": "4",
  "Ya pagó impuestos": "SI",
  "Precio negociable": "SI",
  "Se recibe vehículo": "NO",
  "Provincia": "Heredia",
  "Fecha de ingreso": "15 de Setiembre del 2020",
  "visto": "274",
  "detalles": "EL VEHICULO SE ENCUENTRA EN MUY BUEN ESTADO Y CON VARIAS EXTRAS. SOLAMENTE TIENE DETALLES DE PINTURA",
  "img": "https://crautos.com/clasificados/usados/29936824-1.jpg",
  "url": "https://crautos.com/autosusados/cardetail.cfm?c=29936824&Honda.CIVIC.1997",
  "año": "1997",
  "precioCRC": "1750000",
  "marca": "HONDA",
  "modelo": "CIVIC"
}