{
  "Cilindrada": "2800",
  "Estilo": "Todo Terreno 4x4",
  "Combustible": "Diesel",
  "Transmisión": "Manual",
  "Estado": "Bueno",
  "Kilometraje": "397000",
  "Placa": "Termina en 9",
  "Color exterior": "BEIGE",
  "Color interior": "GRIS",
  "# de puertas": "5",
  "Ya pagó impuestos": "SI",
  "Precio negociable": "SI",
  "Se recibe vehículo": "NO",
  "Provincia": "Limón",
  "Fecha de ingreso": "21 de Setiembre del 2020",
  "visto": "1034",
  "detalles": "Debe un marchamo Es turbo intercooler Pococi Guapiles",
  "img": "https://crautos.com/clasificados/usados/33330973-1.jpg",
  "url": "https://crautos.com/autosusados/cardetail.cfm?c=33330973&Chevrolet.BLAZER.2001",
  "año": "2001",
  "precioCRC": "1700000",
  "marca": "CHEVROLET",
  "modelo": "BLAZER"
}