{
  "Cilindrada": "1500",
  "Estilo": "Sedán",
  "Combustible": "Gasolina",
  "Transmisión": "Manual",
  "Estado": "Muy Bueno",
  "Kilometraje": "123456",
  "Placa": "Termina en 4",
  "Color exterior": "BLANCO",
  "Color interior": "NEGRO",
  "# de puertas": "2",
  "Ya pagó impuestos": "SI",
  "Precio negociable": "SI",
  "Se recibe vehículo": "NO",
  "Provincia": "Cartago",
  "Fecha de ingreso": "16 de Setiembre del 2020",
  "visto": "160",
  "detalles": "Alarma cierre central esta al llavaso puedo recibir carro de menor valor o bicicleta y vuelto",
  "img": "https://crautos.com/rimages/nopiclg.jpg",
  "url": "https://crautos.com/autosusados/cardetail.cfm?c=86533488&Toyota.TERCEL.1991",
  "año": "1991",
  "precioCRC": "1250000",
  "marca": "TOYOTA",
  "modelo": "TERCEL"
}