{
  "Cilindrada": "1700",
  "Estilo": "Sedán",
  "Combustible": "Diesel",
  "Transmisión": "Manual",
  "Estado": "Excelente",
  "Kilometraje": "260000",
  "Placa": "Termina en 3",
  "Color exterior": "ROJO",
  "Color interior": "GRIS",
  "# de puertas": "4",
  "Ya pagó impuestos": "SI",
  "Precio negociable": "SI",
  "Se recibe vehículo": "NO",
  "Provincia": "San José",
  "Fecha de ingreso": "03 de Setiembre del 2020",
  "visto": "668",
  "detalles": "Motor y caja Nissan Sentra diesel. Super econónico",
  "img": "https://crautos.com/clasificados/usados/71269548-1.jpg",
  "url": "https://crautos.com/autosusados/cardetail.cfm?c=71269548&Hyundai.ACCENT.2000",
  "año": "2000",
  "precioCRC": "1350000",
  "marca": "HYUNDAI",
  "modelo": "ACCENT"
}