{
  "Cilindrada": "1600",
  "Estilo": "Sedán",
  "Combustible": "Gasolina",
  "Transmisión": "Manual",
  "Estado": "Excelente",
  "Kilometraje": "ND",
  "Placa": "ND",
  "Color exterior": "GRIS",
  "Color interior": "GRIS",
  "# de puertas": "4",
  "Ya pagó impuestos": "SI",
  "Precio negociable": "SI",
  "Se recibe vehículo": "NO",
  "Provincia": "Cartago",
  "Fecha de ingreso": "01 de Setiembre del 2020",
  "visto": "320",
  "detalles": "Batería y overhaul nuevos",
  "img": "https://crautos.com/rimages/nopiclg.jpg",
  "url": "https://crautos.com/autosusados/cardetail.cfm?c=43850748&Toyota.COROLLA.1991",
  "año": "1991",
  "precioCRC": "1500000",
  "marca": "TOYOTA",
  "modelo": "COROLLA"
}