{
  "Cilindrada": "1500",
  "Estilo": "Pickup 4x2",
  "Combustible": "Gasolina",
  "Transmisión": "Manual",
  "Estado": "Muy Bueno",
  "Kilometraje": "200",
  "Placa": "Termina en 2",
  "Color exterior": "ROJO",
  "Color interior": "NEGRO",
  "# de puertas": "2",
  "Ya pagó impuestos": "SI",
  "Precio negociable": "SI",
  "Se recibe vehículo": "NO",
  "Provincia": "Cartago",
  "Fecha de ingreso": "22 de Setiembre del 2020",
  "visto": "519",
  "detalles": "En buen estado se puede recibir pero de menor valor",
  "img": "https://crautos.com/clasificados/usados/81707788-1.jpg",
  "url": "https://crautos.com/autosusados/cardetail.cfm?c=81707788&Datsun.1500.1978",
  "año": "1978",
  "precioCRC": "1500000",
  "marca": "DATSUN",
  "modelo": "1500"
}