{
  "Cilindrada": "1600",
  "Estilo": "Sedán",
  "Combustible": "Gasolina",
  "Transmisión": "Manual",
  "Estado": "Muy Bueno",
  "Kilometraje": "ND",
  "Placa": "Termina en 4",
  "Color exterior": "BLANCO",
  "Color interior": "GRIS",
  "# de puertas": "4",
  "Ya pagó impuestos": "SI",
  "Precio negociable": "NO",
  "Se recibe vehículo": "NO",
  "Provincia": "Alajuela",
  "Fecha de ingreso": "19 de Agosto del 2020",
  "visto": "657",
  "detalles": "Excelente estado mecánico. Llantas nuevas. Muy económico. Rápido. Eficiente. Al día.",
  "img": "https://crautos.com/clasificados/usados/46922558-1.jpg",
  "url": "https://crautos.com/autosusados/cardetail.cfm?c=46922558&Toyota.COROLLA.1993",
  "año": "1993",
  "precioCRC": "1800000",
  "marca": "TOYOTA",
  "modelo": "COROLLA"
}