{
  "Cilindrada": "3000",
  "Estilo": "Sedán",
  "Combustible": "Gasolina",
  "Transmisión": "Manual",
  "Estado": "Bueno",
  "Kilometraje": "40000",
  "Placa": "Termina en 3",
  "Color exterior": "NEGRO",
  "Color interior": "BEIGE",
  "# de puertas": "4",
  "Ya pagó impuestos": "SI",
  "Precio negociable": "SI",
  "Se recibe vehículo": "NO",
  "Provincia": "San José",
  "Fecha de ingreso": "25 de Setiembre del 2020",
  "visto": "321",
  "img": "https://crautos.com/clasificados/usados/98315553-1.jpg",
  "url": "https://crautos.com/autosusados/cardetail.cfm?c=98315553&Volvo.V960.1996",
  "año": "1996",
  "precioCRC": "1700000",
  "marca": "VOLVO",
  "modelo": "V960"
}