{
  "Cilindrada": "1500",
  "Estilo": "Hatchback",
  "Combustible": "Gasolina",
  "Transmisión": "Manual",
  "Estado": "Bueno",
  "Kilometraje": "256756",
  "Placa": "Termina en 8",
  "Color exterior": "BLANCO",
  "Color interior": "AZUL",
  "# de puertas": "2",
  "Ya pagó impuestos": "SI",
  "Precio negociable": "NO",
  "Se recibe vehículo": "NO",
  "Provincia": "San José",
  "Fecha de ingreso": "11 de Agosto del 2020",
  "visto": "2863",
  "detalles": "Economico - detalles de pintura llantas nuevas RTV hasta el otro año Rebajado contactar al watsaap",
  "img": "https://crautos.com/clasificados/usados/20843169-1.jpg",
  "url": "https://crautos.com/autosusados/cardetail.cfm?c=20843169&Toyota.COROLLA%20FX.1988",
  "año": "1988",
  "precioCRC": "780000",
  "marca": "TOYOTA",
  "modelo": "COROLLA FX"
}