{
  "Cilindrada": "1600",
  "Estilo": "Sedán",
  "Combustible": "Gasolina",
  "Transmisión": "Manual",
  "Estado": "Excelente",
  "Kilometraje": "155000",
  "Placa": "Termina en 0",
  "Color exterior": "CELESTE",
  "Color interior": "BEIGE",
  "# de puertas": "5",
  "Ya pagó impuestos": "SI",
  "Precio negociable": "SI",
  "Se recibe vehículo": "NO",
  "Provincia": "Alajuela",
  "Fecha de ingreso": "23 de Setiembre del 2020",
  "visto": "179",
  "detalles": "rtv hasta Octubre del otro año subwoofer pioneer excelente de llantas",
  "img": "https://crautos.com/clasificados/usados/62512072-1.jpg",
  "url": "https://crautos.com/autosusados/cardetail.cfm?c=62512072&Honda.CIVIC.1992",
  "año": "1992",
  "precioCRC": "1350000",
  "marca": "HONDA",
  "modelo": "CIVIC"
}