{
  "Cilindrada": "1300",
  "Estilo": "Sedán",
  "Combustible": "Gasolina",
  "Transmisión": "Manual",
  "Estado": "Excelente",
  "Kilometraje": "130000",
  "Placa": "Termina en 3",
  "Color exterior": "ROJO",
  "Color interior": "GRIS",
  "# de puertas": "4",
  "Ya pagó impuestos": "SI",
  "Precio negociable": "SI",
  "Se recibe vehículo": "NO",
  "Provincia": "Puntarenas",
  "Fecha de ingreso": "02 de Setiembre del 2020",
  "visto": "726",
  "detalles": "super economico y barato",
  "img": "https://crautos.com/clasificados/usados/54975363-1.jpg",
  "url": "https://crautos.com/autosusados/cardetail.cfm?c=54975363&Geo.METRO.1997",
  "año": "1997",
  "precioCRC": "1150000",
  "marca": "GEO",
  "modelo": "METRO"
}