{
  "Cilindrada": "1300",
  "Estilo": "Hatchback",
  "Combustible": "Gasolina",
  "Transmisión": "Manual",
  "Estado": "Muy Bueno",
  "Kilometraje": "185832",
  "Placa": "Termina en 6",
  "Color exterior": "AZUL",
  "Color interior": "GRIS",
  "# de puertas": "4",
  "Ya pagó impuestos": "SI",
  "Precio negociable": "SI",
  "Se recibe vehículo": "SI",
  "Provincia": "San José",
  "Fecha de ingreso": "17 de Setiembre del 2020",
  "visto": "631",
  "detalles": "Rtv hasta junio del otro año",
  "img": "https://crautos.com/clasificados/usados/96350435-1.jpg",
  "url": "https://crautos.com/autosusados/cardetail.cfm?c=96350435&Daihatsu.CHARADE%20.2000",
  "año": "2000",
  "precioCRC": "1250000",
  "marca": "DAIHATSU",
  "modelo": "CHARADE"
}