{
  "Cilindrada": "1600",
  "Estilo": "Sedán",
  "Combustible": "Gasolina",
  "Transmisión": "Manual",
  "Estado": "Muy Bueno",
  "Kilometraje": "390000",
  "Placa": "Termina en 0",
  "Color exterior": "ROJO",
  "Color interior": "NEGRO",
  "# de puertas": "4",
  "Ya pagó impuestos": "SI",
  "Precio negociable": "SI",
  "Se recibe vehículo": "NO",
  "Provincia": "San José",
  "Fecha de ingreso": "28 de Setiembre del 2020",
  "visto": "121",
  "img": "https://crautos.com/clasificados/usados/39444003-1.jpg",
  "url": "https://crautos.com/autosusados/cardetail.cfm?c=39444003&Hyundai.ACCENT.2002",
  "año": "2002",
  "precioCRC": "1550000",
  "marca": "HYUNDAI",
  "modelo": "ACCENT"
}