{
  "Cilindrada": "1000",
  "Estilo": "Hatchback",
  "Combustible": "Gasolina",
  "Transmisión": "Manual",
  "Estado": "Bueno",
  "Kilometraje": "183000",
  "Placa": "Termina en 6",
  "Color exterior": "ROJO",
  "Color interior": "GRIS",
  "# de puertas": "5",
  "Ya pagó impuestos": "SI",
  "Precio negociable": "SI",
  "Se recibe vehículo": "NO",
  "Provincia": "Alajuela",
  "Fecha de ingreso": "10 de Agosto del 2020",
  "visto": "1385",
  "detalles": "Con Riteve",
  "img": "https://crautos.com/clasificados/usados/17464629-1.jpg",
  "url": "https://crautos.com/autosusados/cardetail.cfm?c=17464629&Geo.METRO.1993",
  "año": "1993",
  "precioCRC": "975000",
  "marca": "GEO",
  "modelo": "METRO"
}