{
  "Cilindrada": "1300",
  "Estilo": "Sedán",
  "Combustible": "Gasolina",
  "Transmisión": "Manual",
  "Estado": "Bueno",
  "Kilometraje": "123456",
  "Placa": "Termina en 1",
  "Color exterior": "BLANCO",
  "Color interior": "GRIS",
  "# de puertas": "5",
  "Ya pagó impuestos": "SI",
  "Precio negociable": "SI",
  "Se recibe vehículo": "NO",
  "Provincia": "Cartago",
  "Fecha de ingreso": "19 de Agosto del 2020",
  "visto": "427",
  "detalles": "Se vende o se cambia station wagon año",
  "img": "https://crautos.com/rimages/nopiclg.jpg",
  "url": "https://crautos.com/autosusados/cardetail.cfm?c=36379521&Toyota.COROLLA.1988",
  "año": "1988",
  "precioCRC": "1400000",
  "marca": "TOYOTA",
  "modelo": "COROLLA"
}