{
  "Cilindrada": "4300",
  "Estilo": "Todo Terreno 4x2",
  "Combustible": "Gasolina",
  "Transmisión": "Automática/Dual",
  "Estado": "Regular",
  "Kilometraje": "140000",
  "Placa": "Termina en 5",
  "Color exterior": "BLANCO",
  "Color interior": "GRIS",
  "# de puertas": "4",
  "Ya pagó impuestos": "SI",
  "Precio negociable": "NO",
  "Se recibe vehículo": "NO",
  "Provincia": "San José",
  "Fecha de ingreso": "14 de Agosto del 2020",
  "visto": "1864",
  "img": "https://crautos.com/clasificados/usados/55230986-1.jpg",
  "url": "https://crautos.com/autosusados/cardetail.cfm?c=55230986&Chevrolet.BLAZER%20LS%20.2001",
  "año": "2001",
  "precioCRC": "1750000",
  "marca": "CHEVROLET",
  "modelo": "BLAZER LS"
}