{
  "Cilindrada": "1500",
  "Estilo": "Sedán",
  "Combustible": "Gasolina",
  "Transmisión": "Automática/Dual",
  "Estado": "Bueno",
  "Kilometraje": "196",
  "Placa": "Termina en 1",
  "Color exterior": "VERDE",
  "Color interior": "VERDE",
  "# de puertas": "2",
  "Ya pagó impuestos": "SI",
  "Precio negociable": "SI",
  "Se recibe vehículo": "NO",
  "Provincia": "Alajuela",
  "Fecha de ingreso": "01 de Octubre del 2020",
  "visto": "10",
  "detalles": "Secenta cuarenta y siete cero ocho Secenta y cinco numero",
  "img": "https://crautos.com/rimages/nopiclg.jpg",
  "url": "https://crautos.com/autosusados/cardetail.cfm?c=12110961&Toyota.TERCEL.1995",
  "año": "1995",
  "precioCRC": "1700000",
  "marca": "TOYOTA",
  "modelo": "TERCEL"
}