{
  "Cilindrada": "1500",
  "Estilo": "Sedán",
  "Combustible": "Gasolina",
  "Transmisión": "Manual",
  "Estado": "Excelente",
  "Kilometraje": "ND",
  "Placa": "Termina en 0",
  "Color exterior": "VERDE",
  "Color interior": "NEGRO671130",
  "# de puertas": "2",
  "Ya pagó impuestos": "SI",
  "Precio negociable": "SI",
  "Se recibe vehículo": "NO",
  "Provincia": "Cartago",
  "Fecha de ingreso": "10 de Setiembre del 2020",
  "visto": "401",
  "detalles": "MUY CUIDADO Y ECONOMICO",
  "img": "https://crautos.com/clasificados/usados/72547274-1.jpg",
  "url": "https://crautos.com/autosusados/cardetail.cfm?c=72547274&Toyota.TERCEL.1994",
  "año": "1994",
  "precioCRC": "1400000",
  "marca": "TOYOTA",
  "modelo": "TERCEL"
}