{
  "Cilindrada": "1796",
  "Estilo": "Station Wagon",
  "Combustible": "Gasolina",
  "Transmisión": "Manual",
  "Estado": "Muy Bueno",
  "Kilometraje": "191608",
  "Placa": "Termina en 8",
  "Color exterior": "CELESTE",
  "Color interior": "AZUL",
  "# de puertas": "5",
  "Ya pagó impuestos": "SI",
  "Precio negociable": "SI",
  "Se recibe vehículo": "NO",
  "Provincia": "San José",
  "Fecha de ingreso": "02 de Octubre del 2020",
  "visto": "5",
  "detalles": "Precio negociable excelente calidad!",
  "img": "https://crautos.com/rimages/nopiclg.jpg",
  "url": "https://crautos.com/autosusados/cardetail.cfm?c=70104615&Toyota.COROLLA.1988",
  "año": "1988",
  "precioCRC": "1300000",
  "marca": "TOYOTA",
  "modelo": "COROLLA"
}