{
  "Cilindrada": "3000",
  "Estilo": "Todo Terreno 4x4",
  "Combustible": "Gasolina",
  "Transmisión": "Manual",
  "Estado": "Muy Bueno",
  "Kilometraje": "180000",
  "Placa": "Termina en 3",
  "Color exterior": "BLANCO",
  "Color interior": "CAFE",
  "# de puertas": "4",
  "Ya pagó impuestos": "SI",
  "Precio negociable": "SI",
  "Se recibe vehículo": "NO",
  "Provincia": "Cartago",
  "Fecha de ingreso": "22 de Setiembre del 2020",
  "visto": "515",
  "detalles": "Motor v_seis está cerca se Turrialba",
  "img": "https://crautos.com/clasificados/usados/67147408-1.jpg",
  "url": "https://crautos.com/autosusados/cardetail.cfm?c=67147408&Isuzu.TROOPER.1991",
  "año": "1991",
  "precioCRC": "1400000",
  "marca": "ISUZU",
  "modelo": "TROOPER"
}