{
  "Cilindrada": "1500",
  "Estilo": "Sedán",
  "Combustible": "Gasolina",
  "Transmisión": "Automática/Dual",
  "Estado": "Muy Bueno",
  "Kilometraje": "ND",
  "Placa": "Termina en 5",
  "Color exterior": "GRIS",
  "Color interior": "BEIGE",
  "# de puertas": "2",
  "Ya pagó impuestos": "SI",
  "Precio negociable": "SI",
  "Se recibe vehículo": "NO",
  "Provincia": "Alajuela",
  "Fecha de ingreso": "02 de Octubre del 2020",
  "visto": "7",
  "img": "https://crautos.com/clasificados/usados/12331091-1.jpg",
  "url": "https://crautos.com/autosusados/cardetail.cfm?c=12331091&Hyundai.ACCENT.2000",
  "año": "2000",
  "precioCRC": "1450000",
  "marca": "HYUNDAI",
  "modelo": "ACCENT"
}