{
  "Cilindrada": "1300",
  "Estilo": "Sedán",
  "Combustible": "Gasolina",
  "Transmisión": "Manual",
  "Estado": "Muy Bueno",
  "Kilometraje": "214200",
  "Placa": "Termina en 4",
  "Color exterior": "AZUL",
  "Color interior": "GRIS",
  "# de puertas": "4",
  "Ya pagó impuestos": "SI",
  "Precio negociable": "SI",
  "Se recibe vehículo": "NO",
  "Provincia": "San José",
  "Fecha de ingreso": "17 de Setiembre del 2020",
  "visto": "325",
  "detalles": "Llantas nuevas muy económico exelente carro",
  "img": "https://crautos.com/clasificados/usados/35171747-1.jpg",
  "url": "https://crautos.com/autosusados/cardetail.cfm?c=35171747&Fiat.SIENA%20ELX.2005",
  "año": "2005",
  "precioCRC": "1695000",
  "marca": "FIAT",
  "modelo": "SIENA ELX"
}