{
  "Cilindrada": "1500",
  "Estilo": "Sedán",
  "Combustible": "Gasolina",
  "Transmisión": "Manual",
  "Estado": "Excelente",
  "Kilometraje": "ND",
  "Placa": "Termina en 3",
  "Color exterior": "BLANCO",
  "Color interior": "NEGRO",
  "# de puertas": "2",
  "Ya pagó impuestos": "SI",
  "Precio negociable": "SI",
  "Se recibe vehículo": "NO",
  "Provincia": "Cartago",
  "Fecha de ingreso": "28 de Setiembre del 2020",
  "visto": "354",
  "detalles": "Buena oportunidad! Auto al día y mecánicamente en muy buen estado.",
  "img": "https://crautos.com/clasificados/usados/61438587-1.jpg",
  "url": "https://crautos.com/autosusados/cardetail.cfm?c=61438587&Toyota.TERCEL.1994",
  "año": "1994",
  "precioCRC": "950000",
  "marca": "TOYOTA",
  "modelo": "TERCEL"
}