{
  "Cilindrada": "1500",
  "Estilo": "Sedán",
  "Combustible": "Gasolina",
  "Transmisión": "Manual",
  "Estado": "Excelente",
  "Kilometraje": "ND",
  "Placa": "Termina en 3",
  "Color exterior": "BLANCO",
  "Color interior": "NEGRO",
  "# de puertas": "2",
  "Ya pagó impuestos": "SI",
  "Precio negociable": "SI",
  "Se recibe vehículo": "NO",
  "Provincia": "Cartago",
  "Fecha de ingreso": "15 de Setiembre del 2020",
  "visto": "248",
  "detalles": "Alarma con cierre central manual-llantas nuevas-aros de lujo-detalles de pintura en bumper.",
  "img": "https://crautos.com/clasificados/usados/61654651-1.jpg",
  "url": "https://crautos.com/autosusados/cardetail.cfm?c=61654651&Toyota.TERCEL.1994",
  "año": "1994",
  "precioCRC": "1600000",
  "marca": "TOYOTA",
  "modelo": "TERCEL"
}