{
  "Cilindrada": "1600",
  "Estilo": "Sedán",
  "Combustible": "Gasolina",
  "Transmisión": "Manual",
  "Estado": "Bueno",
  "Kilometraje": "182000",
  "Placa": "Termina en 5",
  "Color exterior": "GRIS",
  "Color interior": "GRIS",
  "# de puertas": "4",
  "Ya pagó impuestos": "SI",
  "Precio negociable": "SI",
  "Se recibe vehículo": "NO",
  "Provincia": "San José",
  "Fecha de ingreso": "21 de Setiembre del 2020",
  "visto": "195",
  "detalles": "buen estado carroseria pintura parte superior con daño rtv y marchamo al dia bien de motor y llantas",
  "img": "https://crautos.com/clasificados/usados/93963442-1.jpg",
  "url": "https://crautos.com/autosusados/cardetail.cfm?c=93963442&Volkswagen.POLO%20CLASSIC.2001",
  "año": "2001",
  "precioCRC": "1700000",
  "marca": "VOLKSWAGEN",
  "modelo": "POLO CLASSIC"
}