{
  "Cilindrada": "1600",
  "Estilo": "Station Wagon",
  "Combustible": "Gasolina",
  "Transmisión": "Manual",
  "Estado": "Bueno",
  "Kilometraje": "257500",
  "Placa": "Termina en 8",
  "Color exterior": "PLATEADO",
  "Color interior": "GRIS",
  "# de puertas": "5",
  "Ya pagó impuestos": "SI",
  "Precio negociable": "SI",
  "Se recibe vehículo": "NO",
  "Provincia": "Cartago",
  "Fecha de ingreso": "17 de Setiembre del 2020",
  "visto": "338",
  "detalles": "Algunos detalles en la pintura y le falta la visera del sol del lado del acompañante",
  "img": "https://crautos.com/clasificados/usados/43752625-1.jpg",
  "url": "https://crautos.com/autosusados/cardetail.cfm?c=43752625&Daihatsu.GRAN%20MOVE.2000",
  "año": "2000",
  "precioCRC": "1500000",
  "marca": "DAIHATSU",
  "modelo": "GRAN MOVE"
}