{
  "Cilindrada": "1800",
  "Estilo": "Microbús/Minivan",
  "Combustible": "Gasolina",
  "Transmisión": "Manual",
  "Estado": "Excelente",
  "Kilometraje": "250000",
  "Placa": "Termina en 9",
  "Color exterior": "BLANCO",
  "Color interior": "CAFÉ",
  "# de puertas": "5",
  "Ya pagó impuestos": "SI",
  "Precio negociable": "SI",
  "Se recibe vehículo": "NO",
  "Provincia": "Alajuela",
  "Fecha de ingreso": "08 de Setiembre del 2020",
  "visto": "350",
  "detalles": "Muy buen estado.socadita",
  "img": "https://crautos.com/clasificados/usados/57150652-1.jpg",
  "url": "https://crautos.com/autosusados/cardetail.cfm?c=57150652&Nissan.VANETTE.1990",
  "año": "1990",
  "precioCRC": "1700000",
  "marca": "NISSAN",
  "modelo": "VANETTE"
}