{
  "Cilindrada": "1600",
  "Estilo": "Sedán",
  "Combustible": "Gasolina",
  "Transmisión": "Automática/Dual",
  "Estado": "Muy Bueno",
  "Kilometraje": "134500",
  "Placa": "Termina en 7",
  "Color exterior": "VERDE",
  "Color interior": "BEIGE",
  "# de puertas": "4",
  "Ya pagó impuestos": "SI",
  "Precio negociable": "SI",
  "Se recibe vehículo": "NO",
  "Provincia": "San José",
  "Fecha de ingreso": "04 de Agosto del 2020",
  "visto": "1384",
  "detalles": "RTV al día. Muy buen estado mecánico. Con alarma Antisecuestro. Con Detalles en Pintura",
  "img": "https://crautos.com/clasificados/usados/20288642-1.jpg",
  "url": "https://crautos.com/autosusados/cardetail.cfm?c=20288642&Honda.CIVIC.1997",
  "año": "1997",
  "precioCRC": "1800000",
  "marca": "HONDA",
  "modelo": "CIVIC"
}