{
  "Cilindrada": "1500",
  "Estilo": "Sedán",
  "Combustible": "Gasolina",
  "Transmisión": "Automática/Dual",
  "Estado": "Muy Bueno",
  "Kilometraje": "185000",
  "Placa": "Termina en 1",
  "Color exterior": "VERDE",
  "Color interior": "GRIS",
  "# de puertas": "3",
  "Ya pagó impuestos": "SI",
  "Precio negociable": "SI",
  "Se recibe vehículo": "NO",
  "Provincia": "Guanacaste",
  "Fecha de ingreso": "18 de Agosto del 2020",
  "visto": "2177",
  "detalles": "Vehículo en buen estado y económico",
  "img": "https://crautos.com/clasificados/usados/46180813-1.jpg",
  "url": "https://crautos.com/autosusados/cardetail.cfm?c=46180813&Toyota.TERCEL.1997",
  "año": "1997",
  "precioCRC": "1650000",
  "marca": "TOYOTA",
  "modelo": "TERCEL"
}