{
  "Cilindrada": "1500",
  "Estilo": "Sedán",
  "Combustible": "Gasolina",
  "Transmisión": "Manual",
  "Estado": "Bueno",
  "Kilometraje": "278943",
  "Placa": "Termina en 3",
  "Color exterior": "VERDE",
  "Color interior": "NEGRO",
  "# de puertas": "5",
  "Ya pagó impuestos": "SI",
  "Precio negociable": "SI",
  "Se recibe vehículo": "NO",
  "Provincia": "Guanacaste",
  "Fecha de ingreso": "19 de Agosto del 2020",
  "visto": "1050",
  "detalles": "Buen estado. Caja quinta. Inyectado",
  "img": "https://crautos.com/clasificados/usados/42489477-1.jpg",
  "url": "https://crautos.com/autosusados/cardetail.cfm?c=42489477&Toyota.TERCEL%20.1992",
  "año": "1992",
  "precioCRC": "1400000",
  "marca": "TOYOTA",
  "modelo": "TERCEL"
}