{
  "Cilindrada": "1500",
  "Estilo": "Sedán",
  "Combustible": "Gasolina",
  "Transmisión": "Manual",
  "Estado": "Muy Bueno",
  "Kilometraje": "184000",
  "Placa": "Termina en 7",
  "Color exterior": "GRIS",
  "Color interior": "GRIS",
  "# de puertas": "4",
  "Ya pagó impuestos": "SI",
  "Precio negociable": "SI",
  "Se recibe vehículo": "NO",
  "Provincia": "Cartago",
  "Fecha de ingreso": "15 de Julio del 2020",
  "visto": "1617",
  "detalles": "Completamente al día, excelentes condiciones de motor detalles de pintura",
  "img": "https://crautos.com/clasificados/usados/30094432-1.jpg",
  "url": "https://crautos.com/autosusados/cardetail.cfm?c=30094432&Daewoo.CIELO%20GLE.1997",
  "año": "1997",
  "precioCRC": "1050000",
  "marca": "DAEWOO",
  "modelo": "CIELO GLE"
}