{
  "Cilindrada": "1600",
  "Estilo": "Sedán",
  "Combustible": "Gasolina",
  "Transmisión": "Manual",
  "Estado": "Muy Bueno",
  "Kilometraje": "150000",
  "Placa": "Termina en 4",
  "Color exterior": "CELESTE",
  "Color interior": "GRIS",
  "# de puertas": "4",
  "Ya pagó impuestos": "SI",
  "Precio negociable": "SI",
  "Se recibe vehículo": "NO",
  "Provincia": "San José",
  "Fecha de ingreso": "02 de Octubre del 2020",
  "visto": "8",
  "detalles": "El vehículo está en muy buen estado llame y negociamos",
  "img": "https://crautos.com/rimages/nopiclg.jpg",
  "url": "https://crautos.com/autosusados/cardetail.cfm?c=88321951&Nissan.SENTRA%20B14.1996",
  "año": "1996",
  "precioCRC": "1550000",
  "marca": "NISSAN",
  "modelo": "SENTRA B14"
}