{
  "Cilindrada": "1600",
  "Estilo": "Sedán",
  "Combustible": "Gasolina",
  "Transmisión": "Manual",
  "Estado": "Bueno",
  "Kilometraje": "200000",
  "Placa": "Termina en 2",
  "Color exterior": "VERDE",
  "Color interior": "CAFE",
  "# de puertas": "4",
  "Ya pagó impuestos": "SI",
  "Precio negociable": "SI",
  "Se recibe vehículo": "NO",
  "Provincia": "Cartago",
  "Fecha de ingreso": "22 de Setiembre del 2020",
  "visto": "784",
  "detalles": "Atrasado este año de marchamo. Batería mala",
  "img": "https://crautos.com/clasificados/usados/63894691-1.jpg",
  "url": "https://crautos.com/autosusados/cardetail.cfm?c=63894691&Nissan.SUNNY%20.1988",
  "año": "1988",
  "precioCRC": "200000",
  "marca": "NISSAN",
  "modelo": "SUNNY"
}