{
  "Cilindrada": "1600",
  "Estilo": "Sedán",
  "Combustible": "Gasolina",
  "Transmisión": "Automática/Dual",
  "Estado": "Excelente",
  "Kilometraje": "218200",
  "Placa": "Termina en 5",
  "Color exterior": "GRIS",
  "Color interior": "GRIS",
  "# de puertas": "4",
  "Ya pagó impuestos": "SI",
  "Precio negociable": "SI",
  "Se recibe vehículo": "NO",
  "Provincia": "Cartago",
  "Fecha de ingreso": "30 de Setiembre del 2020",
  "visto": "44",
  "detalles": "Detalles de pintura pprecio negociable - muy socado",
  "img": "https://crautos.com/clasificados/usados/62080511-1.jpg",
  "url": "https://crautos.com/autosusados/cardetail.cfm?c=62080511&Nissan.SENTRA%20B14.1996",
  "año": "1996",
  "precioCRC": "1550000",
  "marca": "NISSAN",
  "modelo": "SENTRA B14"
}