{
  "Cilindrada": "2400",
  "Estilo": "Microbús/Minivan",
  "Combustible": "Gasolina",
  "Transmisión": "Automática/Dual",
  "Estado": "Muy Bueno",
  "Kilometraje": "179000",
  "Placa": "Termina en 6",
  "Color exterior": "VERDE",
  "Color interior": "GRIS",
  "# de puertas": "4",
  "Ya pagó impuestos": "SI",
  "Precio negociable": "SI",
  "Se recibe vehículo": "NO",
  "Provincia": "Alajuela",
  "Fecha de ingreso": "21 de Setiembre del 2020",
  "visto": "295",
  "detalles": "Van familiar ; cómoda y económica. No cambio... no recibo .Negociable",
  "img": "https://crautos.com/clasificados/usados/93951531-1.jpg",
  "url": "https://crautos.com/autosusados/cardetail.cfm?c=93951531&Toyota.PREVIA.1991",
  "año": "1991",
  "precioCRC": "1750000",
  "marca": "TOYOTA",
  "modelo": "PREVIA"
}