{
  "Cilindrada": "1200",
  "Estilo": "Microbús/Minivan",
  "Combustible": "Gasolina",
  "Transmisión": "Manual",
  "Estado": "Excelente",
  "Kilometraje": "ND",
  "Placa": "ND",
  "Color exterior": "BLANCO",
  "Color interior": "BEIS",
  "# de puertas": "4",
  "Ya pagó impuestos": "SI",
  "Precio negociable": "SI",
  "Se recibe vehículo": "NO",
  "Provincia": "Alajuela",
  "Fecha de ingreso": "03 de Setiembre del 2020",
  "visto": "1070",
  "detalles": "BUEN ESTADO NUEVE PASAJEROS",
  "img": "https://crautos.com/clasificados/usados/3142494-1.jpg",
  "url": "https://crautos.com/autosusados/cardetail.cfm?c=3142494&Nissan.VANETTE.1985",
  "año": "1985",
  "precioCRC": "1250000",
  "marca": "NISSAN",
  "modelo": "VANETTE"
}