{
  "Cilindrada": "2000",
  "Estilo": "Sedán",
  "Combustible": "Gasolina",
  "Transmisión": "Manual",
  "Estado": "Excelente",
  "Kilometraje": "124690",
  "Placa": "Termina en 9",
  "Color exterior": "AMARILLO",
  "Color interior": "NEGRO",
  "# de puertas": "3",
  "Ya pagó impuestos": "SI",
  "Precio negociable": "SI",
  "Se recibe vehículo": "NO",
  "Provincia": "Heredia",
  "Fecha de ingreso": "24 de Agosto del 2020",
  "visto": "417",
  "detalles": "Excelente estado casi no tiene uso",
  "img": "https://crautos.com/rimages/nopiclg.jpg",
  "url": "https://crautos.com/autosusados/cardetail.cfm?c=26977863&Hyundai.TIBUR%C3%93N%20.1998",
  "año": "1998",
  "precioCRC": "1500000",
  "marca": "HYUNDAI",
  "modelo": "TIBURÓN"
}