{
  "Cilindrada": "1000",
  "Estilo": "Hatchback",
  "Combustible": "Gasolina",
  "Transmisión": "Manual",
  "Estado": "Regular",
  "Kilometraje": "300000",
  "Placa": "Termina en 2",
  "Color exterior": "BLANCO",
  "Color interior": "NEGRO",
  "# de puertas": "3",
  "Ya pagó impuestos": "SI",
  "Precio negociable": "SI",
  "Se recibe vehículo": "NO",
  "Provincia": "Alajuela",
  "Fecha de ingreso": "18 de Agosto del 2020",
  "visto": "2988",
  "detalles": "Debe dos marchamos arranca y camina bien",
  "img": "https://crautos.com/clasificados/usados/19733997-1.jpg",
  "url": "https://crautos.com/autosusados/cardetail.cfm?c=19733997&Daihatsu.CHARADE.1991",
  "año": "1991",
  "precioCRC": "350000",
  "marca": "DAIHATSU",
  "modelo": "CHARADE"
}