{
  "Cilindrada": "1600",
  "Estilo": "Sedán",
  "Combustible": "Gasolina",
  "Transmisión": "Manual",
  "Estado": "Excelente",
  "Kilometraje": "76305",
  "Placa": "ND",
  "Color exterior": "BLANCO",
  "Color interior": "GRIS",
  "# de puertas": "4",
  "Ya pagó impuestos": "SI",
  "Precio negociable": "SI",
  "Se recibe vehículo": "NO",
  "Provincia": "Guanacaste",
  "Fecha de ingreso": "22 de Setiembre del 2020",
  "visto": "237",
  "detalles": "Excelente estado mecánico Rtv hasta abril del otro año El precio es muy muy NEGOCIABLE Llámenos",
  "img": "https://crautos.com/clasificados/usados/41581572-1.jpg",
  "url": "https://crautos.com/autosusados/cardetail.cfm?c=41581572&Toyota.COROLLA.1991",
  "año": "1991",
  "precioCRC": "1400000",
  "marca": "TOYOTA",
  "modelo": "COROLLA"
}