{
  "Cilindrada": "1500",
  "Estilo": "Sedán",
  "Combustible": "Gasolina",
  "Transmisión": "Manual",
  "Estado": "Muy Bueno",
  "Kilometraje": "232326",
  "Placa": "Termina en 9",
  "Color exterior": "BLANCO",
  "Color interior": "BEIGE",
  "# de puertas": "3",
  "Ya pagó impuestos": "SI",
  "Precio negociable": "NO",
  "Se recibe vehículo": "NO",
  "Provincia": "San José",
  "Fecha de ingreso": "06 de Julio del 2020",
  "visto": "2148",
  "img": "https://crautos.com/clasificados/usados/82144775-1.jpg",
  "url": "https://crautos.com/autosusados/cardetail.cfm?c=82144775&Hyundai.ACCENT%20.2002",
  "año": "2002",
  "precioCRC": "1800000",
  "marca": "HYUNDAI",
  "modelo": "ACCENT"
}