{
  "Cilindrada": "800",
  "Estilo": "Sedán",
  "Combustible": "Gasolina",
  "Transmisión": "Manual",
  "Estado": "Regular",
  "Kilometraje": "115000",
  "Placa": "Termina en 5",
  "Color exterior": "NEGRO",
  "Color interior": "DORADO",
  "# de puertas": "5",
  "Ya pagó impuestos": "SI",
  "Precio negociable": "SI",
  "Se recibe vehículo": "NO",
  "Provincia": "Alajuela",
  "Fecha de ingreso": "21 de Agosto del 2020",
  "visto": "3203",
  "detalles": "Para REPARAR debe una placa y rtv",
  "img": "https://crautos.com/clasificados/usados/91567050-1.jpg",
  "url": "https://crautos.com/autosusados/cardetail.cfm?c=91567050&Hyundai.ATOS.1998",
  "año": "1998",
  "precioCRC": "425000",
  "marca": "HYUNDAI",
  "modelo": "ATOS"
}