{
  "Cilindrada": "1300",
  "Estilo": "Sedán",
  "Combustible": "Gasolina",
  "Transmisión": "Manual",
  "Estado": "Bueno",
  "Kilometraje": "320000",
  "Placa": "ND",
  "Color exterior": "GRIS",
  "Color interior": "GRIS",
  "# de puertas": "4",
  "Ya pagó impuestos": "SI",
  "Precio negociable": "SI",
  "Se recibe vehículo": "NO",
  "Provincia": "Alajuela",
  "Fecha de ingreso": "25 de Setiembre del 2020",
  "visto": "128",
  "img": "https://crautos.com/clasificados/usados/44110500-1.jpg",
  "url": "https://crautos.com/autosusados/cardetail.cfm?c=44110500&Mitsubishi.LANCER.1997",
  "año": "1997",
  "precioCRC": "1700000",
  "marca": "MITSUBISHI",
  "modelo": "LANCER"
}