{
  "Cilindrada": "1200",
  "Estilo": "Hatchback",
  "Combustible": "Gasolina",
  "Transmisión": "Manual",
  "Estado": "Bueno",
  "Kilometraje": "789000",
  "Placa": "Termina en 3",
  "Color exterior": "AZUL",
  "Color interior": "NEGRO",
  "# de puertas": "2",
  "Ya pagó impuestos": "SI",
  "Precio negociable": "SI",
  "Se recibe vehículo": "NO",
  "Provincia": "San José",
  "Fecha de ingreso": "12 de Agosto del 2020",
  "visto": "577",
  "detalles": "Muchas extras",
  "img": "https://crautos.com/rimages/nopiclg.jpg",
  "url": "https://crautos.com/autosusados/cardetail.cfm?c=95088081&Fiat.ELBA%20S.1988",
  "año": "1988",
  "precioCRC": "800000",
  "marca": "FIAT",
  "modelo": "ELBA S"
}