{
  "Cilindrada": "1600",
  "Estilo": "Sedán",
  "Combustible": "Gasolina",
  "Transmisión": "Manual",
  "Estado": "Bueno",
  "Kilometraje": "206000",
  "Placa": "Termina en 5",
  "Color exterior": "NEGRO",
  "Color interior": "NEGRO",
  "# de puertas": "4",
  "Ya pagó impuestos": "SI",
  "Precio negociable": "SI",
  "Se recibe vehículo": "NO",
  "Provincia": "Cartago",
  "Fecha de ingreso": "30 de Setiembre del 2020",
  "visto": "101",
  "detalles": "RTV al día recién enllantado. Buen estado",
  "img": "https://crautos.com/clasificados/usados/97992920-1.jpg",
  "url": "https://crautos.com/autosusados/cardetail.cfm?c=97992920&Nissan.PLATINA.2007",
  "año": "2007",
  "precioCRC": "1600000",
  "marca": "NISSAN",
  "modelo": "PLATINA"
}