{
  "Cilindrada": "1400",
  "Estilo": "Hatchback",
  "Combustible": "Gasolina",
  "Transmisión": "Manual",
  "Estado": "Muy Bueno",
  "Kilometraje": "152433",
  "Placa": "Termina en 4",
  "Color exterior": "AZUL",
  "Color interior": "NEGRO/AZUL",
  "# de puertas": "4",
  "Ya pagó impuestos": "SI",
  "Precio negociable": "SI",
  "Se recibe vehículo": "NO",
  "Provincia": "Cartago",
  "Fecha de ingreso": "22 de Setiembre del 2020",
  "visto": "201",
  "img": "https://crautos.com/clasificados/usados/22290366-1.jpg",
  "url": "https://crautos.com/autosusados/cardetail.cfm?c=22290366&Peugeot.206%20BERLINA.2004",
  "año": "2004",
  "precioCRC": "1650000",
  "marca": "GEO",
  "modelo": "PEUT 206 BERLINA"
}