{
  "Cilindrada": "2000",
  "Estilo": "Sedán",
  "Combustible": "Gasolina",
  "Transmisión": "Manual",
  "Estado": "Excelente",
  "Kilometraje": "167000",
  "Placa": "Termina en 4",
  "Color exterior": "GRIS",
  "Color interior": "GRIS",
  "# de puertas": "4",
  "Ya pagó impuestos": "SI",
  "Precio negociable": "SI",
  "Se recibe vehículo": "NO",
  "Provincia": "San José",
  "Fecha de ingreso": "15 de Setiembre del 2020",
  "visto": "238",
  "detalles": "El carro está en excelentes condiciones",
  "img": "https://crautos.com/clasificados/usados/73942808-1.jpg",
  "url": "https://crautos.com/autosusados/cardetail.cfm?c=73942808&Mazda.626.1997",
  "año": "1997",
  "precioCRC": "1700000",
  "marca": "MAZDA",
  "modelo": "626"
}