{
  "Cilindrada": "1500",
  "Estilo": "Sedán",
  "Combustible": "Gasolina",
  "Transmisión": "Manual",
  "Estado": "Muy Bueno",
  "Kilometraje": "63296",
  "Placa": "Termina en 5",
  "Color exterior": "NEGRO",
  "Color interior": "NEGRO",
  "# de puertas": "2",
  "Ya pagó impuestos": "SI",
  "Precio negociable": "SI",
  "Se recibe vehículo": "NO",
  "Provincia": "Cartago",
  "Fecha de ingreso": "22 de Setiembre del 2020",
  "visto": "223",
  "detalles": "Se vende por poco uso muy bien cuidado",
  "img": "https://crautos.com/clasificados/usados/67198594-1.jpg",
  "url": "https://crautos.com/autosusados/cardetail.cfm?c=67198594&Toyota.TERCEL%20.1990",
  "año": "1990",
  "precioCRC": "1150000",
  "marca": "TOYOTA",
  "modelo": "TERCEL"
}