{
  "Cilindrada": "1500",
  "Estilo": "Sedán",
  "Combustible": "Gasolina",
  "Transmisión": "Manual",
  "Estado": "Excelente",
  "Kilometraje": "219884",
  "Placa": "ND",
  "Color exterior": "AZUL",
  "Color interior": "GRIS",
  "# de puertas": "2",
  "Ya pagó impuestos": "SI",
  "Precio negociable": "SI",
  "Se recibe vehículo": "NO",
  "Provincia": "Alajuela",
  "Fecha de ingreso": "30 de Setiembre del 2020",
  "visto": "55",
  "detalles": "EXCELENTE ESTADO LO TENGO EN SAN RAMON DE ALAJUELA",
  "img": "https://crautos.com/clasificados/usados/92612113-1.jpg",
  "url": "https://crautos.com/autosusados/cardetail.cfm?c=92612113&Toyota.TERCEL.1996",
  "año": "1996",
  "precioCRC": "1600000",
  "marca": "TOYOTA",
  "modelo": "TERCEL"
}