{
  "Cilindrada": "1800",
  "Estilo": "Station Wagon",
  "Combustible": "Gasolina",
  "Transmisión": "Manual",
  "Estado": "Muy Bueno",
  "Kilometraje": "232342",
  "Placa": "Termina en 5",
  "Color exterior": "VERDE AZULADO",
  "Color interior": "GRIS",
  "# de puertas": "5",
  "Ya pagó impuestos": "SI",
  "Precio negociable": "SI",
  "Se recibe vehículo": "NO",
  "Provincia": "San José",
  "Fecha de ingreso": "12 de Agosto del 2020",
  "visto": "1384",
  "detalles": "Muy bien cuidado precio negociable",
  "img": "https://crautos.com/clasificados/usados/78976532-1.jpg",
  "url": "https://crautos.com/autosusados/cardetail.cfm?c=78976532&Toyota.COROLLA.1994",
  "año": "1994",
  "precioCRC": "1700000",
  "marca": "TOYOTA",
  "modelo": "COROLLA"
}