{
  "Cilindrada": "1500",
  "Estilo": "Sedán",
  "Combustible": "Gasolina",
  "Transmisión": "Automática/Dual",
  "Estado": "Muy Bueno",
  "Kilometraje": "200000",
  "Placa": "Termina en 6",
  "Color exterior": "GRIS",
  "Color interior": "NEGRO",
  "# de puertas": "4",
  "Ya pagó impuestos": "SI",
  "Precio negociable": "SI",
  "Se recibe vehículo": "NO",
  "Provincia": "San José",
  "Fecha de ingreso": "07 de Setiembre del 2020",
  "visto": "735",
  "img": "https://crautos.com/clasificados/usados/38647270-1.jpg",
  "url": "https://crautos.com/autosusados/cardetail.cfm?c=38647270&Hyundai.ACCENT.1999",
  "año": "1999",
  "precioCRC": "1550000",
  "marca": "HYUNDAI",
  "modelo": "ACCENT"
}