{
  "Cilindrada": "2000",
  "Estilo": "Sedán",
  "Combustible": "Gasolina",
  "Transmisión": "Manual",
  "Estado": "Muy Bueno",
  "Kilometraje": "138608",
  "Placa": "Termina en 2",
  "Color exterior": "GRIS CLARO",
  "Color interior": "NEGRO",
  "# de puertas": "4",
  "Ya pagó impuestos": "SI",
  "Precio negociable": "SI",
  "Se recibe vehículo": "NO",
  "Provincia": "San José",
  "Fecha de ingreso": "24 de Febrero del 2020",
  "visto": "2682",
  "detalles": "Está con marchamo riteve al día se le hízo pintura total hace un año",
  "img": "https://crautos.com/clasificados/usados/13816036-1.jpg",
  "url": "https://crautos.com/autosusados/cardetail.cfm?c=13816036&Volkswagen.VENTO%20GL.1997",
  "año": "1997",
  "precioCRC": "1650000",
  "marca": "VOLKSWAGEN",
  "modelo": "VENTO GL"
}