{
  "Cilindrada": "1500",
  "Estilo": "Sedán",
  "Combustible": "Gasolina",
  "Transmisión": "Manual",
  "Estado": "Bueno",
  "Kilometraje": "48593",
  "Placa": "Termina en 9",
  "Color exterior": "GRIS",
  "Color interior": "NEGRO",
  "# de puertas": "3",
  "Ya pagó impuestos": "SI",
  "Precio negociable": "SI",
  "Se recibe vehículo": "NO",
  "Provincia": "Limón",
  "Fecha de ingreso": "10 de Setiembre del 2020",
  "visto": "513",
  "img": "https://crautos.com/clasificados/usados/44699872-1.jpg",
  "url": "https://crautos.com/autosusados/cardetail.cfm?c=44699872&Honda.CIVIC%20.1990",
  "año": "1990",
  "precioCRC": "1200000",
  "marca": "HONDA",
  "modelo": "CIVIC"
}