{
  "Cilindrada": "1500",
  "Estilo": "Sedán",
  "Combustible": "Gasolina",
  "Transmisión": "Manual",
  "Estado": "Excelente",
  "Kilometraje": "354100",
  "Placa": "Termina en 0",
  "Color exterior": "BLANCO",
  "Color interior": "NEGRO",
  "# de puertas": "4",
  "Ya pagó impuestos": "SI",
  "Precio negociable": "SI",
  "Se recibe vehículo": "NO",
  "Provincia": "Cartago",
  "Fecha de ingreso": "10 de Agosto del 2020",
  "visto": "1620",
  "detalles": "Se puede recibir Tracker",
  "img": "https://crautos.com/clasificados/usados/20676133-1.jpg",
  "url": "https://crautos.com/autosusados/cardetail.cfm?c=20676133&Toyota.TERCEL%20.1996",
  "año": "1996",
  "precioCRC": "1800000",
  "marca": "TOYOTA",
  "modelo": "TERCEL"
}