{
  "Cilindrada": "1500",
  "Estilo": "Sedán",
  "Combustible": "Gasolina",
  "Transmisión": "Automática/Dual",
  "Estado": "Muy Bueno",
  "Kilometraje": "216398",
  "Placa": "Termina en 8",
  "Color exterior": "NEGRO",
  "Color interior": "NEGRO",
  "# de puertas": "2",
  "Ya pagó impuestos": "SI",
  "Precio negociable": "SI",
  "Se recibe vehículo": "NO",
  "Provincia": "Heredia",
  "Fecha de ingreso": "22 de Setiembre del 2020",
  "visto": "91",
  "img": "https://crautos.com/rimages/nopiclg.jpg",
  "url": "https://crautos.com/autosusados/cardetail.cfm?c=96424191&Mitsubishi.MIRAGE.1997",
  "año": "1997",
  "precioCRC": "1750000",
  "marca": "MITSUBISHI",
  "modelo": "MIRAGE"
}