{
  "Cilindrada": "1600",
  "Estilo": "Pickup 4x2",
  "Combustible": "Gasolina",
  "Transmisión": "Manual",
  "Estado": "Muy Bueno",
  "Kilometraje": "129000",
  "Placa": "Termina en 2",
  "Color exterior": "NEGRO",
  "Color interior": "GRIS",
  "# de puertas": "2",
  "Ya pagó impuestos": "SI",
  "Precio negociable": "SI",
  "Se recibe vehículo": "SI",
  "Provincia": "Alajuela",
  "Fecha de ingreso": "10 de Setiembre del 2020",
  "visto": "933",
  "detalles": "ESTOY EN OROTINA NEGOCIABLE URGE VENDER SE RECIBE",
  "img": "https://crautos.com/clasificados/usados/25980534-1.jpg",
  "url": "https://crautos.com/autosusados/cardetail.cfm?c=25980534&Volkswagen.SAVEIRO.1987",
  "año": "1987",
  "precioCRC": "1379000",
  "marca": "VOLKSWAGEN",
  "modelo": "SAVEIRO"
}