{
  "Cilindrada": "1600",
  "Estilo": "Hatchback",
  "Combustible": "Gasolina",
  "Transmisión": "Manual",
  "Estado": "Excelente",
  "Kilometraje": "167000",
  "Placa": "Termina en 9",
  "Color exterior": "BLANCO",
  "Color interior": "NEGRO",
  "# de puertas": "2",
  "Ya pagó impuestos": "SI",
  "Precio negociable": "SI",
  "Se recibe vehículo": "NO",
  "Provincia": "Cartago",
  "Fecha de ingreso": "28 de Julio del 2020",
  "visto": "1884",
  "detalles": "Carro en muy buen estado y excelente mantenimiento",
  "img": "https://crautos.com/clasificados/usados/69602150-1.jpg",
  "url": "https://crautos.com/autosusados/cardetail.cfm?c=69602150&Toyota.COROLLA%20.1987",
  "año": "1987",
  "precioCRC": "1600000",
  "marca": "TOYOTA",
  "modelo": "COROLLA"
}