{
  "Cilindrada": "1600",
  "Estilo": "Sedán",
  "Combustible": "Gasolina",
  "Transmisión": "Automática/Dual",
  "Estado": "Bueno",
  "Kilometraje": "150000",
  "Placa": "Termina en 1",
  "Color exterior": "VERDE",
  "Color interior": "GRIS",
  "# de puertas": "4",
  "Ya pagó impuestos": "SI",
  "Precio negociable": "SI",
  "Se recibe vehículo": "NO",
  "Provincia": "Alajuela",
  "Fecha de ingreso": "22 de Setiembre del 2020",
  "visto": "528",
  "detalles": "Detalles de pintura",
  "img": "https://crautos.com/clasificados/usados/86912120-1.jpg",
  "url": "https://crautos.com/autosusados/cardetail.cfm?c=86912120&Nissan.SENTRA%20B14.1995",
  "año": "1995",
  "precioCRC": "1300000",
  "marca": "NISSAN",
  "modelo": "SENTRA B14"
}