{
  "Cilindrada": "2000",
  "Estilo": "Sedán",
  "Combustible": "Gasolina",
  "Transmisión": "Manual",
  "Estado": "Muy Bueno",
  "Kilometraje": "212000",
  "Placa": "Termina en 7",
  "Color exterior": "GRIS",
  "Color interior": "NEGRO",
  "# de puertas": "5",
  "Ya pagó impuestos": "SI",
  "Precio negociable": "NO",
  "Se recibe vehículo": "NO",
  "Provincia": "Heredia",
  "Fecha de ingreso": "01 de Setiembre del 2020",
  "visto": "1720",
  "detalles": "RITEVE EN BLANCO! Recién pasó, hay que revisar motor, el carro está en uso",
  "img": "https://crautos.com/clasificados/usados/80608518-1.jpg",
  "url": "https://crautos.com/autosusados/cardetail.cfm?c=80608518&Volkswagen.JETTA.2000",
  "año": "2000",
  "precioCRC": "1750000",
  "marca": "VOLKSWAGEN",
  "modelo": "JETTA"
}