{
  "Cilindrada": "1500",
  "Estilo": "Sedán",
  "Combustible": "Gasolina",
  "Transmisión": "Manual",
  "Estado": "Excelente",
  "Kilometraje": "138000",
  "Placa": "Termina en 0",
  "Color exterior": "GRIS",
  "Color interior": "NEGRO",
  "# de puertas": "4",
  "Ya pagó impuestos": "SI",
  "Precio negociable": "NO",
  "Se recibe vehículo": "NO",
  "Provincia": "Alajuela",
  "Fecha de ingreso": "03 de Setiembre del 2020",
  "visto": "768",
  "detalles": "Motor en excelente estado bbatería nueva y radiador",
  "img": "https://crautos.com/clasificados/usados/70539017-1.jpg",
  "url": "https://crautos.com/autosusados/cardetail.cfm?c=70539017&Daihatsu.CHARADE.1999",
  "año": "1999",
  "precioCRC": "1200000",
  "marca": "DAIHATSU",
  "modelo": "CHARADE"
}