{
  "Cilindrada": "1600",
  "Estilo": "Sedán",
  "Combustible": "Gasolina",
  "Transmisión": "Manual",
  "Estado": "Muy Bueno",
  "Kilometraje": "ND",
  "Placa": "Termina en 9",
  "Color exterior": "CELESTE",
  "Color interior": "GRIS",
  "# de puertas": "4",
  "Ya pagó impuestos": "SI",
  "Precio negociable": "SI",
  "Se recibe vehículo": "NO",
  "Provincia": "Heredia",
  "Fecha de ingreso": "24 de Agosto del 2020",
  "visto": "792",
  "detalles": "El carro se encuentra en buenas condiciones el precio se puede negociar",
  "img": "https://crautos.com/clasificados/usados/97475238-1.jpg",
  "url": "https://crautos.com/autosusados/cardetail.cfm?c=97475238&Toyota.COROLLA.1988",
  "año": "1988",
  "precioCRC": "1150000",
  "marca": "TOYOTA",
  "modelo": "COROLLA"
}