{
  "Cilindrada": "1600",
  "Estilo": "Sedán",
  "Combustible": "Gasolina",
  "Transmisión": "Manual",
  "Estado": "Excelente",
  "Kilometraje": "ND",
  "Placa": "Termina en 8",
  "Color exterior": "BLANCO",
  "Color interior": "GRIS",
  "# de puertas": "4",
  "Ya pagó impuestos": "SI",
  "Precio negociable": "NO",
  "Se recibe vehículo": "NO",
  "Provincia": "Alajuela",
  "Fecha de ingreso": "01 de Octubre del 2020",
  "visto": "162",
  "img": "https://crautos.com/clasificados/usados/98278524-1.jpg",
  "url": "https://crautos.com/autosusados/cardetail.cfm?c=98278524&Honda.CIVIC%20.1997",
  "año": "1997",
  "precioCRC": "1000000",
  "marca": "HONDA",
  "modelo": "CIVIC"
}