{
  "Cilindrada": "1000",
  "Estilo": "Station Wagon",
  "Combustible": "Gasolina",
  "Transmisión": "Manual",
  "Estado": "Muy Bueno",
  "Kilometraje": "152000",
  "Placa": "Termina en 8",
  "Color exterior": "GRIS",
  "Color interior": "GRIS",
  "# de puertas": "4",
  "Ya pagó impuestos": "SI",
  "Precio negociable": "SI",
  "Se recibe vehículo": "NO",
  "Provincia": "Alajuela",
  "Fecha de ingreso": "26 de Agosto del 2020",
  "visto": "1033",
  "detalles": "Buen estado. Económico. Detalles en pintura",
  "img": "https://crautos.com/clasificados/usados/86829814-1.jpg",
  "url": "https://crautos.com/autosusados/cardetail.cfm?c=86829814&Hyundai.ATOS.2000",
  "año": "2000",
  "precioCRC": "1500000",
  "marca": "HYUNDAI",
  "modelo": "ATOS"
}