{
  "Cilindrada": "1600",
  "Estilo": "Sedán",
  "Combustible": "Gasolina",
  "Transmisión": "Manual",
  "Estado": "Muy Bueno",
  "Kilometraje": "260000",
  "Placa": "Termina en 7",
  "Color exterior": "DORADO",
  "Color interior": "GRIS",
  "# de puertas": "4",
  "Ya pagó impuestos": "SI",
  "Precio negociable": "SI",
  "Se recibe vehículo": "NO",
  "Provincia": "San José",
  "Fecha de ingreso": "24 de Setiembre del 2020",
  "visto": "123",
  "img": "https://crautos.com/clasificados/usados/65296641-1.jpg",
  "url": "https://crautos.com/autosusados/cardetail.cfm?c=65296641&Mazda.323F.1998",
  "año": "1998",
  "precioCRC": "1700000",
  "marca": "MAZDA",
  "modelo": "323F"
}