{
  "Cilindrada": "1600",
  "Estilo": "Sedán",
  "Combustible": "Gasolina",
  "Transmisión": "Manual",
  "Estado": "Excelente",
  "Kilometraje": "190000",
  "Placa": "Termina en 8",
  "Color exterior": "ROJO",
  "Color interior": "GRIS",
  "# de puertas": "4",
  "Ya pagó impuestos": "SI",
  "Precio negociable": "SI",
  "Se recibe vehículo": "NO",
  "Provincia": "San José",
  "Fecha de ingreso": "25 de Setiembre del 2020",
  "visto": "257",
  "detalles": "Todo al día RTV hasta dos mil veintiuno económico excelente estado. Motor y caja. Civic EX",
  "img": "https://crautos.com/clasificados/usados/62446176-1.jpg",
  "url": "https://crautos.com/autosusados/cardetail.cfm?c=62446176&Honda.CIVIC.1995",
  "año": "1995",
  "precioCRC": "1490000",
  "marca": "HONDA",
  "modelo": "CIVIC"
}