{
  "Cilindrada": "1500",
  "Estilo": "Sedán",
  "Combustible": "Gasolina",
  "Transmisión": "Manual",
  "Estado": "Excelente",
  "Kilometraje": "200000",
  "Placa": "Termina en 0",
  "Color exterior": "DORADO",
  "Color interior": "GRIS",
  "# de puertas": "4",
  "Ya pagó impuestos": "SI",
  "Precio negociable": "SI",
  "Se recibe vehículo": "SI",
  "Provincia": "Puntarenas",
  "Fecha de ingreso": "14 de Agosto del 2020",
  "visto": "789",
  "detalles": "POCO CONSUMO DE GAS;REP. ECONÓMICOS Y COMPATIBLES CON VARIOS HYUNDAI Y KIA;LLANTAS ADELANTE NUEVAS",
  "img": "https://crautos.com/clasificados/usados/38844857-1.jpg",
  "url": "https://crautos.com/autosusados/cardetail.cfm?c=38844857&Kia.SPECTRA.2002",
  "año": "2002",
  "precioCRC": "1350000",
  "marca": "KIA",
  "modelo": "SPECTRA"
}