{
  "Cilindrada": "2000",
  "Estilo": "Todo Terreno 4x4",
  "Combustible": "Gasolina",
  "Transmisión": "Manual",
  "Estado": "Bueno",
  "Kilometraje": "211113",
  "Placa": "ND",
  "Color exterior": "VERDE",
  "Color interior": "GRIS",
  "# de puertas": "5",
  "Ya pagó impuestos": "SI",
  "Precio negociable": "SI",
  "Se recibe vehículo": "NO",
  "Provincia": "San José",
  "Fecha de ingreso": "10 de Agosto del 2020",
  "visto": "910",
  "detalles": "En buen estado al día y precio negociable",
  "img": "https://crautos.com/clasificados/usados/22124752-1.jpg",
  "url": "https://crautos.com/autosusados/cardetail.cfm?c=22124752&Kia.SPORTAGE.1993",
  "año": "1993",
  "precioCRC": "1700000",
  "marca": "KIA",
  "modelo": "SPORTAGE"
}