{
  "Cilindrada": "1600",
  "Estilo": "Sedán",
  "Combustible": "Gasolina",
  "Transmisión": "Automática/Dual",
  "Estado": "Bueno",
  "Kilometraje": "ND",
  "Placa": "Termina en 5",
  "Color exterior": "VERDE OSCURO",
  "Color interior": "CRIS",
  "# de puertas": "4",
  "Ya pagó impuestos": "SI",
  "Precio negociable": "SI",
  "Se recibe vehículo": "SI",
  "Provincia": "Limón",
  "Fecha de ingreso": "21 de Setiembre del 2020",
  "visto": "340",
  "img": "https://crautos.com/clasificados/usados/12140319-1.jpg",
  "url": "https://crautos.com/autosusados/cardetail.cfm?c=12140319&Nissan.SENTRA.1995",
  "año": "1995",
  "precioCRC": "1500000",
  "marca": "NISSAN",
  "modelo": "SENTRA"
}