{
  "Cilindrada": "1300",
  "Estilo": "Sedán",
  "Combustible": "Gasolina",
  "Transmisión": "Automática/Dual",
  "Estado": "Bueno",
  "Kilometraje": "144460",
  "Placa": "ND",
  "Color exterior": "CAFE",
  "Color interior": "GRIS",
  "# de puertas": "4",
  "Ya pagó impuestos": "SI",
  "Precio negociable": "SI",
  "Se recibe vehículo": "NO",
  "Provincia": "San José",
  "Fecha de ingreso": "01 de Octubre del 2020",
  "visto": "36",
  "detalles": "Se vende Geo metro al dia RTV hasta el próximo año excelente estado detalles en pintura precio negoc",
  "img": "https://crautos.com/clasificados/usados/83084995-1.jpg",
  "url": "https://crautos.com/autosusados/cardetail.cfm?c=83084995&Geo.METRO.1996",
  "año": "1996",
  "precioCRC": "1350000",
  "marca": "GEO",
  "modelo": "METRO"
}