{
  "Cilindrada": "1800",
  "Estilo": "Station Wagon",
  "Combustible": "Gasolina",
  "Transmisión": "Manual",
  "Estado": "Muy Bueno",
  "Kilometraje": "90000",
  "Placa": "Termina en 5",
  "Color exterior": "GRIS",
  "Color interior": "NEGRO",
  "# de puertas": "4",
  "Ya pagó impuestos": "SI",
  "Precio negociable": "NO",
  "Se recibe vehículo": "NO",
  "Provincia": "Heredia",
  "Fecha de ingreso": "16 de Setiembre del 2020",
  "visto": "325",
  "detalles": "Carro al día GANGA urge vender Muy buen estado",
  "img": "https://crautos.com/rimages/nopiclg.jpg",
  "url": "https://crautos.com/autosusados/cardetail.cfm?c=86800399&Honda.CIVIC.1989",
  "año": "1989",
  "precioCRC": "500000",
  "marca": "HONDA",
  "modelo": "CIVIC"
}