{
  "Cilindrada": "1800",
  "Estilo": "Sedán",
  "Combustible": "Gasolina",
  "Transmisión": "Manual",
  "Estado": "Muy Bueno",
  "Kilometraje": "185812",
  "Placa": "Termina en 9",
  "Color exterior": "VERDE",
  "Color interior": "GRIS",
  "# de puertas": "4",
  "Ya pagó impuestos": "SI",
  "Precio negociable": "SI",
  "Se recibe vehículo": "NO",
  "Provincia": "San José",
  "Fecha de ingreso": "21 de Setiembre del 2020",
  "visto": "153",
  "detalles": "Millas odometro",
  "img": "https://crautos.com/rimages/nopiclg.jpg",
  "url": "https://crautos.com/autosusados/cardetail.cfm?c=46471890&Toyota.COROLLA%20LE.1999",
  "año": "1999",
  "precioCRC": "1700000",
  "marca": "TOYOTA",
  "modelo": "COROLLA LE"
}