{
  "Cilindrada": "1600",
  "Estilo": "Sedán",
  "Combustible": "Gasolina",
  "Transmisión": "Manual",
  "Estado": "Excelente",
  "Kilometraje": "ND",
  "Placa": "Termina en 9",
  "Color exterior": "CELESTE",
  "Color interior": "GRIS",
  "# de puertas": "5",
  "Ya pagó impuestos": "SI",
  "Precio negociable": "SI",
  "Se recibe vehículo": "NO",
  "Provincia": "Cartago",
  "Fecha de ingreso": "10 de Agosto del 2020",
  "visto": "551",
  "detalles": "Se podría cambiar por un toyota echo automático doy vuelto",
  "img": "https://crautos.com/rimages/nopiclg.jpg",
  "url": "https://crautos.com/autosusados/cardetail.cfm?c=86397036&Geo.PRIZM.1996",
  "año": "1996",
  "precioCRC": "1600000",
  "marca": "GEO",
  "modelo": "PRIZM"
}