{
  "Cilindrada": "2179",
  "Estilo": "Sedán",
  "Combustible": "Gasolina",
  "Transmisión": "Manual",
  "Estado": "Regular",
  "Kilometraje": "269517",
  "Placa": "Termina en 9",
  "Color exterior": "CHAMPAGNE",
  "Color interior": "BEIGE",
  "# de puertas": "4",
  "Ya pagó impuestos": "SI",
  "Precio negociable": "SI",
  "Se recibe vehículo": "NO",
  "Provincia": "San José",
  "Fecha de ingreso": "16 de Setiembre del 2020",
  "visto": "448",
  "detalles": "Precio incluye gastos de traspaso completamente al día.",
  "img": "https://crautos.com/clasificados/usados/37141415-1.jpg",
  "url": "https://crautos.com/autosusados/cardetail.cfm?c=37141415&Mazda.626%20DX.1990",
  "año": "1990",
  "precioCRC": "799000",
  "marca": "MAZDA",
  "modelo": "626 DX"
}