{
  "Cilindrada": "1600",
  "Estilo": "Sedán",
  "Combustible": "Gasolina",
  "Transmisión": "Automática/Dual",
  "Estado": "Muy Bueno",
  "Kilometraje": "154000",
  "Placa": "ND",
  "Color exterior": "GRIS",
  "Color interior": "GRIS",
  "# de puertas": "4",
  "Ya pagó impuestos": "SI",
  "Precio negociable": "SI",
  "Se recibe vehículo": "NO",
  "Provincia": "San José",
  "Fecha de ingreso": "08 de Setiembre del 2020",
  "visto": "1411",
  "detalles": "Muy cuidado",
  "img": "https://crautos.com/clasificados/usados/88458697-1.jpg",
  "url": "https://crautos.com/autosusados/cardetail.cfm?c=88458697&Hyundai.ACCENT%20GL.2001",
  "año": "2001",
  "precioCRC": "1600000",
  "marca": "HYUNDAI",
  "modelo": "ACCENT GL"
}