{
  "Cilindrada": "1600",
  "Estilo": "Sedán",
  "Combustible": "Gasolina",
  "Transmisión": "Manual",
  "Estado": "Excelente",
  "Kilometraje": "278000",
  "Placa": "Termina en 6",
  "Color exterior": "GRIS",
  "Color interior": "GRIS OSCURO",
  "# de puertas": "4",
  "Ya pagó impuestos": "SI",
  "Precio negociable": "NO",
  "Se recibe vehículo": "NO",
  "Provincia": "Alajuela",
  "Fecha de ingreso": "02 de Octubre del 2020",
  "visto": "0",
  "detalles": "Recién pintado pintura impecable-bastante económico y rápido-TOTALMENTE AL DÍA-FIRMA INMEDIATA",
  "img": "https://crautos.com/rimages/nopiclg.jpg",
  "url": "https://crautos.com/autosusados/cardetail.cfm?c=70470121&Volkswagen.POLO%20CLASSIC%20.2001",
  "año": "2001",
  "precioCRC": "1700000",
  "marca": "VOLKSWAGEN",
  "modelo": "POLO CLASSIC"
}