{
  "Cilindrada": "1300",
  "Estilo": "Hatchback",
  "Combustible": "Gasolina",
  "Transmisión": "Manual",
  "Estado": "Bueno",
  "Kilometraje": "165487",
  "Placa": "Termina en 4",
  "Color exterior": "ROJO",
  "Color interior": "NEGRO",
  "# de puertas": "2",
  "Ya pagó impuestos": "SI",
  "Precio negociable": "NO",
  "Se recibe vehículo": "NO",
  "Provincia": "San José",
  "Fecha de ingreso": "27 de Agosto del 2020",
  "visto": "444",
  "detalles": "Al dia",
  "img": "https://crautos.com/rimages/nopiclg.jpg",
  "url": "https://crautos.com/autosusados/cardetail.cfm?c=22359779&Ford.FESTIVAL.1991",
  "año": "1991",
  "precioCRC": "850000",
  "marca": "FORD",
  "modelo": "FESTIVAL"
}