{
  "Cilindrada": "1300",
  "Estilo": "Sedán",
  "Combustible": "Gasolina",
  "Transmisión": "Manual",
  "Estado": "Bueno",
  "Kilometraje": "ND",
  "Placa": "Termina en 4",
  "Color exterior": "VERDE",
  "Color interior": "GRIS",
  "# de puertas": "4",
  "Ya pagó impuestos": "SI",
  "Precio negociable": "SI",
  "Se recibe vehículo": "NO",
  "Provincia": "San José",
  "Fecha de ingreso": "25 de Agosto del 2020",
  "visto": "1285",
  "detalles": "El carro está muy bien de todo se da bien barato urge vender se escuchan ofertas",
  "img": "https://crautos.com/clasificados/usados/77037040-1.jpg",
  "url": "https://crautos.com/autosusados/cardetail.cfm?c=77037040&Geo.METRO.1995",
  "año": "1995",
  "precioCRC": "875000",
  "marca": "GEO",
  "modelo": "METRO"
}