{
  "Cilindrada": "2000",
  "Estilo": "Sedán",
  "Combustible": "Gasolina",
  "Transmisión": "Automática/Dual",
  "Estado": "Bueno",
  "Kilometraje": "300000",
  "Placa": "Termina en 4",
  "Color exterior": "VERDE",
  "Color interior": "NEGRO, BEIGE",
  "# de puertas": "4",
  "Ya pagó impuestos": "SI",
  "Precio negociable": "NO",
  "Se recibe vehículo": "NO",
  "Provincia": "San José",
  "Fecha de ingreso": "10 de Setiembre del 2020",
  "visto": "305",
  "detalles": "En excelente estado vendo por la situación tiene RTV dos mil vientiuno",
  "img": "https://crautos.com/rimages/nopiclg.jpg",
  "url": "https://crautos.com/autosusados/cardetail.cfm?c=39868388&Mercedes%20Benz.190E.1986",
  "año": "1986",
  "precioCRC": "1450000",
  "marca": "MERCEDES",
  "modelo": "BENZ 190E"
}