{
  "Cilindrada": "1300",
  "Estilo": "Sedán",
  "Combustible": "Gasolina",
  "Transmisión": "Automática/Dual",
  "Estado": "Excelente",
  "Kilometraje": "150000",
  "Placa": "Termina en 9",
  "Color exterior": "BLANCO",
  "Color interior": "GRIS",
  "# de puertas": "3",
  "Ya pagó impuestos": "SI",
  "Precio negociable": "NO",
  "Se recibe vehículo": "NO",
  "Provincia": "Limón",
  "Fecha de ingreso": "01 de Octubre del 2020",
  "visto": "15",
  "detalles": "Traspaso setenta mil. Excelente estado. Vehículo muy sólido. Muy socadito. Incluye Rtv setiembre",
  "img": "https://crautos.com/rimages/nopiclg.jpg",
  "url": "https://crautos.com/autosusados/cardetail.cfm?c=69383599&Ford.ASPIRE.1995",
  "año": "1995",
  "precioCRC": "1000000",
  "marca": "FORD",
  "modelo": "ASPIRE"
}