{
  "Cilindrada": "2000",
  "Estilo": "Sedán",
  "Combustible": "Gasolina",
  "Transmisión": "Automática/Dual",
  "Estado": "Bueno",
  "Kilometraje": "300000",
  "Placa": "ND",
  "Color exterior": "GRIS",
  "Color interior": "BEIGE",
  "# de puertas": "4",
  "Ya pagó impuestos": "NO",
  "Precio negociable": "SI",
  "Se recibe vehículo": "SI",
  "Provincia": "Heredia",
  "Fecha de ingreso": "11 de Setiembre del 2020",
  "visto": "1093",
  "detalles": "Problemas de papeles por eso se da barato. Al  llavazo ,buen estado, camina bien,cambio por moto",
  "img": "https://crautos.com/clasificados/usados/37176304-1.jpg",
  "url": "https://crautos.com/autosusados/cardetail.cfm?c=37176304&Honda.ACCORD%20DX.1987",
  "año": "1987",
  "precioCRC": "250000",
  "marca": "HONDA",
  "modelo": "ACCORD DX"
}