{
  "Cilindrada": "1600",
  "Estilo": "Todo Terreno 4x4",
  "Combustible": "Gasolina",
  "Transmisión": "Manual",
  "Estado": "Muy Bueno",
  "Kilometraje": "ND",
  "Placa": "Termina en 6",
  "Color exterior": "BLANCO",
  "Color interior": "GRIS",
  "# de puertas": "2",
  "Ya pagó impuestos": "SI",
  "Precio negociable": "NO",
  "Se recibe vehículo": "NO",
  "Provincia": "San José",
  "Fecha de ingreso": "09 de Setiembre del 2020",
  "visto": "1727",
  "detalles": "En muy buen estado exelente doble traccion",
  "img": "https://crautos.com/clasificados/usados/85200046-1.jpg",
  "url": "https://crautos.com/autosusados/cardetail.cfm?c=85200046&Geo.TRACKER.1989",
  "año": "1989",
  "precioCRC": "1600000",
  "marca": "GEO",
  "modelo": "TRACKER"
}