{
  "Cilindrada": "1300",
  "Estilo": "Sedán",
  "Combustible": "Gasolina",
  "Transmisión": "Automática/Dual",
  "Estado": "Excelente",
  "Kilometraje": "174",
  "Placa": "Termina en 0",
  "Color exterior": "BLANCO",
  "Color interior": "GRIS",
  "# de puertas": "4",
  "Ya pagó impuestos": "SI",
  "Precio negociable": "NO",
  "Se recibe vehículo": "NO",
  "Provincia": "Cartago",
  "Fecha de ingreso": "07 de Setiembre del 2020",
  "visto": "920",
  "detalles": "Vendo geo metro automatico muy bien de motor y caja negosiable al dia",
  "img": "https://crautos.com/clasificados/usados/27279878-1.jpg",
  "url": "https://crautos.com/autosusados/cardetail.cfm?c=27279878&Geo.METRO.1998",
  "año": "1998",
  "precioCRC": "1200000",
  "marca": "GEO",
  "modelo": "METRO"
}