{
  "Cilindrada": "800",
  "Estilo": "Pánel",
  "Combustible": "Gasolina",
  "Transmisión": "Manual",
  "Estado": "Muy Bueno",
  "Kilometraje": "ND",
  "Placa": "Termina en 7",
  "Color exterior": "BLANCO",
  "Color interior": "BLANCO",
  "# de puertas": "5",
  "Ya pagó impuestos": "SI",
  "Precio negociable": "SI",
  "Se recibe vehículo": "NO",
  "Provincia": "San José",
  "Fecha de ingreso": "19 de Agosto del 2020",
  "visto": "1162",
  "detalles": "Excelentes condiciones",
  "img": "https://crautos.com/clasificados/usados/27941750-1.jpg",
  "url": "https://crautos.com/autosusados/cardetail.cfm?c=27941750&Daewoo.DAMAS%20SUPER.1996",
  "año": "1996",
  "precioCRC": "1600000",
  "marca": "DAEWOO",
  "modelo": "DAMAS SUPER"
}