{
  "Cilindrada": "1500",
  "Estilo": "Sedán",
  "Combustible": "Gasolina",
  "Transmisión": "Manual",
  "Estado": "Muy Bueno",
  "Kilometraje": "306691",
  "Placa": "Termina en 5",
  "Color exterior": "ROSADO",
  "Color interior": "GRIS",
  "# de puertas": "4",
  "Ya pagó impuestos": "SI",
  "Precio negociable": "SI",
  "Se recibe vehículo": "NO",
  "Provincia": "Heredia",
  "Fecha de ingreso": "31 de Agosto del 2020",
  "visto": "702",
  "detalles": "SE ACEPTA OTRO VEHICULO DE MENOR VALOR.-",
  "img": "https://crautos.com/clasificados/usados/96857162-1.jpg",
  "url": "https://crautos.com/autosusados/cardetail.cfm?c=96857162&Hyundai.ACCENT.1999",
  "año": "1999",
  "precioCRC": "1600000",
  "marca": "HYUNDAI",
  "modelo": "ACCENT"
}