{
  "Cilindrada": "1800",
  "Estilo": "Hatchback",
  "Combustible": "Gasolina",
  "Transmisión": "Manual",
  "Estado": "Bueno",
  "Kilometraje": "164000",
  "Placa": "Termina en 2",
  "Color exterior": "BLANCO",
  "Color interior": "NEGRO",
  "# de puertas": "5",
  "Ya pagó impuestos": "SI",
  "Precio negociable": "SI",
  "Se recibe vehículo": "NO",
  "Provincia": "Cartago",
  "Fecha de ingreso": "06 de Agosto del 2020",
  "visto": "1292",
  "img": "https://crautos.com/clasificados/usados/66758481-1.jpg",
  "url": "https://crautos.com/autosusados/cardetail.cfm?c=66758481&Fiat.STILO.2006",
  "año": "2006",
  "precioCRC": "1800000",
  "marca": "FIAT",
  "modelo": "STILO"
}