{
  "Cilindrada": "1600",
  "Estilo": "Sedán",
  "Combustible": "Gasolina",
  "Transmisión": "Manual",
  "Estado": "Excelente",
  "Kilometraje": "150000",
  "Placa": "Termina en 7",
  "Color exterior": "VINO",
  "Color interior": "GRIS",
  "# de puertas": "4",
  "Ya pagó impuestos": "SI",
  "Precio negociable": "SI",
  "Se recibe vehículo": "NO",
  "Provincia": "San José",
  "Fecha de ingreso": "22 de Setiembre del 2020",
  "visto": "330",
  "detalles": "Vehículo en muy buen estado",
  "img": "https://crautos.com/clasificados/usados/68068394-1.jpg",
  "url": "https://crautos.com/autosusados/cardetail.cfm?c=68068394&Nissan.SENTRA.1997",
  "año": "1997",
  "precioCRC": "1400000",
  "marca": "NISSAN",
  "modelo": "SENTRA"
}