{
  "Cilindrada": "2000",
  "Estilo": "Sedán",
  "Combustible": "Gasolina",
  "Transmisión": "Manual",
  "Estado": "Excelente",
  "Kilometraje": "34500",
  "Placa": "Termina en 7",
  "Color exterior": "BLANCO",
  "Color interior": "AZUL",
  "# de puertas": "4",
  "Ya pagó impuestos": "SI",
  "Precio negociable": "SI",
  "Se recibe vehículo": "NO",
  "Provincia": "San José",
  "Fecha de ingreso": "15 de Julio del 2020",
  "visto": "1670",
  "detalles": "Cambio por pick up o algo de mi interés, excelente carro-economico- MOTOS NO.",
  "img": "https://crautos.com/clasificados/usados/90106123-1.jpg",
  "url": "https://crautos.com/autosusados/cardetail.cfm?c=90106123&Nissan.STANZA%20GXE.1988",
  "año": "1988",
  "precioCRC": "800000",
  "marca": "NISSAN",
  "modelo": "STANZA GXE"
}