{
  "Cilindrada": "1800",
  "Estilo": "Sedán",
  "Combustible": "Gasolina",
  "Transmisión": "Manual",
  "Estado": "Excelente",
  "Kilometraje": "181190",
  "Placa": "Termina en 5",
  "Color exterior": "BLANCO",
  "Color interior": "NEGRO",
  "# de puertas": "5",
  "Ya pagó impuestos": "SI",
  "Precio negociable": "NO",
  "Se recibe vehículo": "NO",
  "Provincia": "Alajuela",
  "Fecha de ingreso": "13 de Agosto del 2020",
  "visto": "836",
  "detalles": "En excelentes condiciones full extras. Puedo recibir cuadraciclo de mi agrado y dar vuelto",
  "img": "https://crautos.com/clasificados/usados/44903238-1.jpg",
  "url": "https://crautos.com/autosusados/cardetail.cfm?c=44903238&Toyota.COROLLA.1993",
  "año": "1993",
  "precioCRC": "1800000",
  "marca": "TOYOTA",
  "modelo": "COROLLA"
}