{
  "Cilindrada": "1500",
  "Estilo": "Sedán",
  "Combustible": "Gasolina",
  "Transmisión": "Manual",
  "Estado": "Muy Bueno",
  "Kilometraje": "192000",
  "Placa": "Termina en 4",
  "Color exterior": "CELESTE",
  "Color interior": "GRIS",
  "# de puertas": "5",
  "Ya pagó impuestos": "SI",
  "Precio negociable": "SI",
  "Se recibe vehículo": "NO",
  "Provincia": "Alajuela",
  "Fecha de ingreso": "02 de Octubre del 2020",
  "visto": "10",
  "detalles": "Se recibe pickup y se puede dar vuelto",
  "img": "https://crautos.com/clasificados/usados/50678041-1.jpg",
  "url": "https://crautos.com/autosusados/cardetail.cfm?c=50678041&Honda.CIVIC.1985",
  "año": "1985",
  "precioCRC": "750000",
  "marca": "HONDA",
  "modelo": "CIVIC"
}