{
  "Cilindrada": "1800",
  "Estilo": "Sedán",
  "Combustible": "Gasolina",
  "Transmisión": "Manual",
  "Estado": "Regular",
  "Kilometraje": "130000",
  "Placa": "Termina en 0",
  "Color exterior": "GRIS",
  "Color interior": "GRIS",
  "# de puertas": "4",
  "Ya pagó impuestos": "SI",
  "Precio negociable": "SI",
  "Se recibe vehículo": "NO",
  "Provincia": "San José",
  "Fecha de ingreso": "15 de Setiembre del 2020",
  "visto": "625",
  "detalles": "Pagar tres marchamos - reparar punta de eje bomba freno y batería y algunos detalles pequeños",
  "img": "https://crautos.com/clasificados/usados/85576581-1.jpg",
  "url": "https://crautos.com/autosusados/cardetail.cfm?c=85576581&Kia.SEPHIA.2001",
  "año": "2001",
  "precioCRC": "800000",
  "marca": "KIA",
  "modelo": "SEPHIA"
}