{
  "Cilindrada": "1600",
  "Estilo": "Sedán",
  "Combustible": "Gasolina",
  "Transmisión": "Manual",
  "Estado": "Muy Bueno",
  "Kilometraje": "150000",
  "Placa": "Termina en 7",
  "Color exterior": "DORADO",
  "Color interior": "GRIS",
  "# de puertas": "4",
  "Ya pagó impuestos": "SI",
  "Precio negociable": "SI",
  "Se recibe vehículo": "NO",
  "Provincia": "Guanacaste",
  "Fecha de ingreso": "07 de Setiembre del 2020",
  "visto": "509",
  "detalles": "Ubicado en Liberia barrio la guaria",
  "img": "https://crautos.com/clasificados/usados/35905017-1.jpg",
  "url": "https://crautos.com/autosusados/cardetail.cfm?c=35905017&Nissan.SENTRA.1997",
  "año": "1997",
  "precioCRC": "1600000",
  "marca": "NISSAN",
  "modelo": "SENTRA"
}