{
  "Cilindrada": "2000",
  "Estilo": "Pickup 4x2",
  "Combustible": "Diesel",
  "Transmisión": "Manual",
  "Estado": "Bueno",
  "Kilometraje": "99999",
  "Placa": "Termina en 4",
  "Color exterior": "ROJO",
  "Color interior": "GRIS",
  "# de puertas": "2",
  "Ya pagó impuestos": "SI",
  "Precio negociable": "SI",
  "Se recibe vehículo": "NO",
  "Provincia": "San José",
  "Fecha de ingreso": "17 de Setiembre del 2020",
  "visto": "552",
  "detalles": "Esta en Acosta",
  "img": "https://crautos.com/clasificados/usados/45028649-1.jpg",
  "url": "https://crautos.com/autosusados/cardetail.cfm?c=45028649&Chevrolet.LUV.1981",
  "año": "1981",
  "precioCRC": "1600000",
  "marca": "CHEVROLET",
  "modelo": "LUV"
}