{
  "Cilindrada": "1500",
  "Estilo": "Sedán",
  "Combustible": "Gasolina",
  "Transmisión": "Manual",
  "Estado": "Bueno",
  "Kilometraje": "503478",
  "Placa": "Termina en 4",
  "Color exterior": "BLANCO",
  "Color interior": "BLANCO - GRIS",
  "# de puertas": "4",
  "Ya pagó impuestos": "SI",
  "Precio negociable": "SI",
  "Se recibe vehículo": "NO",
  "Provincia": "Cartago",
  "Fecha de ingreso": "16 de Setiembre del 2020",
  "visto": "305",
  "detalles": "Al día con firma de inmediato",
  "img": "https://crautos.com/rimages/nopiclg.jpg",
  "url": "https://crautos.com/autosusados/cardetail.cfm?c=20851999&Hyundai.EXCEL%20GL%20.1994",
  "año": "1994",
  "precioCRC": "600000",
  "marca": "HYUNDAI",
  "modelo": "EXCEL GL"
}