{
  "Cilindrada": "1500",
  "Estilo": "Sedán",
  "Combustible": "Gasolina",
  "Transmisión": "Manual",
  "Estado": "Muy Bueno",
  "Kilometraje": "ND",
  "Placa": "ND",
  "Color exterior": "GRIS",
  "Color interior": "NEGRO",
  "# de puertas": "4",
  "Ya pagó impuestos": "SI",
  "Precio negociable": "SI",
  "Se recibe vehículo": "NO",
  "Provincia": "San José",
  "Fecha de ingreso": "04 de Agosto del 2020",
  "visto": "613",
  "detalles": "Marchamo y RITEVE al dia se vende pq ya se adquirio nuevo carro. No se usa.",
  "img": "https://crautos.com/rimages/nopiclg.jpg",
  "url": "https://crautos.com/autosusados/cardetail.cfm?c=19148695&Hyundai.ELANTRA.1991",
  "año": "1991",
  "precioCRC": "950000",
  "marca": "HYUNDAI",
  "modelo": "ELANTRA"
}