{
  "Cilindrada": "1400",
  "Estilo": "Sedán",
  "Combustible": "Gasolina",
  "Transmisión": "Manual",
  "Estado": "Excelente",
  "Kilometraje": "170000",
  "Placa": "Termina en 2",
  "Color exterior": "AZUL",
  "Color interior": "GRIS",
  "# de puertas": "4",
  "Ya pagó impuestos": "SI",
  "Precio negociable": "SI",
  "Se recibe vehículo": "NO",
  "Provincia": "San José",
  "Fecha de ingreso": "08 de Setiembre del 2020",
  "visto": "1434",
  "detalles": "Tiene un gravamen.",
  "img": "https://crautos.com/clasificados/usados/29698635-1.jpg",
  "url": "https://crautos.com/autosusados/cardetail.cfm?c=29698635&Fiat.PUNTO%20SX.2002",
  "año": "2002",
  "precioCRC": "900000",
  "marca": "FIAT",
  "modelo": "PUNTO SX"
}