{
  "Cilindrada": "2000",
  "Estilo": "Todo Terreno 4x4",
  "Combustible": "Gasolina",
  "Transmisión": "Manual",
  "Estado": "Muy Bueno",
  "Kilometraje": "1",
  "Placa": "Termina en 6",
  "Color exterior": "NEGRO",
  "Color interior": "NEGRO",
  "# de puertas": "2",
  "Ya pagó impuestos": "SI",
  "Precio negociable": "SI",
  "Se recibe vehículo": "NO",
  "Provincia": "San José",
  "Fecha de ingreso": "04 de Setiembre del 2020",
  "visto": "1595",
  "img": "https://crautos.com/clasificados/usados/51346445-1.jpg",
  "url": "https://crautos.com/autosusados/cardetail.cfm?c=51346445&Dodge/RAM.RAIDER.1987",
  "año": "1987",
  "precioCRC": "1500000",
  "marca": "DODGE/RAM",
  "modelo": "RAIDER"
}