{
  "Cilindrada": "1300",
  "Estilo": "Sedán",
  "Combustible": "Gasolina",
  "Transmisión": "Manual",
  "Estado": "Regular",
  "Kilometraje": "ND",
  "Placa": "Termina en",
  "Color exterior": "BLANCO",
  "Color interior": "GRIS",
  "# de puertas": "2",
  "Ya pagó impuestos": "SI",
  "Precio negociable": "NO",
  "Se recibe vehículo": "NO",
  "Provincia": "Alajuela",
  "Fecha de ingreso": "18 de Setiembre del 2020",
  "visto": "889",
  "detalles": "El carro camina ppero se tiene que reparar motor  Rtv vencio en agosto",
  "img": "https://crautos.com/clasificados/usados/99932396-1.jpg",
  "url": "https://crautos.com/autosusados/cardetail.cfm?c=99932396&Nissan.SENTRA%20B12%20.1990",
  "año": "1990",
  "precioCRC": "550000",
  "marca": "NISSAN",
  "modelo": "SENTRA B12"
}