{
  "Cilindrada": "1500",
  "Estilo": "Sedán",
  "Combustible": "Gasolina",
  "Transmisión": "Manual",
  "Estado": "Muy Bueno",
  "Kilometraje": "37700",
  "Placa": "Termina en 1",
  "Color exterior": "GRIS CLARO",
  "Color interior": "GRIS",
  "# de puertas": "4",
  "Ya pagó impuestos": "SI",
  "Precio negociable": "SI",
  "Se recibe vehículo": "NO",
  "Provincia": "Heredia",
  "Fecha de ingreso": "08 de Setiembre del 2020",
  "visto": "551",
  "detalles": "Recién pintado y con varios accesorio en extras.",
  "img": "https://crautos.com/clasificados/usados/62240673-1.jpg",
  "url": "https://crautos.com/autosusados/cardetail.cfm?c=62240673&Honda.CIVIC%20EX.1993",
  "año": "1993",
  "precioCRC": "1750000",
  "marca": "HONDA",
  "modelo": "CIVIC EX"
}