{
  "Cilindrada": "2500",
  "Estilo": "Todo Terreno 4x4",
  "Combustible": "Diesel",
  "Transmisión": "Manual",
  "Estado": "Muy Bueno",
  "Kilometraje": "ND",
  "Placa": "Termina en 5",
  "Color exterior": "VINO",
  "Color interior": "NEGRO Y VINO",
  "# de puertas": "2",
  "Ya pagó impuestos": "SI",
  "Precio negociable": "SI",
  "Se recibe vehículo": "NO",
  "Provincia": "San José",
  "Fecha de ingreso": "02 de Setiembre del 2020",
  "visto": "2665",
  "detalles": "Mitsubishe jeep willys todo terreno diésel original asientos de cuero eléctrico llantas nuevas todas",
  "img": "https://crautos.com/clasificados/usados/52110748-1.jpg",
  "url": "https://crautos.com/autosusados/cardetail.cfm?c=52110748&Mitsubishi.JEEP%20.1978",
  "año": "1978",
  "precioCRC": "1600000",
  "marca": "JEEP",
  "modelo": "MITSUBISHI"
}