{
  "Cilindrada": "2000",
  "Estilo": "Hatchback",
  "Combustible": "Gasolina",
  "Transmisión": "Manual",
  "Estado": "Bueno",
  "Kilometraje": "307000",
  "Placa": "Termina en 1",
  "Color exterior": "VERDE",
  "Color interior": "NEGRO",
  "# de puertas": "3",
  "Ya pagó impuestos": "SI",
  "Precio negociable": "SI",
  "Se recibe vehículo": "NO",
  "Provincia": "San José",
  "Fecha de ingreso": "31 de Agosto del 2020",
  "visto": "981",
  "detalles": "Carro en buen estado general",
  "img": "https://crautos.com/clasificados/usados/54975694-1.jpg",
  "url": "https://crautos.com/autosusados/cardetail.cfm?c=54975694&Eagle.TALON.1994",
  "año": "1994",
  "precioCRC": "1000000",
  "marca": "EAGLE",
  "modelo": "TALON"
}