{
  "Cilindrada": "1500",
  "Estilo": "Sedán",
  "Combustible": "Gasolina",
  "Transmisión": "Automática/Dual",
  "Estado": "Bueno",
  "Kilometraje": "162126",
  "Placa": "Termina en 6",
  "Color exterior": "AZUL",
  "Color interior": "GRIS",
  "# de puertas": "4",
  "Ya pagó impuestos": "SI",
  "Precio negociable": "SI",
  "Se recibe vehículo": "NO",
  "Provincia": "Alajuela",
  "Fecha de ingreso": "11 de Setiembre del 2020",
  "visto": "811",
  "detalles": "MUY BUEN ESTADO-PUEDO RECIBIR A MI GUSTO Y VUELTO A MI FAVOR",
  "img": "https://crautos.com/clasificados/usados/54140856-1.jpg",
  "url": "https://crautos.com/autosusados/cardetail.cfm?c=54140856&Honda.CIVIC.1994",
  "año": "1994",
  "precioCRC": "1500000",
  "marca": "HONDA",
  "modelo": "CIVIC"
}