{
  "Cilindrada": "2000",
  "Estilo": "Sedán",
  "Combustible": "Gasolina",
  "Transmisión": "Automática/Dual",
  "Estado": "Regular",
  "Kilometraje": "200000",
  "Placa": "Termina en 3",
  "Color exterior": "BLANCO",
  "Color interior": "NEGRO",
  "# de puertas": "4",
  "Ya pagó impuestos": "SI",
  "Precio negociable": "SI",
  "Se recibe vehículo": "NO",
  "Provincia": "Alajuela",
  "Fecha de ingreso": "31 de Agosto del 2020",
  "visto": "2859",
  "detalles": "Negociable. Motor bien. Fallo en caja de cambios y llavin",
  "img": "https://crautos.com/clasificados/usados/93405166-1.jpg",
  "url": "https://crautos.com/autosusados/cardetail.cfm?c=93405166&Mercedes%20Benz.C200.1999",
  "año": "1999",
  "precioCRC": "1200000",
  "marca": "MERCEDES",
  "modelo": "BENZ C200"
}