{
  "Cilindrada": "1800",
  "Estilo": "Microbús/Minivan",
  "Combustible": "Gasolina",
  "Transmisión": "Manual",
  "Estado": "Bueno",
  "Kilometraje": "ND",
  "Placa": "Termina en 8",
  "Color exterior": "GRIS",
  "Color interior": "CAFÉ CLARO",
  "# de puertas": "5",
  "Ya pagó impuestos": "SI",
  "Precio negociable": "NO",
  "Se recibe vehículo": "NO",
  "Provincia": "San José",
  "Fecha de ingreso": "13 de Agosto del 2020",
  "visto": "1036",
  "detalles": "Se vende por falta de espacio no la uso",
  "img": "https://crautos.com/clasificados/usados/62649885-1.jpg",
  "url": "https://crautos.com/autosusados/cardetail.cfm?c=62649885&Nissan.VANETTE.1990",
  "año": "1990",
  "precioCRC": "1600000",
  "marca": "NISSAN",
  "modelo": "VANETTE"
}