{
  "Cilindrada": "1000",
  "Estilo": "Sedán",
  "Combustible": "Gasolina",
  "Transmisión": "Manual",
  "Estado": "Regular",
  "Kilometraje": "90000",
  "Placa": "ND",
  "Color exterior": "BLANCO",
  "Color interior": "GRIS",
  "# de puertas": "4",
  "Ya pagó impuestos": "SI",
  "Precio negociable": "SI",
  "Se recibe vehículo": "NO",
  "Provincia": "Heredia",
  "Fecha de ingreso": "28 de Agosto del 2020",
  "visto": "2372",
  "detalles": "debe dos march,tiene problemas electricos,detalles de pintura,llantas nuevas,firma inmediata,",
  "img": "https://crautos.com/clasificados/usados/37990340-1.jpg",
  "url": "https://crautos.com/autosusados/cardetail.cfm?c=37990340&Suzuki.ALTO.2006",
  "año": "2006",
  "precioCRC": "1300000",
  "marca": "SUZUKI",
  "modelo": "ALTO"
}