{
  "Cilindrada": "1600",
  "Estilo": "Sedán",
  "Combustible": "Gasolina",
  "Transmisión": "Manual",
  "Estado": "Muy Bueno",
  "Kilometraje": "111111",
  "Placa": "Termina en 7",
  "Color exterior": "AZUL",
  "Color interior": "GRIS",
  "# de puertas": "4",
  "Ya pagó impuestos": "SI",
  "Precio negociable": "SI",
  "Se recibe vehículo": "NO",
  "Provincia": "San José",
  "Fecha de ingreso": "14 de Agosto del 2020",
  "visto": "519",
  "detalles": "todo al dia  en muy  buenas condiciones",
  "img": "https://crautos.com/rimages/nopiclg.jpg",
  "url": "https://crautos.com/autosusados/cardetail.cfm?c=84492991&Toyota.COROLLA.1989",
  "año": "1989",
  "precioCRC": "1100000",
  "marca": "TOYOTA",
  "modelo": "COROLLA"
}