{
  "Cilindrada": "2200",
  "Estilo": "Microbús/Minivan",
  "Combustible": "Diesel",
  "Transmisión": "Manual",
  "Estado": "Muy Bueno",
  "Kilometraje": "156000",
  "Placa": "Termina en 5",
  "Color exterior": "BLANCO",
  "Color interior": "GRIS",
  "# de puertas": "3",
  "Ya pagó impuestos": "SI",
  "Precio negociable": "SI",
  "Se recibe vehículo": "NO",
  "Provincia": "San José",
  "Fecha de ingreso": "02 de Octubre del 2020",
  "visto": "3",
  "detalles": "Al día sin gravámenes negociable",
  "img": "https://crautos.com/rimages/nopiclg.jpg",
  "url": "https://crautos.com/autosusados/cardetail.cfm?c=12055309&Kia.BESTA.1991",
  "año": "1991",
  "precioCRC": "1350000",
  "marca": "KIA",
  "modelo": "BESTA"
}