{
  "Cilindrada": "1600",
  "Estilo": "Sedán",
  "Combustible": "Gasolina",
  "Transmisión": "Manual",
  "Estado": "Excelente",
  "Kilometraje": "458624",
  "Placa": "Termina en 5",
  "Color exterior": "ROJO",
  "Color interior": "GRIS",
  "# de puertas": "5",
  "Ya pagó impuestos": "SI",
  "Precio negociable": "NO",
  "Se recibe vehículo": "NO",
  "Provincia": "San José",
  "Fecha de ingreso": "24 de Setiembre del 2020",
  "visto": "496",
  "detalles": "El carro tiene llantas nuevas y luces led. Debe RTV de este año",
  "img": "https://crautos.com/clasificados/usados/40110760-1.jpg",
  "url": "https://crautos.com/autosusados/cardetail.cfm?c=40110760&Toyota.COROLLA%20XLI.1999",
  "año": "1999",
  "precioCRC": "1300000",
  "marca": "TOYOTA",
  "modelo": "COROLLA XLI"
}