{
  "Cilindrada": "2200",
  "Estilo": "Sedán",
  "Combustible": "Gasolina",
  "Transmisión": "Manual",
  "Estado": "Bueno",
  "Kilometraje": "190000",
  "Placa": "Termina en",
  "Color exterior": "BEIGE",
  "Color interior": "GRIS",
  "# de puertas": "4",
  "Ya pagó impuestos": "SI",
  "Precio negociable": "SI",
  "Se recibe vehículo": "NO",
  "Provincia": "San José",
  "Fecha de ingreso": "12 de Agosto del 2020",
  "visto": "1215",
  "detalles": "Totalmente al dia.. Firma inmediata.. Esta circulando.. Leer tiene embargo... Q se esta pagando",
  "img": "https://crautos.com/clasificados/usados/32101453-1.jpg",
  "url": "https://crautos.com/autosusados/cardetail.cfm?c=32101453&Mazda.626%20DX.1990",
  "año": "1990",
  "precioCRC": "750000",
  "marca": "MAZDA",
  "modelo": "626 DX"
}