{
  "Cilindrada": "1600",
  "Estilo": "Sedán",
  "Combustible": "Gasolina",
  "Transmisión": "Manual",
  "Estado": "Muy Bueno",
  "Kilometraje": "171493",
  "Placa": "Termina en 1",
  "Color exterior": "VINO",
  "Color interior": "CREMA",
  "# de puertas": "4",
  "Ya pagó impuestos": "SI",
  "Precio negociable": "SI",
  "Se recibe vehículo": "NO",
  "Provincia": "Alajuela",
  "Fecha de ingreso": "16 de Setiembre del 2020",
  "visto": "414",
  "detalles": "Vendo nissan sentra manual cuatro puertas todo al dia sin enrredos firma de una vez llantas delanter",
  "img": "https://crautos.com/clasificados/usados/96719722-1.jpg",
  "url": "https://crautos.com/autosusados/cardetail.cfm?c=96719722&Nissan.SENTRA.1996",
  "año": "1996",
  "precioCRC": "1600000",
  "marca": "NISSAN",
  "modelo": "SENTRA"
}