{
  "Cilindrada": "1600",
  "Estilo": "Microbús/Minivan",
  "Combustible": "Diesel",
  "Transmisión": "Manual",
  "Estado": "Regular",
  "Kilometraje": "160000",
  "Placa": "ND",
  "Color exterior": "GRIS",
  "Color interior": "NEGRO",
  "# de puertas": "4",
  "Ya pagó impuestos": "SI",
  "Precio negociable": "SI",
  "Se recibe vehículo": "NO",
  "Provincia": "Puntarenas",
  "Fecha de ingreso": "23 de Setiembre del 2020",
  "visto": "309",
  "detalles": "NECESITA PINTURA ,Y ESTA PARA PONER AL DIA , RECUPERAR PLCA Y PAGAR MARCHAMO .",
  "img": "https://crautos.com/rimages/nopiclg.jpg",
  "url": "https://crautos.com/autosusados/cardetail.cfm?c=25193367&Hyundai.STAREX.2002",
  "año": "2002",
  "precioCRC": "900000",
  "marca": "HYUNDAI",
  "modelo": "STAREX"
}