{
  "Cilindrada": "1600",
  "Estilo": "Sedán",
  "Combustible": "Gasolina",
  "Transmisión": "Manual",
  "Estado": "Excelente",
  "Kilometraje": "124858",
  "Placa": "Termina en 6",
  "Color exterior": "CHAMPAGNE",
  "Color interior": "GRIS",
  "# de puertas": "5",
  "Ya pagó impuestos": "SI",
  "Precio negociable": "SI",
  "Se recibe vehículo": "NO",
  "Provincia": "Heredia",
  "Fecha de ingreso": "18 de Setiembre del 2020",
  "visto": "208",
  "detalles": "Urge vender precio negociable",
  "img": "https://crautos.com/clasificados/usados/20223385-1.jpg",
  "url": "https://crautos.com/autosusados/cardetail.cfm?c=20223385&Mazda.323F.1998",
  "año": "1998",
  "precioCRC": "1750000",
  "marca": "MAZDA",
  "modelo": "323F"
}