{
  "Cilindrada": "2200",
  "Estilo": "Sedán",
  "Combustible": "Gasolina",
  "Transmisión": "Automática/Dual",
  "Estado": "Excelente",
  "Kilometraje": "200000",
  "Placa": "Termina en 1",
  "Color exterior": "NEGRO",
  "Color interior": "BEIGE",
  "# de puertas": "2",
  "Ya pagó impuestos": "SI",
  "Precio negociable": "NO",
  "Se recibe vehículo": "NO",
  "Provincia": "Alajuela",
  "Fecha de ingreso": "18 de Agosto del 2020",
  "visto": "1512",
  "detalles": "Excelente estado",
  "img": "https://crautos.com/clasificados/usados/32648037-1.jpg",
  "url": "https://crautos.com/autosusados/cardetail.cfm?c=32648037&Honda.ACCORD.1994",
  "año": "1994",
  "precioCRC": "1400000",
  "marca": "HONDA",
  "modelo": "ACCORD"
}