{
  "Cilindrada": "1500",
  "Estilo": "Sedán",
  "Combustible": "Gasolina",
  "Transmisión": "Manual",
  "Estado": "Muy Bueno",
  "Kilometraje": "382000",
  "Placa": "Termina en 9",
  "Color exterior": "AZUL",
  "Color interior": "GRIS",
  "# de puertas": "4",
  "Ya pagó impuestos": "SI",
  "Precio negociable": "SI",
  "Se recibe vehículo": "NO",
  "Provincia": "Heredia",
  "Fecha de ingreso": "28 de Setiembre del 2020",
  "visto": "88",
  "detalles": "En muy buen estado se ha cuidado mucho y dado un buen mantenimiento stock.",
  "img": "https://crautos.com/clasificados/usados/39178596-1.jpg",
  "url": "https://crautos.com/autosusados/cardetail.cfm?c=39178596&Honda.CIVIC.1995",
  "año": "1995",
  "precioCRC": "1690000",
  "marca": "HONDA",
  "modelo": "CIVIC"
}