{
  "Cilindrada": "1600",
  "Estilo": "Station Wagon",
  "Combustible": "Gasolina",
  "Transmisión": "Manual",
  "Estado": "Bueno",
  "Kilometraje": "77288",
  "Placa": "Termina en 4",
  "Color exterior": "ROJO",
  "Color interior": "NEGRO",
  "# de puertas": "4",
  "Ya pagó impuestos": "SI",
  "Precio negociable": "SI",
  "Se recibe vehículo": "NO",
  "Provincia": "San José",
  "Fecha de ingreso": "10 de Setiembre del 2020",
  "visto": "344",
  "detalles": "Se vende barato para que lo pongan al día debe riteve y marchamo el precio es bien negociable",
  "img": "https://crautos.com/rimages/nopiclg.jpg",
  "url": "https://crautos.com/autosusados/cardetail.cfm?c=95840342&Suzuki.SIDEKICK.1992",
  "año": "1992",
  "precioCRC": "1600000",
  "marca": "SUZUKI",
  "modelo": "SIDEKICK"
}