{
  "Cilindrada": "1500",
  "Estilo": "Sedán",
  "Combustible": "Gasolina",
  "Transmisión": "Manual",
  "Estado": "Muy Bueno",
  "Kilometraje": "323104",
  "Placa": "Termina en 1",
  "Color exterior": "VERDE",
  "Color interior": "GRIS",
  "# de puertas": "5",
  "Ya pagó impuestos": "SI",
  "Precio negociable": "SI",
  "Se recibe vehículo": "NO",
  "Provincia": "San José",
  "Fecha de ingreso": "04 de Agosto del 2020",
  "visto": "809",
  "detalles": "Llantas nuevas todas y bateríanueva  muy bien d motor y tiene volante deportivo es muy económico.",
  "img": "https://crautos.com/clasificados/usados/23690319-1.jpg",
  "url": "https://crautos.com/autosusados/cardetail.cfm?c=23690319&Hyundai.ACCENT%20VERNA.1999",
  "año": "1999",
  "precioCRC": "1675000",
  "marca": "HYUNDAI",
  "modelo": "ACCENT VERNA"
}