{
  "Cilindrada": "1600",
  "Estilo": "Sedán",
  "Combustible": "Gasolina",
  "Transmisión": "Manual",
  "Estado": "Excelente",
  "Kilometraje": "215000",
  "Placa": "Termina en 1",
  "Color exterior": "CHAMPAGNE",
  "Color interior": "GRIS",
  "# de puertas": "4",
  "Ya pagó impuestos": "SI",
  "Precio negociable": "SI",
  "Se recibe vehículo": "NO",
  "Provincia": "Heredia",
  "Fecha de ingreso": "15 de Setiembre del 2020",
  "visto": "476",
  "detalles": "El auto está en perfectas condiciones se pinto hace  meses el tiene una anotación se vende o se camb",
  "img": "https://crautos.com/clasificados/usados/43253487-1.jpg",
  "url": "https://crautos.com/autosusados/cardetail.cfm?c=43253487&Mazda.323.1996",
  "año": "1996",
  "precioCRC": "1300000",
  "marca": "MAZDA",
  "modelo": "323"
}