{
  "Cilindrada": "1500",
  "Estilo": "Sedán",
  "Combustible": "Gasolina",
  "Transmisión": "Manual",
  "Estado": "Muy Bueno",
  "Kilometraje": "182000",
  "Placa": "Termina en 4",
  "Color exterior": "ROJO",
  "Color interior": "GRIS",
  "# de puertas": "2",
  "Ya pagó impuestos": "SI",
  "Precio negociable": "SI",
  "Se recibe vehículo": "NO",
  "Provincia": "San José",
  "Fecha de ingreso": "16 de Setiembre del 2020",
  "visto": "325",
  "detalles": "Muy Cuidado Aire acondicionado Radio Aros lujo",
  "img": "https://crautos.com/clasificados/usados/55138403-1.jpg",
  "url": "https://crautos.com/autosusados/cardetail.cfm?c=55138403&Toyota.TERCEL%20.1992",
  "año": "1992",
  "precioCRC": "1300000",
  "marca": "TOYOTA",
  "modelo": "TERCEL"
}