{
  "Cilindrada": "1500",
  "Estilo": "Sedán",
  "Combustible": "Gasolina",
  "Transmisión": "Manual",
  "Estado": "Excelente",
  "Kilometraje": "99000",
  "Placa": "ND",
  "Color exterior": "GRIS",
  "Color interior": "BEAGE",
  "# de puertas": "2",
  "Ya pagó impuestos": "SI",
  "Precio negociable": "SI",
  "Se recibe vehículo": "NO",
  "Provincia": "San José",
  "Fecha de ingreso": "31 de Agosto del 2020",
  "visto": "679",
  "detalles": "HOJA DE RTV EN BLANCO AC EN FUNCIONAMIENTO DEPENDIENDO DEL PRECIO DE VENTA SE AYUDA CON EL TRASPASO",
  "img": "https://crautos.com/clasificados/usados/75426411-1.jpg",
  "url": "https://crautos.com/autosusados/cardetail.cfm?c=75426411&Toyota.TERCEL.1995",
  "año": "1995",
  "precioCRC": "1750000",
  "marca": "TOYOTA",
  "modelo": "TERCEL"
}