{
  "Cilindrada": "1500",
  "Estilo": "Sedán",
  "Combustible": "Gasolina",
  "Transmisión": "Manual",
  "Estado": "Excelente",
  "Kilometraje": "ND",
  "Placa": "Termina en 9",
  "Color exterior": "VERDE",
  "Color interior": "VERDE",
  "# de puertas": "5",
  "Ya pagó impuestos": "SI",
  "Precio negociable": "NO",
  "Se recibe vehículo": "NO",
  "Provincia": "San José",
  "Fecha de ingreso": "23 de Setiembre del 2020",
  "visto": "185",
  "detalles": "Vendo euroaccent . Recien pentado. Llantas nuevas. Aros de lujo.",
  "img": "https://crautos.com/clasificados/usados/13827673-1.jpg",
  "url": "https://crautos.com/autosusados/cardetail.cfm?c=13827673&Hyundai.ACCENT%20.1998",
  "año": "1998",
  "precioCRC": "1450000",
  "marca": "HYUNDAI",
  "modelo": "ACCENT"
}