{
  "Cilindrada": "1600",
  "Estilo": "Sedán",
  "Combustible": "Gasolina",
  "Transmisión": "Manual",
  "Estado": "Bueno",
  "Kilometraje": "230000",
  "Placa": "Termina en 6",
  "Color exterior": "ROJO",
  "Color interior": "GRIS",
  "# de puertas": "2",
  "Ya pagó impuestos": "SI",
  "Precio negociable": "SI",
  "Se recibe vehículo": "NO",
  "Provincia": "San José",
  "Fecha de ingreso": "30 de Setiembre del 2020",
  "visto": "85",
  "detalles": "Rtv al dia",
  "img": "https://crautos.com/clasificados/usados/36911197-1.jpg",
  "url": "https://crautos.com/autosusados/cardetail.cfm?c=36911197&Honda.CIVIC.1995",
  "año": "1995",
  "precioCRC": "1000000",
  "marca": "HONDA",
  "modelo": "CIVIC"
}