{
  "Cilindrada": "2000",
  "Estilo": "Station Wagon",
  "Combustible": "Gasolina",
  "Transmisión": "Manual",
  "Estado": "Muy Bueno",
  "Kilometraje": "135903",
  "Placa": "Termina en 7",
  "Color exterior": "BLANCO",
  "Color interior": "GRIS",
  "# de puertas": "4",
  "Ya pagó impuestos": "SI",
  "Precio negociable": "SI",
  "Se recibe vehículo": "NO",
  "Provincia": "San José",
  "Fecha de ingreso": "06 de Setiembre del 2020",
  "visto": "439",
  "detalles": "version japonesa  en muy buen estado  es para siete pasajeros",
  "img": "https://crautos.com/clasificados/usados/14286373-1.jpg",
  "url": "https://crautos.com/autosusados/cardetail.cfm?c=14286373&Nissan.PRAIRIE.1992",
  "año": "1992",
  "precioCRC": "1500000",
  "marca": "NISSAN",
  "modelo": "PRAIRIE"
}