{
  "Cilindrada": "1300",
  "Estilo": "Hatchback",
  "Combustible": "Gasolina",
  "Transmisión": "Automática/Dual",
  "Estado": "Muy Bueno",
  "Kilometraje": "ND",
  "Placa": "Termina en 7",
  "Color exterior": "TURQUEZA",
  "Color interior": "GRIS",
  "# de puertas": "3",
  "Ya pagó impuestos": "SI",
  "Precio negociable": "NO",
  "Se recibe vehículo": "NO",
  "Provincia": "Cartago",
  "Fecha de ingreso": "26 de Agosto del 2020",
  "visto": "588",
  "detalles": "se vende en buen estado batería nueva llantas nuevas. RTV hasta el proximo año.",
  "img": "https://crautos.com/rimages/nopiclg.jpg",
  "url": "https://crautos.com/autosusados/cardetail.cfm?c=75647961&Geo.METRO.1997",
  "año": "1997",
  "precioCRC": "1100000",
  "marca": "GEO",
  "modelo": "METRO"
}