{
  "Cilindrada": "1800",
  "Estilo": "Hatchback",
  "Combustible": "Gasolina",
  "Transmisión": "Manual",
  "Estado": "Muy Bueno",
  "Kilometraje": "185000",
  "Placa": "Termina en 8",
  "Color exterior": "AZUL OSCURO",
  "Color interior": "NEGRO",
  "# de puertas": "5",
  "Ya pagó impuestos": "SI",
  "Precio negociable": "SI",
  "Se recibe vehículo": "NO",
  "Provincia": "San José",
  "Fecha de ingreso": "07 de Agosto del 2020",
  "visto": "1073",
  "detalles": "Vehiculo economico, tapiceria nueva y Pintura Nueva. Firma Inmediata escucho ofertas, urge vender",
  "img": "https://crautos.com/clasificados/usados/96784032-1.jpg",
  "url": "https://crautos.com/autosusados/cardetail.cfm?c=96784032&Volkswagen.GOL%20.2003",
  "año": "2003",
  "precioCRC": "1800000",
  "marca": "VOLKSWAGEN",
  "modelo": "GOL"
}