{
  "Cilindrada": "1500",
  "Estilo": "Hatchback",
  "Combustible": "Gasolina",
  "Transmisión": "Automática/Dual",
  "Estado": "Muy Bueno",
  "Kilometraje": "217435",
  "Placa": "Termina en 2",
  "Color exterior": "AZUL",
  "Color interior": "GRIS",
  "# de puertas": "4",
  "Ya pagó impuestos": "SI",
  "Precio negociable": "SI",
  "Se recibe vehículo": "NO",
  "Provincia": "Alajuela",
  "Fecha de ingreso": "16 de Setiembre del 2020",
  "visto": "469",
  "detalles": "Buen estado radio usb",
  "img": "https://crautos.com/clasificados/usados/28580536-1.jpg",
  "url": "https://crautos.com/autosusados/cardetail.cfm?c=28580536&Honda.CIVIC.1994",
  "año": "1994",
  "precioCRC": "1550000",
  "marca": "HONDA",
  "modelo": "CIVIC"
}