{
  "Cilindrada": "1500",
  "Estilo": "Sedán",
  "Combustible": "Gasolina",
  "Transmisión": "Manual",
  "Estado": "Muy Bueno",
  "Kilometraje": "187700",
  "Placa": "Termina en 3",
  "Color exterior": "GRIS",
  "Color interior": "GRIS",
  "# de puertas": "4",
  "Ya pagó impuestos": "SI",
  "Precio negociable": "SI",
  "Se recibe vehículo": "NO",
  "Provincia": "Heredia",
  "Fecha de ingreso": "31 de Agosto del 2020",
  "visto": "1222",
  "img": "https://crautos.com/clasificados/usados/98328622-1.jpg",
  "url": "https://crautos.com/autosusados/cardetail.cfm?c=98328622&Hyundai.ACCENT.2000",
  "año": "2000",
  "precioCRC": "1650000",
  "marca": "HYUNDAI",
  "modelo": "ACCENT"
}