{
  "Cilindrada": "1600",
  "Estilo": "Hatchback",
  "Combustible": "Gasolina",
  "Transmisión": "Manual",
  "Estado": "Muy Bueno",
  "Kilometraje": "168000",
  "Placa": "Termina en 1",
  "Color exterior": "DORADO",
  "Color interior": "GRIS",
  "# de puertas": "5",
  "Ya pagó impuestos": "SI",
  "Precio negociable": "SI",
  "Se recibe vehículo": "NO",
  "Provincia": "San José",
  "Fecha de ingreso": "25 de Setiembre del 2020",
  "visto": "300",
  "detalles": "LLANTAS CATALIZADOR Y BATERIA NUEVOS. MECANICAMENTE MUY BUENO  - DETALLES DE PINTURA",
  "img": "https://crautos.com/clasificados/usados/95157864-1.jpg",
  "url": "https://crautos.com/autosusados/cardetail.cfm?c=95157864&Fiat.PALIO.2004",
  "año": "2004",
  "precioCRC": "1650000",
  "marca": "FIAT",
  "modelo": "PALIO"
}