{
  "Cilindrada": "2500",
  "Estilo": "Microbús/Minivan",
  "Combustible": "Diesel",
  "Transmisión": "Manual",
  "Estado": "Bueno",
  "Kilometraje": "220000",
  "Placa": "Termina en 5",
  "Color exterior": "AZUL",
  "Color interior": "AZUL",
  "# de puertas": "3",
  "Ya pagó impuestos": "SI",
  "Precio negociable": "SI",
  "Se recibe vehículo": "NO",
  "Provincia": "Limón",
  "Fecha de ingreso": "27 de Agosto del 2020",
  "visto": "1524",
  "img": "https://crautos.com/clasificados/usados/99140272-1.jpg",
  "url": "https://crautos.com/autosusados/cardetail.cfm?c=99140272&Hyundai.GRACE%20GRAND%20SALOON%20.1996",
  "año": "1996",
  "precioCRC": "1600000",
  "marca": "HYUNDAI",
  "modelo": "GRACE GRAND SALOON"
}