{
  "Cilindrada": "2000",
  "Estilo": "Microbús/Minivan",
  "Combustible": "Gasolina",
  "Transmisión": "Manual",
  "Estado": "Excelente",
  "Kilometraje": "75000",
  "Placa": "Termina en 2",
  "Color exterior": "BLANCO",
  "Color interior": "VINO",
  "# de puertas": "5",
  "Ya pagó impuestos": "SI",
  "Precio negociable": "NO",
  "Se recibe vehículo": "NO",
  "Provincia": "San José",
  "Fecha de ingreso": "01 de Octubre del 2020",
  "visto": "18",
  "detalles": "solo efectivo no negocios tiene Dirección frenos catalizador carburador nuevos",
  "img": "https://crautos.com/rimages/nopiclg.jpg",
  "url": "https://crautos.com/autosusados/cardetail.cfm?c=49912380&Dodge/RAM.COLT.1986",
  "año": "1986",
  "precioCRC": "1050000",
  "marca": "DODGE/RAM",
  "modelo": "COLT"
}