{
  "Cilindrada": "1500",
  "Estilo": "Todo Terreno 4x2",
  "Combustible": "Gasolina",
  "Transmisión": "Manual",
  "Estado": "Muy Bueno",
  "Kilometraje": "ND",
  "Placa": "Termina en 1",
  "Color exterior": "ROJO",
  "Color interior": "ROJO",
  "# de puertas": "4",
  "Ya pagó impuestos": "SI",
  "Precio negociable": "SI",
  "Se recibe vehículo": "NO",
  "Provincia": "Cartago",
  "Fecha de ingreso": "15 de Setiembre del 2020",
  "visto": "937",
  "img": "https://crautos.com/clasificados/usados/49683138-1.jpg",
  "url": "https://crautos.com/autosusados/cardetail.cfm?c=49683138&Datsun.1500.1976",
  "año": "1976",
  "precioCRC": "1200000",
  "marca": "DATSUN",
  "modelo": "1500"
}