{
  "Cilindrada": "800",
  "Estilo": "Hatchback",
  "Combustible": "Gasolina",
  "Transmisión": "Manual",
  "Estado": "Muy Bueno",
  "Kilometraje": "250000",
  "Placa": "Termina en 9",
  "Color exterior": "GRIS",
  "Color interior": "GRIS",
  "# de puertas": "5",
  "Ya pagó impuestos": "SI",
  "Precio negociable": "SI",
  "Se recibe vehículo": "NO",
  "Provincia": "San José",
  "Fecha de ingreso": "15 de Setiembre del 2020",
  "visto": "442",
  "detalles": "Se da en ese precio con traspaso recién paso rtv en muy buen estado económico",
  "img": "https://crautos.com/clasificados/usados/48366889-1.jpg",
  "url": "https://crautos.com/autosusados/cardetail.cfm?c=48366889&Hyundai.ATOZ%20VENTURE.1997",
  "año": "1997",
  "precioCRC": "1300000",
  "marca": "HYUNDAI",
  "modelo": "ATOZ VENTURE"
}