{
  "Cilindrada": "1600",
  "Estilo": "Sedán",
  "Combustible": "Gasolina",
  "Transmisión": "Manual",
  "Estado": "Muy Bueno",
  "Kilometraje": "312000",
  "Placa": "Termina en 7",
  "Color exterior": "BLANCO",
  "Color interior": "NEGRO",
  "# de puertas": "4",
  "Ya pagó impuestos": "SI",
  "Precio negociable": "SI",
  "Se recibe vehículo": "NO",
  "Provincia": "Limón",
  "Fecha de ingreso": "19 de Agosto del 2020",
  "visto": "637",
  "detalles": "EXCELENTE ESTADO MECÁNICO DETALLES EN PINTURA",
  "img": "https://crautos.com/clasificados/usados/87034715-1.jpg",
  "url": "https://crautos.com/autosusados/cardetail.cfm?c=87034715&Geo.PRIZM.1995",
  "año": "1995",
  "precioCRC": "1650000",
  "marca": "GEO",
  "modelo": "PRIZM"
}