{
  "Cilindrada": "1600",
  "Estilo": "Sedán",
  "Combustible": "Gasolina",
  "Transmisión": "Manual",
  "Estado": "Excelente",
  "Kilometraje": "182000",
  "Placa": "Termina en 4",
  "Color exterior": "VERDE",
  "Color interior": "BEIGE-NEGRO",
  "# de puertas": "4",
  "Ya pagó impuestos": "SI",
  "Precio negociable": "SI",
  "Se recibe vehículo": "NO",
  "Provincia": "San José",
  "Fecha de ingreso": "29 de Setiembre del 2020",
  "visto": "168",
  "detalles": "Excelente carro RTV  reciente ffull xtras aros de lujo, luces bi-xenon - Halogenos Led",
  "img": "https://crautos.com/clasificados/usados/43045489-1.jpg",
  "url": "https://crautos.com/autosusados/cardetail.cfm?c=43045489&Honda.CIVIC%20LX.1997",
  "año": "1997",
  "precioCRC": "1625000",
  "marca": "HONDA",
  "modelo": "CIVIC LX"
}