{
  "Cilindrada": "1500",
  "Estilo": "Sedán",
  "Combustible": "Gasolina",
  "Transmisión": "Manual",
  "Estado": "Bueno",
  "Kilometraje": "127000",
  "Placa": "Termina en 0",
  "Color exterior": "BLANCO",
  "Color interior": "GRIS",
  "# de puertas": "4",
  "Ya pagó impuestos": "SI",
  "Precio negociable": "SI",
  "Se recibe vehículo": "NO",
  "Provincia": "San José",
  "Fecha de ingreso": "16 de Setiembre del 2020",
  "visto": "286",
  "detalles": "Detalles de pintura excelente motor cambio por un doble tracción prpreferentemente de diésel",
  "img": "https://crautos.com/clasificados/usados/60480956-1.jpg",
  "url": "https://crautos.com/autosusados/cardetail.cfm?c=60480956&Mitsubishi.MIRAGE%20.1998",
  "año": "1998",
  "precioCRC": "1700000",
  "marca": "MITSUBISHI",
  "modelo": "MIRAGE"
}