{
  "Cilindrada": "1500",
  "Estilo": "Sedán",
  "Combustible": "Gasolina",
  "Transmisión": "Manual",
  "Estado": "Muy Bueno",
  "Kilometraje": "999999",
  "Placa": "Termina en 2",
  "Color exterior": "BLANCO",
  "Color interior": "NEGRO",
  "# de puertas": "3",
  "Ya pagó impuestos": "SI",
  "Precio negociable": "NO",
  "Se recibe vehículo": "NO",
  "Provincia": "Heredia",
  "Fecha de ingreso": "14 de Agosto del 2020",
  "visto": "945",
  "detalles": "Muy buen estado y mantenimiento Hoja RTV en blanco  TRASPASO INCLUIDO caja cuarta volante mecánico",
  "img": "https://crautos.com/clasificados/usados/68988255-1.jpg",
  "url": "https://crautos.com/autosusados/cardetail.cfm?c=68988255&Toyota.TERCEL.1994",
  "año": "1994",
  "precioCRC": "1300000",
  "marca": "TOYOTA",
  "modelo": "TERCEL"
}