{
  "Cilindrada": "1300",
  "Estilo": "Hatchback",
  "Combustible": "Gasolina",
  "Transmisión": "Manual",
  "Estado": "Regular",
  "Kilometraje": "300325",
  "Placa": "ND",
  "Color exterior": "AZUL",
  "Color interior": "GRIS",
  "# de puertas": "4",
  "Ya pagó impuestos": "SI",
  "Precio negociable": "SI",
  "Se recibe vehículo": "NO",
  "Provincia": "Cartago",
  "Fecha de ingreso": "04 de Setiembre del 2020",
  "visto": "515",
  "detalles": "ESTADO REGULAR TIENE RTV Y CAMINA BIEN PROBLEMA EN SALIDA Y EN CUESTAS MUY LENTO-IDEAL REPUESTOS",
  "img": "https://crautos.com/rimages/nopiclg.jpg",
  "url": "https://crautos.com/autosusados/cardetail.cfm?c=85813835&Daihatsu.SIRION.2002",
  "año": "2002",
  "precioCRC": "1100000",
  "marca": "DAIHATSU",
  "modelo": "SIRION"
}