{
  "Cilindrada": "1600",
  "Estilo": "Sedán",
  "Combustible": "Gasolina",
  "Transmisión": "Manual",
  "Estado": "Excelente",
  "Kilometraje": "100000",
  "Placa": "Termina en 4",
  "Color exterior": "BEIGE",
  "Color interior": "Gris",
  "# de puertas": "4",
  "Ya pagó impuestos": "SI",
  "Precio negociable": "SI",
  "Se recibe vehículo": "SI",
  "Provincia": "Cartago",
  "Fecha de ingreso": "21 de Agosto del 2020",
  "visto": "1476",
  "detalles": "El carro está muy bien de todo recibo moto zs oh nano al día oh que deba poco",
  "img": "https://crautos.com/clasificados/usados/67357383-1.jpg",
  "url": "https://crautos.com/autosusados/cardetail.cfm?c=67357383&Kia.RIO.2001",
  "año": "2001",
  "precioCRC": "1550000",
  "marca": "KIA",
  "modelo": "RIO"
}