{
  "Cilindrada": "1600",
  "Estilo": "Microbús/Minivan",
  "Combustible": "Diesel",
  "Transmisión": "Manual",
  "Estado": "Regular",
  "Kilometraje": "160000",
  "Placa": "ND",
  "Color exterior": "GRIS",
  "Color interior": "NEGRO",
  "# de puertas": "4",
  "Ya pagó impuestos": "SI",
  "Precio negociable": "SI",
  "Se recibe vehículo": "NO",
  "Provincia": "Puntarenas",
  "Fecha de ingreso": "10 de Setiembre del 2020",
  "visto": "2310",
  "detalles": "debe medio millón para ponerlo al día motor turbo diésel en perfecto estado.",
  "img": "https://crautos.com/clasificados/usados/56623649-1.jpg",
  "url": "https://crautos.com/autosusados/cardetail.cfm?c=56623649&Hyundai.STAREX.2002",
  "año": "2002",
  "precioCRC": "1200000",
  "marca": "HYUNDAI",
  "modelo": "STAREX"
}