{
  "Cilindrada": "1500",
  "Estilo": "Sedán",
  "Combustible": "Gasolina",
  "Transmisión": "Automática/Dual",
  "Estado": "Excelente",
  "Kilometraje": "85000",
  "Placa": "Termina en 5",
  "Color exterior": "VERDE",
  "Color interior": "GRIS",
  "# de puertas": "4",
  "Ya pagó impuestos": "SI",
  "Precio negociable": "SI",
  "Se recibe vehículo": "NO",
  "Provincia": "San José",
  "Fecha de ingreso": "08 de Setiembre del 2020",
  "visto": "1401",
  "detalles": "Exelente carrito",
  "img": "https://crautos.com/clasificados/usados/77310641-1.jpg",
  "url": "https://crautos.com/autosusados/cardetail.cfm?c=77310641&Toyota.TERCEL%20.1997",
  "año": "1997",
  "precioCRC": "1650000",
  "marca": "TOYOTA",
  "modelo": "TERCEL"
}