{
  "Cilindrada": "1500",
  "Estilo": "Sedán",
  "Combustible": "Gasolina",
  "Transmisión": "Manual",
  "Estado": "Excelente",
  "Kilometraje": "200000",
  "Placa": "ND",
  "Color exterior": "NEGRO",
  "Color interior": "GRIS",
  "# de puertas": "4",
  "Ya pagó impuestos": "SI",
  "Precio negociable": "SI",
  "Se recibe vehículo": "NO",
  "Provincia": "San José",
  "Fecha de ingreso": "29 de Setiembre del 2020",
  "visto": "135",
  "detalles": "Precio Negociable! Mecánicamente Excelente estado y Recién Pintado",
  "img": "https://crautos.com/clasificados/usados/58030177-1.jpg",
  "url": "https://crautos.com/autosusados/cardetail.cfm?c=58030177&Hyundai.ACCENT%20.1998",
  "año": "1998",
  "precioCRC": "1400000",
  "marca": "HYUNDAI",
  "modelo": "ACCENT"
}