{
  "Cilindrada": "1500",
  "Estilo": "Sedán",
  "Combustible": "Gasolina",
  "Transmisión": "Manual",
  "Estado": "Excelente",
  "Kilometraje": "100000",
  "Placa": "Termina en 3",
  "Color exterior": "VERDE",
  "Color interior": "CAFE",
  "# de puertas": "3",
  "Ya pagó impuestos": "SI",
  "Precio negociable": "SI",
  "Se recibe vehículo": "NO",
  "Provincia": "Heredia",
  "Fecha de ingreso": "10 de Agosto del 2020",
  "visto": "1693",
  "detalles": "Se vende escucho ofertas",
  "img": "https://crautos.com/clasificados/usados/72566430-1.jpg",
  "url": "https://crautos.com/autosusados/cardetail.cfm?c=72566430&Hyundai.ACCENT%20.1997",
  "año": "1997",
  "precioCRC": "1200000",
  "marca": "HYUNDAI",
  "modelo": "ACCENT"
}