{
  "Cilindrada": "1600",
  "Estilo": "Sedán",
  "Combustible": "Gasolina",
  "Transmisión": "Manual",
  "Estado": "Bueno",
  "Kilometraje": "270000",
  "Placa": "Termina en 6",
  "Color exterior": "AZUL",
  "Color interior": "NEGRO",
  "# de puertas": "4",
  "Ya pagó impuestos": "SI",
  "Precio negociable": "SI",
  "Se recibe vehículo": "NO",
  "Provincia": "Cartago",
  "Fecha de ingreso": "24 de Agosto del 2020",
  "visto": "1495",
  "detalles": "Necesita cambio de cuerpo de aceleración el resto le funciona perfectamente",
  "img": "https://crautos.com/clasificados/usados/61585066-1.jpg",
  "url": "https://crautos.com/autosusados/cardetail.cfm?c=61585066&Fiat.SIENA%20ELX%20.2003",
  "año": "2003",
  "precioCRC": "1200000",
  "marca": "FIAT",
  "modelo": "SIENA ELX"
}