{
  "Cilindrada": "1500",
  "Estilo": "Sedán",
  "Combustible": "Gasolina",
  "Transmisión": "Manual",
  "Estado": "Excelente",
  "Kilometraje": "350000",
  "Placa": "Termina en 8",
  "Color exterior": "NEGRO",
  "Color interior": "NEGRO",
  "# de puertas": "2",
  "Ya pagó impuestos": "SI",
  "Precio negociable": "NO",
  "Se recibe vehículo": "NO",
  "Provincia": "San José",
  "Fecha de ingreso": "02 de Setiembre del 2020",
  "visto": "576",
  "detalles": "Excelente estado Aros de lujo quinces llantas nuevas fajas discos y tambores y radiador nuevos",
  "img": "https://crautos.com/clasificados/usados/26974583-1.jpg",
  "url": "https://crautos.com/autosusados/cardetail.cfm?c=26974583&Hyundai.ACCENT.1999",
  "año": "1999",
  "precioCRC": "1500000",
  "marca": "HYUNDAI",
  "modelo": "ACCENT"
}