{
  "Cilindrada": "1500",
  "Estilo": "Sedán",
  "Combustible": "Gasolina",
  "Transmisión": "Manual",
  "Estado": "Excelente",
  "Kilometraje": "111",
  "Placa": "ND",
  "Color exterior": "CELESTE",
  "Color interior": "GRIS",
  "# de puertas": "2",
  "Ya pagó impuestos": "SI",
  "Precio negociable": "SI",
  "Se recibe vehículo": "NO",
  "Provincia": "Heredia",
  "Fecha de ingreso": "17 de Setiembre del 2020",
  "visto": "484",
  "detalles": "Todo al día dirección mecánica  aaire acondicionado",
  "img": "https://crautos.com/rimages/nopiclg.jpg",
  "url": "https://crautos.com/autosusados/cardetail.cfm?c=96568099&Toyota.TERCEL.1993",
  "año": "1993",
  "precioCRC": "1200000",
  "marca": "TOYOTA",
  "modelo": "TERCEL"
}