{
  "Cilindrada": "1500",
  "Estilo": "Sedán",
  "Combustible": "Gasolina",
  "Transmisión": "Manual",
  "Estado": "Bueno",
  "Kilometraje": "269444",
  "Placa": "Termina en 6",
  "Color exterior": "AZUL",
  "Color interior": "GRIS",
  "# de puertas": "2",
  "Ya pagó impuestos": "SI",
  "Precio negociable": "SI",
  "Se recibe vehículo": "NO",
  "Provincia": "San José",
  "Fecha de ingreso": "03 de Setiembre del 2020",
  "visto": "1230",
  "detalles": "Nuevo  llantes bataria alternador y motor reconstruido.",
  "img": "https://crautos.com/clasificados/usados/95464562-1.jpg",
  "url": "https://crautos.com/autosusados/cardetail.cfm?c=95464562&Toyota.TERCEL%20.1994",
  "año": "1994",
  "precioCRC": "1200000",
  "marca": "TOYOTA",
  "modelo": "TERCEL"
}