{
  "Cilindrada": "1500",
  "Estilo": "Sedán",
  "Combustible": "Gasolina",
  "Transmisión": "Manual",
  "Estado": "Muy Bueno",
  "Kilometraje": "143948",
  "Placa": "ND",
  "Color exterior": "VERDE",
  "Color interior": "NEGRO",
  "# de puertas": "2",
  "Ya pagó impuestos": "SI",
  "Precio negociable": "SI",
  "Se recibe vehículo": "NO",
  "Provincia": "San José",
  "Fecha de ingreso": "09 de Setiembre del 2020",
  "visto": "551",
  "img": "https://crautos.com/clasificados/usados/80015962-1.jpg",
  "url": "https://crautos.com/autosusados/cardetail.cfm?c=80015962&Toyota.TERCEL.1994",
  "año": "1994",
  "precioCRC": "1350000",
  "marca": "TOYOTA",
  "modelo": "TERCEL"
}