{
  "Cilindrada": "1500",
  "Estilo": "Sedán",
  "Combustible": "Gasolina",
  "Transmisión": "Manual",
  "Estado": "Regular",
  "Kilometraje": "241000",
  "Placa": "Termina en",
  "Color exterior": "VERDE",
  "Color interior": "BEIGE",
  "# de puertas": "4",
  "Ya pagó impuestos": "SI",
  "Precio negociable": "SI",
  "Se recibe vehículo": "NO",
  "Provincia": "Heredia",
  "Fecha de ingreso": "02 de Setiembre del 2020",
  "visto": "462",
  "detalles": "Para reparar",
  "img": "https://crautos.com/rimages/nopiclg.jpg",
  "url": "https://crautos.com/autosusados/cardetail.cfm?c=38448732&Mazda.PROTEGE%20.1995",
  "año": "1995",
  "precioCRC": "700000",
  "marca": "MAZDA",
  "modelo": "PROTEGE"
}