{
  "Cilindrada": "1800",
  "Estilo": "Sedán",
  "Combustible": "Gasolina",
  "Transmisión": "Manual",
  "Estado": "Bueno",
  "Kilometraje": "ND",
  "Placa": "Termina en 3",
  "Color exterior": "ROJO",
  "Color interior": "GRIS",
  "# de puertas": "4",
  "Ya pagó impuestos": "SI",
  "Precio negociable": "SI",
  "Se recibe vehículo": "NO",
  "Provincia": "Alajuela",
  "Fecha de ingreso": "23 de Setiembre del 2020",
  "visto": "139",
  "img": "https://crautos.com/clasificados/usados/82146118-1.jpg",
  "url": "https://crautos.com/autosusados/cardetail.cfm?c=82146118&Hyundai.ELANTRA%20.1996",
  "año": "1996",
  "precioCRC": "1250000",
  "marca": "HYUNDAI",
  "modelo": "ELANTRA"
}