{
  "Cilindrada": "1400",
  "Estilo": "Sedán",
  "Combustible": "Gasolina",
  "Transmisión": "Manual",
  "Estado": "Excelente",
  "Kilometraje": "126500",
  "Placa": "Termina en 8",
  "Color exterior": "VERDE",
  "Color interior": "GRIS",
  "# de puertas": "5",
  "Ya pagó impuestos": "SI",
  "Precio negociable": "SI",
  "Se recibe vehículo": "NO",
  "Provincia": "Cartago",
  "Fecha de ingreso": "13 de Agosto del 2020",
  "visto": "684",
  "detalles": "Al dia rtv barato recivo moto oh carto menor valor",
  "img": "https://crautos.com/rimages/nopiclg.jpg",
  "url": "https://crautos.com/autosusados/cardetail.cfm?c=76488755&Renault.CLIO.2002",
  "año": "2002",
  "precioCRC": "1200000",
  "marca": "RENAULT",
  "modelo": "CLIO"
}